toi,tid,tfopwg_disp,pl_orbper,pl_orbpererr1,pl_orbpererr2,pl_orbperlim
1000.01,50365310,FP,2.1713484,0.0002637,-0.0002637,0
1001.01,88863718,PC,1.9316462,0.0000053,-0.0000053,0
1002.01,124709665,FP,1.8675574,0.0000030,-0.0000030,0
1003.01,106997505,FP,2.7432300,0.0010800,-0.0010800,0
1004.01,238597883,FP,3.5730141,0.0000128,-0.0000128,0
1005.01,169904935,FP,4.5505945,0.0000031,-0.0000031,0
1006.01,156115721,FP,2.5047918,0.0004076,-0.0004076,0
1007.01,65212867,PC,6.9989206,0.0000137,-0.0000137,0
1008.01,440801822,FP,2.0483755,0.0000055,-0.0000055,0
1009.01,107782586,PC,1.9600277,0.0000025,-0.0000025,0
101.01,231663901,KP,1.4303699,0.0000008,-0.0000008,0
1010.01,139853601,FP,0.6808702,0.0000390,-0.0000390,0
1011.01,114018671,PC,2.4704981,0.0000073,-0.0000073,0
1012.01,427508467,APC,0.8841820,0.0000007,-0.0000007,0
1013.01,97700520,FP,5.4255548,0.0002073,-0.0002073,0
1014.01,96246348,FP,1.4095184,0.0000023,-0.0000023,0
1015.01,155044736,FP,1.3730466,0.0000067,-0.0000067,0
1016.01,175310067,FP,12.6889415,0.0095088,-0.0095088,0
1017.01,182943944,FP,1.1042200,0.0001300,-0.0001300,0
1018.01,291555748,FP,4.9591200,0.0001600,-0.0001600,0
1019.01,341420329,PC,5.2341008,0.0000012,-0.0000012,0
102.01,149603524,KP,4.4119378,0.0000008,-0.0000008,0
1020.01,140706664,FP,3.2889200,0.0006600,-0.0006600,0
1021.01,143994283,FP,1.9087900,0.0003500,-0.0003500,0
1022.01,47384844,FA,3.0957400,0.0067700,-0.0067700,0
1023.01,238374636,FP,1.3214483,0.0000231,-0.0000231,0
1024.01,141482386,FP,18.0157000,0.0001500,-0.0001500,0
1025.01,297967252,FP,9.6837908,0.0000013,-0.0000013,0
1026.01,388624270,FP,14.2628757,0.0000385,-0.0000385,0
1027.01,20318757,PC,3.2834565,0.0000046,-0.0000046,0
1027.02,20318757,PC,11.0287500,0.0000354,-0.0000354,0
1027.03,20318757,PC,5.0113292,0.0000120,-0.0000120,0
1028.01,447283466,FP,1.0160600,0.0003400,-0.0003400,0
1029.01,374908020,FP,36.2221400,0.0004600,-0.0004600,0
103.01,336732616,KP,3.5478540,0.0001490,-0.0001490,0
1030.01,464296022,FP,12.1246519,0.0000103,-0.0000103,0
1031.01,304021498,FP,5.6526230,0.0000254,-0.0000254,0
1032.01,146589986,PC,5.6643704,0.0000109,-0.0000109,0
1033.01,149601557,FP,29.0161646,0.0000476,-0.0000476,0
1034.01,400595342,FP,3.6404389,0.0000082,-0.0000082,0
1035.01,361413119,PC,6.0744477,0.0000059,-0.0000059,0
1036.01,146172354,PC,3.7795212,0.0000040,-0.0000040,0
1037.01,363260203,FP,1.2025238,0.0000067,-0.0000067,0
1038.01,90544017,FP,3.2235985,0.0000138,-0.0000138,0
1039.01,461867584,APC,4.4201250,0.0000085,-0.0000085,0
104.01,231670397,KP,4.0872956,0.0000023,-0.0000023,0
1040.01,310483807,FP,2.5555500,0.0004500,-0.0004500,0
1041.01,385624852,FP,8.3079200,0.0003700,-0.0003700,0
1042.01,360286627,FP,0.7580820,0.0000073,-0.0000073,0
1043.01,90448944,FP,1.4415577,0.0000074,-0.0000074,0
1044.01,463402815,PC,1.0085089,0.0000009,-0.0000009,0
1045.01,54044474,FP,3.7039994,0.0000037,-0.0000037,0
1046.01,309787037,FP,1.3042553,0.0000020,-0.0000020,0
1047.01,370745311,FP,0.6262700,0.0000200,-0.0000200,0
1048.01,384549882,FP,0.3041200,0.0000100,-0.0000100,0
1049.01,16288184,KP,2.1805277,0.0000027,-0.0000027,0
105.01,144065872,KP,2.1846669,0.0000005,-0.0000005,0
1050.01,66818296,KP,3.7354838,0.0000021,-0.0000021,0
1051.01,259863352,FA,21.7016690,0.0095323,-0.0095323,0
1052.01,317060587,CP,9.1398040,0.0001109,-0.0001109,0
1053.01,112395568,FP,5.7426250,0.0006210,-0.0006210,0
1054.01,366989877,CP,15.5077855,0.0002372,-0.0002372,0
1055.01,320004517,CP,17.4713078,0.0000176,-0.0000176,0
1056.01,421894914,PC,5.3079507,0.0000191,-0.0000191,0
1057.01,323132914,PC,51.1701501,0.0001962,-0.0001962,0
1058.01,31553893,PC,11.1296441,0.0000603,-0.0000603,0
1059.01,380783252,PC,9.4496506,0.0000028,-0.0000028,0
106.01,38846515,KP,2.8493825,0.0000003,-0.0000003,0
1060.01,101230735,APC,2.0685633,0.0000040,-0.0000040,0
1061.01,253990973,FP,0.5409330,0.0001070,-0.0001070,0
1062.01,299799658,CP,4.1150576,0.0000056,-0.0000056,0
1063.01,406976746,PC,10.0665238,0.0000237,-0.0000237,0
1064.01,79748331,CP,6.4438657,0.0000165,-0.0000165,0
1064.02,79748331,CP,12.2265595,0.0000269,-0.0000269,0
1065.01,7088246,KP,2.1603440,0.0002760,-0.0002760,0
1066.01,201604954,KP,4.6061840,0.0003920,-0.0003920,0
1067.01,201642601,KP,3.1316735,0.0000033,-0.0000033,0
1068.01,6663331,KP,3.1803620,0.0002470,-0.0002470,0
1069.01,31858843,KP,2.9776446,0.0000008,-0.0000008,0
107.01,92352620,KP,3.9502008,0.0000026,-0.0000026,0
1070.01,31858844,FP,2.9776152,0.0000978,-0.0000978,0
1071.01,120247528,KP,3.5544026,0.0000020,-0.0000020,0
1072.01,140830390,FP,12.8379689,0.0031236,-0.0031236,0
1073.01,158297421,CP,3.9228016,0.0000122,-0.0000122,0
1074.01,327301957,PC,13.9428705,0.0000585,-0.0000585,0
1075.01,351601843,CP,0.6047392,0.0000056,-0.0000056,0
1076.01,360742636,KP,2.5495611,0.0000007,-0.0000007,0
1077.01,369960846,PC,1.6062693,0.0000010,-0.0000010,0
1078.01,370133522,CP,0.5182425,0.0000042,-0.0000042,0
1079.01,379240073,PC,3.1644075,0.0000122,-0.0000122,0
108.01,289793076,KP,3.0440541,0.0000043,-0.0000043,0
1080.01,161032923,PC,3.9652485,0.0000122,-0.0000122,0
1081.01,253728991,PC,2.9827800,0.0004420,-0.0004420,0
1082.01,261108236,PC,16.3469053,0.0000504,-0.0000504,0
1083.01,322270620,PC,12.9802953,0.0000343,-0.0000343,0
1084.01,380589029,KP,1.3484961,0.0000006,-0.0000006,0
1085.01,381979901,APC,3.2541181,0.0000008,-0.0000008,0
1086.01,468148930,PC,3.7178828,0.0000041,-0.0000041,0
1087.01,426077080,FP,9.3099200,0.0020900,-0.0020900,0
1088.01,343648136,FA,1.1539500,0.0001700,-0.0001700,0
1089.01,129319156,FP,4.7370300,0.0045300,-0.0045300,0
109.01,29344935,KP,2.7667600,0.0000025,-0.0000025,0
1090.01,361034196,FP,2.1929600,0.0003000,-0.0003000,0
1091.01,193413306,PC,1.7258410,0.0000165,-0.0000165,0
1092.01,387079085,FP,1.1923000,0.0000300,-0.0000300,0
1093.01,382331352,FP,11.4760600,0.0016200,-0.0016200,0
1094.01,136274063,APC,0.5971314,0.0000014,-0.0000014,0
1095.01,375223080,PC,1.4821386,0.0000014,-0.0000014,0
1096.01,375225453,FP,0.9209526,0.0001855,-0.0001855,0
1097.01,360630575,CP,9.1885060,0.0000288,-0.0000288,0
1097.02,360630575,CP,13.9028391,0.0013871,-0.0013871,0
1098.01,383390264,CP,10.1826983,0.0000129,-0.0000129,0
1099.01,290348383,CP,6.4410060,0.0000060,-0.0000060,0
110.01,281459670,KP,3.1743504,0.0000017,-0.0000017,0
1100.01,318608749,FP,20.0731588,0.0000861,-0.0000861,0
1101.01,271581073,FP,2.6690300,0.0000100,-0.0000100,0
1102.01,311890977,FP,6.6337100,0.0005900,-0.0005900,0
1103.01,351603103,PC,2.9430800,0.0000100,-0.0000100,0
1104.01,451599528,FP,341.2791676,0.0006751,-0.0006751,0
1105.01,274151135,PC,10.8680523,0.0000380,-0.0000380,0
1106.01,384513078,PC,11.1149000,0.0029500,-0.0029500,0
1107.01,394561119,CP,4.0782392,0.0000017,-0.0000017,0
1108.01,295599256,FP,7.1438600,0.0005400,-0.0005400,0
1109.01,50309953,FP,7.0408300,0.0000300,-0.0000300,0
111.01,355703913,KP,2.1061569,0.0000026,-0.0000026,0
1110.01,446549905,FP,2.4545635,0.0000010,-0.0000010,0
1111.01,412014494,FP,11.4756978,0.0000885,-0.0000885,0
1112.01,369864738,FP,2.7818600,0.0005000,-0.0005000,0
1113.01,290348382,FP,6.4410082,0.0000066,-0.0000066,0
1114.01,409934330,APC,2.4887726,0.0000014,-0.0000014,0
1115.01,379286801,APC,4.4519900,0.0003500,-0.0003500,0
1116.01,304100538,PC,5.0100708,0.0000135,-0.0000135,0
1117.01,295541511,PC,2.2281625,0.0000151,-0.0000151,0
1118.01,90919952,FP,4.1381200,0.0003600,-0.0003600,0
1119.01,261369656,APC,10.9566300,0.0020300,-0.0020300,0
112.01,388104525,KP,2.4997996,0.0000004,-0.0000004,0
1120.01,143257766,FP,1.6622600,,,0
1121.01,24094603,FP,4.0761100,0.0020000,-0.0020000,0
1122.01,304774444,FP,3.6245513,0.0000118,-0.0000118,0
1123.01,469782185,APC,1.2092800,0.0000200,-0.0000200,0
1124.01,128790976,APC,3.5187707,0.0000094,-0.0000094,0
1125.01,80166433,PC,0.7724825,0.0000068,-0.0000068,0
1126.01,405862830,FP,1.6268695,0.0000046,-0.0000046,0
1127.01,269450900,FP,2.3243900,0.0002100,-0.0002100,0
1128.01,425721385,FP,13.5499000,0.0056400,-0.0056400,0
1129.01,91576611,FP,4.4365100,0.0010100,-0.0010100,0
113.01,97409519,KP,3.3728770,0.0001470,-0.0001470,0
1130.01,254113311,CP,8.3499800,0.0000100,-0.0000100,0
1130.02,254113311,CP,4.0686405,0.0002958,-0.0002958,0
1131.01,198213332,PC,0.5860366,0.0000049,-0.0000049,0
1132.01,267489265,FP,1.5502952,0.0000046,-0.0000046,0
1133.01,69997672,FP,1.8070900,0.0012300,-0.0012300,0
1134.01,122220263,FP,18.6922101,0.0001259,-0.0001259,0
1135.01,154872375,CP,8.0277326,0.0000013,-0.0000013,0
1136.01,142276270,CP,12.5187279,0.0000316,-0.0000316,0
1136.02,142276270,CP,6.2586065,0.0000103,-0.0000103,0
1136.03,142276270,CP,26.3208756,0.0001272,-0.0001272,0
1136.04,142276270,CP,18.7955470,0.0001037,-0.0001037,0
1137.01,89389197,PC,1.3206356,0.0001541,-0.0001541,0
1138.01,110428269,FP,0.6497100,0.0001800,-0.0001800,0
1139.01,202563254,PC,4.4780798,0.0000257,-0.0000257,0
114.01,25155310,KP,3.2887898,0.0000003,-0.0000003,0
1140.01,320525204,FP,13.7431084,0.0000018,-0.0000018,0
1141.01,159510109,FP,16.9487087,0.0000006,-0.0000006,0
1142.01,284450803,FP,3.3686634,0.0000219,-0.0000219,0
1143.01,160268701,FP,11.2071839,0.0000286,-0.0000286,0
1144.01,28230919,KP,4.8878037,0.0000009,-0.0000009,0
1145.01,350995812,FP,2.9716400,0.0003400,-0.0003400,0
1146.01,21755546,FP,0.6601790,0.0000415,-0.0000415,0
1147.01,288391628,FP,10.9278415,0.0000602,-0.0000602,0
1148.01,349827430,KP,5.5514888,0.0000027,-0.0000027,0
1149.01,117789567,APC,2.3202418,0.0000614,-0.0000614,0
115.01,281541555,KP,4.7423709,0.0000031,-0.0000031,0
1150.01,16740101,KP,1.4810903,0.0000004,-0.0000004,0
1151.01,69679391,KP,3.4741012,0.0000002,-0.0000002,0
1152.01,237184773,FA,6.5011911,0.0000781,-0.0000781,0
1153.01,154840461,APC,6.0360758,0.0000036,-0.0000036,0
1154.01,459970307,PC,21.7455370,0.0000496,-0.0000496,0
1155.01,161450762,FP,1.3200300,0.0003700,-0.0003700,0
1156.01,117256577,FP,1.6865822,0.0000048,-0.0000048,0
1157.01,147576037,FP,13.0727479,0.0000184,-0.0000184,0
1158.01,379931600,FP,2.9258727,0.0000651,-0.0000651,0
1159.01,48188920,FP,0.7377400,0.0002000,-0.0002000,0
116.01,238176110,KP,2.7985802,0.0000003,-0.0000003,0
1160.01,89510024,FP,2.3664127,0.0000748,-0.0000748,0
1161.01,158324245,KP,1.7635881,0.0000005,-0.0000005,0
1162.01,13419950,PC,7.3166682,0.0000063,-0.0000063,0
1163.01,375542276,PC,3.0771612,0.0000013,-0.0000013,0
1164.01,16102323,FP,3.2077145,0.0000160,-0.0000160,0
1165.01,458478250,KP,2.2552845,0.0000019,-0.0000019,0
1166.01,138361973,FP,1.8824539,0.0000043,-0.0000043,0
1167.01,232967666,FP,15.1960000,,,0
1168.01,41330864,FP,2.1358631,0.0000035,-0.0000035,0
1169.01,302518439,PC,6.7075429,0.0000034,-0.0000034,0
117.01,322307342,KP,3.5862962,0.0001530,-0.0001530,0
1170.01,294176967,FP,1.8296155,0.0000030,-0.0000030,0
1171.01,101929303,FP,11.1876137,0.0000228,-0.0000228,0
1172.01,1717732429,FP,7.8513949,0.0000269,-0.0000269,0
1173.01,232967440,CP,7.0643978,0.0000019,-0.0000019,0
1174.01,154089169,CP,8.9534775,0.0000218,-0.0000218,0
1175.01,30329585,FP,7.5022708,0.0000368,-0.0000368,0
1176.01,230088370,PC,14.0077666,0.0000051,-0.0000051,0
1177.01,169177766,FP,1.6928920,0.0000032,-0.0000032,0
1178.01,359496368,FP,2.6652007,0.0000032,-0.0000032,0
1179.01,148914726,APC,1.2615323,0.0000004,-0.0000004,0
118.01,266980320,CP,6.0344667,0.0000059,-0.0000059,0
1180.01,158002130,CP,9.6867516,0.0000103,-0.0000103,0
1181.01,229510866,CP,2.1031647,0.0000135,-0.0000135,0
1182.01,341544930,FP,7.6416041,0.0000075,-0.0000075,0
1183.01,258777137,FP,5.9294088,0.0000006,-0.0000006,0
1184.01,233087860,CP,5.7484439,0.0000039,-0.0000039,0
1185.01,83210867,FP,1.1967018,0.0000023,-0.0000023,0
1186.01,289539327,FP,11.2464616,0.0000157,-0.0000157,0
1187.01,372757221,PC,2.5941968,0.0000036,-0.0000036,0
1188.01,15247229,FP,8.5112000,0.0013800,-0.0013800,0
1189.01,112026224,PC,3.9687994,0.0000134,-0.0000134,0
119.01,278683844,PC,5.5411114,0.0000046,-0.0000046,0
119.02,278683844,PC,10.6917268,0.0000212,-0.0000212,0
1190.01,287196418,APC,3.6950015,0.0000138,-0.0000138,0
1191.01,237185205,FP,15.7335693,0.0000512,-0.0000512,0
1192.01,158276040,APC,45.9403293,0.0000270,-0.0000270,0
1193.01,89643259,FP,2.2219839,0.0000036,-0.0000036,0
1194.01,147950620,CP,2.3106428,0.0000009,-0.0000009,0
1195.01,24364065,FP,4.0513500,0.0023800,-0.0023800,0
1196.01,69068526,PC,5.5376617,0.0000095,-0.0000095,0
1197.01,92677094,PC,4.5960377,0.0000093,-0.0000093,0
1198.01,203189770,KP,3.6127710,0.0000024,-0.0000024,0
1199.01,99869022,CP,3.6714717,0.0000165,-0.0000165,0
120.01,394137592,CP,11.5350760,0.0010350,-0.0010350,0
1200.01,288185138,FP,0.8352406,0.0000016,-0.0000016,0
1201.01,29960110,CP,2.4919771,0.0000071,-0.0000071,0
1202.01,327017634,FP,,,,0
1203.01,23434737,CP,25.5195307,0.0039688,-0.0039688,0
1204.01,467666275,PC,1.3812115,0.0000080,-0.0000080,0
1205.01,287776397,PC,2.3922703,0.0000256,-0.0000256,0
1206.01,308034948,FP,0.8315420,0.0000390,-0.0000390,0
1207.01,364393429,PC,2.6282553,0.0000111,-0.0000111,0
1208.01,273985865,PC,3.4239436,0.0000100,-0.0000100,0
1208.02,273985865,PC,10.9830420,0.0000298,-0.0000298,0
1208.03,273985865,PC,17.7264490,0.0001095,-0.0001095,0
1209.01,30037565,PC,40.7199388,0.0001273,-0.0001273,0
121.01,207081058,APC,14.7741056,0.0005679,-0.0005679,0
1210.01,33878688,FP,79.3739596,0.0022619,-0.0022619,0
1211.01,50312495,PC,18.1663644,0.0000712,-0.0000712,0
1212.01,389924075,PC,105.5850893,0.0215233,-0.0215233,0
1213.01,399144800,FP,27.2149622,0.0000426,-0.0000426,0
1214.01,451606970,PC,19.1807264,0.0000851,-0.0000851,0
1215.01,453260209,PC,1.2124493,0.0000072,-0.0000072,0
1216.01,141527965,PC,4.5541831,0.0000321,-0.0000321,0
1217.01,248092710,PC,41.4856125,0.0004838,-0.0004838,0
1218.01,294781547,PC,13.7738265,0.0000355,-0.0000355,0
1219.01,294981566,PC,1.9142544,0.0000082,-0.0000082,0
122.01,231702397,CP,5.0780325,0.0000076,-0.0000076,0
1220.01,319259194,APC,70.3607265,0.0000694,-0.0000694,0
1221.01,349095149,CP,91.6827832,0.0006448,-0.0006448,0
1222.01,374997123,PC,10.1944993,0.0000237,-0.0000237,0
1223.01,382437043,FP,14.6431900,0.0000387,-0.0000387,0
1224.01,299798795,CP,4.1782656,0.0000052,-0.0000052,0
1224.02,299798795,CP,17.9453645,0.0000305,-0.0000305,0
1225.01,150428703,PC,13.8963960,0.0000539,-0.0000539,0
1225.02,150428703,PC,8.1213102,0.0000271,-0.0000271,0
1226.01,177115354,PC,3.9287851,0.0000097,-0.0000097,0
1227.01,360156606,CP,27.3613778,0.0001022,-0.0001022,0
1228.01,300038935,CP,29.0497517,0.0001337,-0.0001337,0
1229.01,140760434,APC,31.8132264,0.0000404,-0.0000404,0
123.01,290131778,CP,3.3088922,0.0000071,-0.0000071,0
1230.01,287156968,CP,25.0571312,0.0001639,-0.0001639,0
1231.01,447061717,CP,24.2454967,0.0003516,-0.0003516,0
1232.01,364395234,PC,14.2545623,0.0000154,-0.0000154,0
1233.01,260647166,CP,14.1758947,0.0000370,-0.0000370,0
1233.02,260647166,CP,19.5901578,0.0000438,-0.0000438,0
1233.03,260647166,CP,6.2036219,0.0000197,-0.0000197,0
1233.04,260647166,CP,3.7958900,0.0000211,-0.0000211,0
1234.01,90504905,FP,2.2645386,0.0010604,-0.0010604,0
1235.01,103633434,CP,3.4447015,0.0000071,-0.0000071,0
1236.01,120757718,KP,3.0300715,0.0000005,-0.0000005,0
1237.01,120960812,KP,12.7203800,0.0001319,-0.0001319,0
1237.02,120960812,KP,6.2387550,0.0000306,-0.0000306,0
1238.01,153951307,CP,3.2947689,0.0000059,-0.0000059,0
1238.02,153951307,CP,0.7645807,0.0000099,-0.0000099,0
1239.01,154716798,CP,12.6396982,0.0000153,-0.0000153,0
124.01,29831208,APC,1.8428078,0.0000014,-0.0000014,0
1240.01,158170594,KP,1.7208555,0.0000026,-0.0000026,0
1241.01,159107668,PC,4.7802597,0.0000165,-0.0000165,0
1242.01,198212955,PC,0.3814849,0.0000006,-0.0000006,0
1243.01,219698776,PC,4.6595169,0.0000082,-0.0000082,0
1244.01,219850915,CP,6.4002807,0.0000104,-0.0000104,0
1245.01,229781583,PC,4.8204512,0.0000122,-0.0000122,0
1246.01,230127302,CP,18.6548829,0.0001055,-0.0001055,0
1246.02,230127302,CP,4.3074513,0.0000050,-0.0000050,0
1246.03,230127302,CP,5.9041278,0.0000106,-0.0000106,0
1246.04,230127302,CP,37.9251983,0.0001252,-0.0001252,0
1247.01,232540264,CP,15.9234883,0.0000529,-0.0000529,0
1248.01,232612416,CP,4.3601536,0.0000011,-0.0000011,0
1249.01,232976128,CP,13.0791581,0.0000414,-0.0000414,0
125.01,52368076,CP,4.6517186,0.0000083,-0.0000083,0
125.02,52368076,CP,9.1549418,0.0000249,-0.0000249,0
125.03,52368076,CP,19.9815709,0.0000896,-0.0000896,0
125.04,52368076,PC,,,,0
1250.01,233059608,FA,1.4415044,0.0001673,-0.0001673,0
1251.01,233120979,APC,5.9630544,0.0000015,-0.0000015,0
1252.01,233211762,PC,1.1219715,0.0000014,-0.0000014,0
1253.01,233684822,FP,4.6756655,0.0000050,-0.0000050,0
1254.01,236714379,APC,1.0180114,0.0000007,-0.0000007,0
1255.01,237222864,CP,10.2888860,0.0000076,-0.0000076,0
1256.01,274762761,FP,1.0332441,0.0003238,-0.0003238,0
1257.01,278348461,KP,5.4526479,0.0000037,-0.0000037,0
1258.01,288132261,PC,10.2613397,0.0000291,-0.0000291,0
1259.01,288735205,CP,3.4779776,0.0000002,-0.0000002,0
126.01,70440470,KP,3.0354017,0.0000017,-0.0000017,0
1260.01,355867695,CP,3.1274634,0.0000073,-0.0000073,0
1260.02,355867695,CP,7.4931613,0.0000170,-0.0000170,0
1260.03,355867695,CP,49.8251660,0.0005768,-0.0005768,0
1261.01,356311210,PC,18.0574016,0.0000392,-0.0000392,0
1262.01,365938305,PC,20.8774413,0.0001096,-0.0001096,0
1263.01,406672232,PC,1.0214555,0.0000014,-0.0000014,0
1264.01,416195870,PC,2.7441672,0.0000010,-0.0000010,0
1265.01,424865156,KP,2.2047452,0.0000127,-0.0000127,0
1266.01,467179528,CP,10.8948421,0.0000122,-0.0000122,0
1266.02,467179528,CP,18.8016111,0.0000532,-0.0000532,0
1267.01,158561566,KP,6.7900981,0.0000145,-0.0000145,0
1268.01,142394656,CP,8.1577210,0.0000023,-0.0000023,0
1269.01,198241702,CP,4.2529641,0.0000059,-0.0000059,0
1269.02,198241702,PC,9.2378703,0.0000534,-0.0000534,0
127.01,234523599,CP,3.7955178,0.0000023,-0.0000023,0
1270.01,237200747,FP,14.3034613,0.0000026,-0.0000026,0
1271.01,286923464,KP,6.1349783,0.0000165,-0.0000165,0
1272.01,417948359,CP,3.3159772,0.0000074,-0.0000074,0
1273.01,445859771,CP,4.6313014,0.0000088,-0.0000088,0
1274.01,459969957,PC,19.3203478,0.0000126,-0.0000126,0
1275.01,13499636,FA,11.3246821,0.0102622,-0.0102622,0
1276.01,43064903,FA,6.2611690,0.0000164,-0.0000164,0
1277.01,153949511,FA,,,,0
1277.02,153949511,PC,14.8559691,0.0000458,-0.0000458,0
1278.01,163539739,CP,14.4751062,0.0000179,-0.0000179,0
1279.01,224297258,CP,9.6141636,0.0000486,-0.0000486,0
128.01,391949880,CP,4.9404714,0.0000071,-0.0000071,0
1280.01,230017324,PC,9.6926392,0.0000078,-0.0000078,0
1281.01,232971294,PC,6.3908880,0.0000384,-0.0000384,0
1282.01,236445129,KP,0.9689927,0.0000005,-0.0000005,0
1283.01,266593143,KP,10.3385050,0.0000151,-0.0000151,0
1284.01,267561446,FP,1.2832510,0.0003064,-0.0003064,0
1285.01,274662200,FP,1.2284388,0.0002573,-0.0002573,0
1286.01,277507814,APC,0.6166953,0.0000003,-0.0000003,0
1287.01,352764091,PC,9.6001126,0.0000179,-0.0000179,0
1288.01,365733349,CP,2.6998294,0.0000036,-0.0000036,0
1289.01,408203470,FP,0.5813220,0.0000982,-0.0000982,0
129.01,201248411,CP,0.9809720,0.0000005,-0.0000005,0
1290.01,417676622,KP,5.3987355,0.0000166,-0.0000166,0
1291.01,198186769,PC,7.1619900,0.0000316,-0.0000316,0
1292.01,199688472,FP,1.4412175,0.0000046,-0.0000046,0
1293.01,202504234,PC,1.6849938,0.0000027,-0.0000027,0
1294.01,219015370,CP,3.9152737,0.0000040,-0.0000040,0
1295.01,219852584,CP,3.1968838,0.0000007,-0.0000007,0
1296.01,219854185,CP,3.9443668,0.0000010,-0.0000010,0
1297.01,229536616,FP,3.9303400,0.0000700,-0.0000700,0
1298.01,237104103,CP,4.5371361,0.0000018,-0.0000018,0
1299.01,258777134,FP,5.9294050,0.0000084,-0.0000084,0
130.01,263003176,CP,14.3392144,0.0000223,-0.0000223,0
1300.01,293687315,KP,2.8716983,0.0000067,-0.0000067,0
1301.01,356867115,CP,6.0964074,0.0000057,-0.0000057,0
1301.02,356867115,PC,,,,0
1302.01,441797803,PC,5.6666168,0.0000018,-0.0000018,0
1303.01,185405474,FP,1.5602900,0.0001200,-0.0001200,0
1304.01,186000935,FP,8.8735214,0.0000153,-0.0000153,0
1305.01,232679662,FP,7.8513774,0.0000046,-0.0000046,0
1306.01,233735068,FP,7.6869063,0.0000049,-0.0000049,0
1307.01,236815160,APC,2.5346120,0.0000009,-0.0000009,0
1308.01,277014266,FP,1.3797091,0.0000062,-0.0000062,0
1309.01,287190564,FP,1.4986100,0.0001200,-0.0001200,0
131.01,235037761,APC,6.2407826,0.0000018,-0.0000018,0
1310.01,294179389,FP,2.6796000,0.0000300,-0.0000300,0
1311.01,378159598,APC,6.1406417,0.0001103,-0.0001103,0
1312.01,405904232,FP,11.0765063,0.0000066,-0.0000066,0
1313.01,11111899,FP,0.6193401,0.0000005,-0.0000005,0
1314.01,136848581,FP,2.6400663,0.0000076,-0.0000076,0
1315.01,137284119,FP,2.5778717,0.0000237,-0.0000237,0
1316.01,15565627,FP,3.8050900,0.0005800,-0.0005800,0
1317.01,165523947,FP,2.9904100,0.0017300,-0.0017300,0
1318.01,167092385,PC,4.9865029,0.0000139,-0.0000139,0
1319.01,167098530,FP,0.8909670,0.0000017,-0.0000017,0
132.01,89020549,CP,2.1096805,0.0000040,-0.0000040,0
1320.01,167403519,PC,3.9729429,0.0000033,-0.0000033,0
1321.01,195199644,FP,1.1988800,0.0002500,-0.0002500,0
1322.01,240450679,APC,3.3764400,0.0003100,-0.0003100,0
1323.01,256886630,FP,2.0390500,0.0011600,-0.0011600,0
1324.01,266688542,FP,2.9424142,0.0000089,-0.0000089,0
1325.01,274942910,FP,1.0793011,0.0000014,-0.0000014,0
1326.01,275111900,FP,8.0428575,0.0000030,-0.0000030,0
1327.01,312083267,APC,3.9392211,0.0000033,-0.0000033,0
1328.01,330332501,FP,4.0157492,0.0000209,-0.0000209,0
1329.01,345996087,FP,2.0197600,0.0017900,-0.0017900,0
133.01,219338557,PC,8.1995368,0.0000168,-0.0000168,0
1330.01,357457104,FP,1.7480540,0.0000061,-0.0000061,0
1331.01,387664866,FP,2.6564600,0.0010900,-0.0010900,0
1332.01,387664868,FP,2.6568800,0.0012100,-0.0012100,0
1333.01,395171208,CP,4.7201912,0.0000023,-0.0000023,0
1334.01,42123111,FP,4.0334900,0.0004400,-0.0004400,0
1335.01,89759617,FP,3.3295394,0.0000116,-0.0000116,0
1336.01,92783821,FP,3.8615978,0.0000159,-0.0000159,0
1337.01,160708862,KP,3.3448312,0.0000023,-0.0000023,0
1338.01,260128333,CP,95.1740000,,,0
1339.01,269701147,CP,8.8803281,0.0000056,-0.0000056,0
1339.02,269701147,CP,28.5804740,0.0000386,-0.0000386,0
1339.03,269701147,CP,38.3511223,0.0000697,-0.0000697,0
134.01,234994474,CP,1.4015183,0.0000048,-0.0000048,0
1340.01,233681149,FP,8.5874668,0.0049814,-0.0049814,0
1341.01,233390838,FP,6.4474918,0.0000049,-0.0000049,0
1342.01,256621916,FP,1.4136455,0.0000009,-0.0000009,0
1343.01,358631536,FP,3.4040139,0.0000123,-0.0000123,0
1344.01,1400770435,FP,13.7432169,0.0000934,-0.0000934,0
1345.01,160487753,PC,8.4713400,0.0048800,-0.0048800,0
1346.01,219852882,CP,5.5025577,0.0000152,-0.0000152,0
1346.02,219852882,CP,1.7622537,0.0000046,-0.0000046,0
1347.01,229747848,CP,0.8474218,0.0000048,-0.0000048,0
1347.02,229747848,CP,4.8420438,0.0000167,-0.0000167,0
1348.01,229770036,FP,2.1405600,0.0002300,-0.0002300,0
1349.01,272635712,APC,12.7167200,0.0022300,-0.0022300,0
135.01,267263253,CP,4.1269046,0.0000008,-0.0000008,0
1350.01,233953967,PC,5.5402372,0.0000334,-0.0000334,0
1351.01,1718201850,APC,5.9294089,0.0000006,-0.0000006,0
1352.01,336740528,APC,5.2958813,0.0000035,-0.0000035,0
1353.01,279177746,FP,4.4350025,0.0000081,-0.0000081,0
1354.01,365683032,FP,1.4287976,0.0000041,-0.0000041,0
1355.01,372264750,PC,2.1702725,0.0000144,-0.0000144,0
1356.01,277566483,PC,24.2544697,0.0000178,-0.0000178,0
1357.01,357972447,FP,0.3375900,0.0000500,-0.0000500,0
1358.01,275501623,FP,1.6734600,0.0000200,-0.0000200,0
1359.01,416624606,FP,2.5152549,0.0000044,-0.0000044,0
136.01,410153553,CP,0.4628844,0.0000152,-0.0000152,0
1360.01,330468175,FP,0.7090200,0.0003600,-0.0003600,0
1361.01,277447970,PC,2.2374620,0.0000116,-0.0000116,0
1362.01,395142888,PC,1.9173816,0.0000050,-0.0000050,0
1363.01,230017325,FP,9.6926509,0.0000102,-0.0000102,0
1364.01,26880783,PC,1.7753644,0.0000011,-0.0000011,0
1365.01,367099243,FP,1.8286961,0.0000006,-0.0000006,0
1366.01,120602501,FP,14.8626982,0.0000079,-0.0000079,0
1367.01,129539786,FP,2.0881134,0.0000070,-0.0000070,0
1368.01,136971594,FP,1.2556200,0.0002400,-0.0002400,0
1369.01,155005217,FP,7.6047417,0.0003056,-0.0003056,0
137.01,176957796,FA,4.8173797,0.0057592,-0.0057592,0
1370.01,155114483,FP,5.2651271,0.0000046,-0.0000046,0
1371.01,162130054,APC,5.0095595,0.0000185,-0.0000185,0
1372.01,164150539,FP,6.1600888,0.0000135,-0.0000135,0
1373.01,176899385,KP,3.8529998,0.0000033,-0.0000033,0
1374.01,190430205,FP,1.0688400,0.0003400,-0.0003400,0
1375.01,190442486,FP,5.4561177,0.0000247,-0.0000247,0
1376.01,190743990,FP,1.7380504,0.0000028,-0.0000028,0
1377.01,240613164,FP,1.9914300,0.0000800,-0.0000800,0
1378.01,249812036,FP,5.7785318,0.0000051,-0.0000051,0
1379.01,252490659,APC,1132.0244686,,,0
138.01,277683130,APC,6.1982658,0.0000022,-0.0000022,0
1380.01,274170255,FP,1.4107200,0.0002800,-0.0002800,0
1381.01,275722992,PC,6.5601782,0.0000226,-0.0000226,0
1382.01,276360911,FA,0.4448200,0.0000500,-0.0000500,0
1383.01,313506357,FP,1.5327030,0.0000146,-0.0000146,0
1384.01,328167090,FP,0.7131492,0.0000037,-0.0000037,0
1385.01,329864959,FP,4.5231800,0.0002400,-0.0002400,0
1386.01,343019899,CP,25.8386422,0.0000577,-0.0000577,0
1387.01,343442463,FP,0.7838100,0.0001500,-0.0001500,0
1388.01,346338552,KP,4.4652986,0.0000009,-0.0000009,0
1389.01,353038705,PC,3.0626240,0.0000081,-0.0000081,0
139.01,62483237,CP,11.0708575,0.0000277,-0.0000277,0
1390.01,365389353,FP,2.6380089,0.0000059,-0.0000059,0
1391.01,389182138,FP,2.7260173,0.0000062,-0.0000062,0
1392.01,416987878,FP,2.8687600,0.0004200,-0.0004200,0
1393.01,430528566,FP,0.5590256,0.0000017,-0.0000017,0
1394.01,431156009,FP,2.9581480,0.0000130,-0.0000130,0
1395.01,468472950,FP,0.9873600,0.0001700,-0.0001700,0
1396.01,468845640,FP,3.9930700,0.0006300,-0.0006300,0
1397.01,64553698,FP,8.6795072,0.0000422,-0.0000422,0
1398.01,66445643,APC,6.5560604,0.0000109,-0.0000109,0
1399.01,66783360,FP,1.3812787,0.0000035,-0.0000035,0
140.01,140068425,APC,2.2813432,0.0000063,-0.0000063,0
1400.01,258801269,FP,5.4892300,0.0007300,-0.0007300,0
1401.01,259126549,FP,7.3845072,0.0000019,-0.0000019,0
1402.01,259129875,FP,0.4388900,0.0000100,-0.0000100,0
1403.01,328750515,FP,2.3359622,0.0008075,-0.0008075,0
1404.01,352239069,PC,6.8674054,0.0000327,-0.0000327,0
1404.02,352239069,PC,14.4318870,0.0000513,-0.0000513,0
1405.01,387834907,FP,12.6400100,0.0029800,-0.0029800,0
1406.01,231736113,CP,10.5739824,0.0000224,-0.0000224,0
1407.01,69747919,KP,9.9783319,0.0000610,-0.0000610,0
1408.01,364186197,CP,4.4247042,0.0000009,-0.0000009,0
1408.02,364186197,KP,2.2222094,0.0000128,-0.0000128,0
1409.01,115771549,APC,4.7182888,0.0000033,-0.0000033,0
141.01,403224672,CP,1.0082361,0.0000015,-0.0000015,0
1410.01,199444169,CP,1.2168732,0.0000525,-0.0000525,0
1411.01,116483514,CP,1.4520486,0.0000022,-0.0000022,0
1412.01,116483734,APC,4.7319770,0.0000051,-0.0000051,0
1413.01,119700084,PC,6.1182129,0.0008535,-0.0008535,0
1414.01,125442121,APC,3.0197807,0.0001355,-0.0001355,0
1415.01,148782377,PC,14.4204896,0.0001337,-0.0001337,0
1416.01,158025009,CP,1.0697621,0.0000020,-0.0000020,0
1417.01,164173105,CP,3.0726434,0.0000011,-0.0000011,0
1418.01,224600500,FA,0.6763235,0.0000331,-0.0000331,0
1419.01,311035838,KP,2.8997405,0.0000009,-0.0000009,0
142.01,425934411,PC,0.8533534,0.0000028,-0.0000028,0
1420.01,321857016,CP,6.9561134,0.0000153,-0.0000153,0
1421.01,329277372,FP,2.8879675,0.0000706,-0.0000706,0
1422.01,333473672,CP,13.0017890,0.0000449,-0.0000449,0
1423.01,346418409,FP,2.7556532,0.0008404,-0.0008404,0
1424.01,418959198,FP,4.8962484,0.0000161,-0.0000161,0
1425.01,350132371,APC,1.0318213,0.0000017,-0.0000017,0
1426.01,128501004,FP,0.7899900,0.0000200,-0.0000200,0
1427.01,2041563029,FP,12.8075800,0.0002300,-0.0002300,0
1428.01,377304435,FP,11.3562600,0.0011800,-0.0011800,0
1429.01,138968089,FP,0.6412558,0.0001092,-0.0001092,0
143.01,25375553,KP,2.3109689,0.0000010,-0.0000010,0
1430.01,293954617,CP,7.4341456,0.0000095,-0.0000095,0
1431.01,375506058,CP,2.6502320,0.0000003,-0.0000003,0
1432.01,256783784,PC,6.1095756,0.0000252,-0.0000252,0
1433.01,13684720,APC,12.4379715,0.0000082,-0.0000082,0
1434.01,138588540,PC,29.8718530,0.0001328,-0.0001328,0
1435.01,153976959,PC,0.6858178,0.0000112,-0.0000112,0
1436.01,154383539,PC,0.8675883,0.0000115,-0.0000115,0
1437.01,198356533,CP,18.8408910,0.0000538,-0.0000538,0
1438.01,229650439,CP,5.1396666,0.0000043,-0.0000043,0
1438.02,229650439,CP,9.4280902,0.0000120,-0.0000120,0
1439.01,232982558,CP,27.6438617,0.0000836,-0.0000836,0
144.01,261136679,CP,6.2678320,0.0000229,-0.0000229,0
1440.01,233617847,PC,15.5174519,0.0001366,-0.0001366,0
1440.02,233617847,PC,4.6274206,0.0000262,-0.0000262,0
1441.01,233951353,PC,22.0929740,0.0001442,-0.0001442,0
1442.01,235683377,CP,0.4090681,0.0000037,-0.0000037,0
1443.01,237232044,CP,23.5407467,0.0000654,-0.0000654,0
1444.01,258514800,CP,0.4702719,0.0000047,-0.0000047,0
1445.01,259172391,PC,9.8130697,0.0000569,-0.0000569,0
1445.02,259172391,PC,4.7842093,0.0000302,-0.0000302,0
1446.01,294471966,PC,6.3170657,0.0000233,-0.0000233,0
1446.02,294471966,PC,4.5057387,0.0000194,-0.0000194,0
1447.01,298073824,FA,1.2273079,0.0000115,-0.0000115,0
1448.01,343628284,CP,8.0970819,0.0026823,-0.0026823,0
1449.01,356158613,FA,,,,0
1449.02,356158613,PC,2.3691849,0.0000086,-0.0000086,0
145.01,265612438,PC,5.1300200,0.0000300,-0.0000300,0
1450.01,377293776,CP,2.0439268,0.0000041,-0.0000041,0
1451.01,417931607,CP,16.5379864,0.0000519,-0.0000519,0
1452.01,420112589,CP,11.0619937,0.0000153,-0.0000153,0
1453.01,198390247,CP,6.5886877,0.0000049,-0.0000049,0
1453.02,198390247,CP,4.3135263,0.0000097,-0.0000097,0
1454.01,294179385,PC,2.6794168,0.0000020,-0.0000020,0
1455.01,387259626,APC,3.6231364,0.0000041,-0.0000041,0
1456.01,199376584,CP,18.7122530,0.0003150,-0.0003150,0
1457.01,176860064,APC,6.3768174,0.0000192,-0.0000192,0
1458.01,191284318,KP,2.7759678,0.0000009,-0.0000009,0
1459.01,16920150,FA,9.1559340,0.0031594,-0.0031594,0
146.01,355636844,FP,6.3055600,0.0000400,-0.0000400,0
1460.01,17005768,FP,6.8424983,0.0000047,-0.0000047,0
1461.01,44631965,APC,3.5686777,0.0001498,-0.0001498,0
1462.01,188768068,CP,2.1779407,0.0000040,-0.0000040,0
1463.01,190998418,KP,2.8791023,0.0001250,-0.0001250,0
1464.01,229944666,PC,11.3125266,0.0000186,-0.0000186,0
1465.01,236887394,KP,1.4200248,0.0000003,-0.0000003,0
1466.01,237086564,PC,1.8718991,0.0000080,-0.0000080,0
1467.01,240968774,CP,5.9711357,0.0000137,-0.0000137,0
1468.01,243185500,CP,15.5324385,0.0000326,-0.0000326,0
1468.02,243185500,CP,1.8805310,0.0000068,-0.0000068,0
1469.01,283722336,KP,3.0929386,0.0000013,-0.0000013,0
1469.02,283722336,KP,6.7650398,0.0000074,-0.0000074,0
147.01,220435095,FP,3.4231002,0.0000014,-0.0000014,0
1470.01,284441182,CP,2.5272822,0.0003859,-0.0003859,0
1471.01,306263608,CP,20.7724316,0.0002213,-0.0002213,0
1471.02,306263608,CP,52.5637056,0.0004228,-0.0004228,0
1472.01,306955329,CP,6.3634106,0.0000083,-0.0000083,0
1473.01,352413427,CP,5.2544884,0.0000106,-0.0000106,0
1474.01,427654774,FP,5.2226210,0.0014355,-0.0014355,0
1475.01,431514478,PC,8.4953513,0.0012701,-0.0012701,0
1476.01,432549364,KP,1.2174936,0.0000003,-0.0000003,0
1477.01,240681314,KP,2.7324809,0.0000953,-0.0000953,0
1478.01,409794137,CP,10.1802014,0.0000152,-0.0000152,0
1479.01,421308357,FP,16.6828999,0.0005765,-0.0005765,0
148.01,393940766,CP,4.8670900,0.0000200,-0.0000200,0
1480.01,335483600,FP,3.3540530,0.0000342,-0.0000342,0
1481.01,197650870,FP,2.1853174,0.0000042,-0.0000042,0
1482.01,252616865,PC,5.7121916,0.0000292,-0.0000292,0
1483.01,452803785,FP,5.0037857,0.0000287,-0.0000287,0
1484.01,67309890,FP,1.1623941,0.0000020,-0.0000020,0
1485.01,377191482,FA,2.9551881,0.0003434,-0.0003434,0
1486.01,233541860,FP,0.2666485,0.0000005,-0.0000005,0
1487.01,459978312,FA,23.2879800,0.0035500,-0.0035500,0
1488.01,198457103,FA,0.4721054,0.0000076,-0.0000076,0
1489.01,219751469,FA,6.9830100,0.0023400,-0.0023400,0
149.01,260985861,PC,3.3399432,0.0000013,-0.0000013,0
1490.01,283474780,APC,3.9943000,0.0033900,-0.0033900,0
1491.01,53875855,PC,4.4902667,0.0000120,-0.0000120,0
1492.01,354594208,FP,0.8667300,0.0002100,-0.0002100,0
1493.01,15692883,CP,5.1479050,0.0000075,-0.0000075,0
1494.01,411608801,CP,5.0267996,0.0000069,-0.0000069,0
1495.01,431148743,FP,2.6277641,0.0000139,-0.0000139,0
1496.01,384045439,FP,10.8266100,0.0006400,-0.0006400,0
1497.01,371673488,FP,0.8165295,0.0000025,-0.0000025,0
1498.01,316402246,FP,1.4014167,0.0000090,-0.0000090,0
1499.01,414870287,FP,4.9589800,0.0010700,-0.0010700,0
150.01,271893367,CP,5.8574075,0.0000031,-0.0000031,0
1500.01,377420580,FP,1.4147363,0.0000037,-0.0000037,0
1501.01,329145325,FP,1.0777740,0.0000030,-0.0000030,0
1502.01,410528770,FP,2.7536237,0.0000260,-0.0000260,0
1503.01,428065977,FP,1.6534102,0.0000116,-0.0000116,0
1504.01,326114850,FP,1.2456423,0.0000022,-0.0000022,0
1505.01,331034236,FP,3.4272549,0.0007628,-0.0007628,0
1506.01,64836837,FP,10.9115374,0.0000188,-0.0000188,0
1507.01,430677414,FP,0.4674100,0.0000200,-0.0000200,0
1508.01,415741431,FP,2.1575124,0.0000122,-0.0000122,0
1509.01,272828463,FP,1.5776090,0.0000046,-0.0000046,0
151.01,382302241,FP,1.5978200,0.0000600,-0.0000600,0
1510.01,377739433,FP,1.2385200,0.0002300,-0.0002300,0
1511.01,376682699,FP,1.1025238,0.0000010,-0.0000010,0
1512.01,434718964,FP,1.5972260,0.0002334,-0.0002334,0
1513.01,269509393,FP,1.7658900,0.0008700,-0.0008700,0
1514.01,270238522,FP,1.3699100,0.0002800,-0.0002800,0
1515.01,470709084,FP,3.6650500,0.0001100,-0.0001100,0
1516.01,376637093,CP,2.0560153,0.0000002,-0.0000002,0
1517.01,455962313,FP,2.2550500,0.0000063,-0.0000063,0
1518.01,427761355,CP,1.9026060,0.0000074,-0.0000074,0
1519.01,272049972,FP,1.0960111,0.0000313,-0.0000313,0
152.01,403287048,FP,7.0077600,0.0031500,-0.0031500,0
1520.01,269238073,FP,6.1461734,0.0000475,-0.0000475,0
1521.01,366074069,FP,4.1812866,0.0000028,-0.0000028,0
1522.01,367102581,FP,2.9798592,0.0000091,-0.0000091,0
1523.01,387413037,FP,6.7269400,0.0010400,-0.0010400,0
1524.01,314338017,FP,10.9554897,0.0001421,-0.0001421,0
1525.01,276380902,FP,0.6171788,0.0000034,-0.0000034,0
1526.01,313761775,FP,1.5309799,0.0000022,-0.0000022,0
1527.01,202375913,PC,5.0625809,0.0000047,-0.0000047,0
1528.01,285543785,APC,9.9385448,0.0000072,-0.0000072,0
1529.01,312259170,FP,0.8229000,0.0000300,-0.0000300,0
153.01,231081369,APC,7.6316384,0.0000064,-0.0000064,0
1530.01,312469860,FP,0.5026100,0.0000200,-0.0000200,0
1531.01,312678993,APC,0.5175204,0.0000104,-0.0000104,0
1532.01,327579226,PC,8.9054070,0.0000049,-0.0000049,0
1533.01,345143460,PC,3.6458046,0.0000070,-0.0000070,0
1533.02,345143460,PC,8.0637954,0.0000121,-0.0000121,0
1534.01,354600221,FP,1.4185300,0.0002900,-0.0002900,0
1535.01,420288086,FP,6.5344463,0.0000146,-0.0000146,0
1536.01,445137888,FP,2.0136530,0.0004876,-0.0004876,0
1537.01,173612049,PC,6.4902646,0.0000288,-0.0000288,0
1538.01,177244357,PC,6.5469200,0.0049200,-0.0049200,0
1539.01,252636888,FP,2.5902660,0.0000202,-0.0000202,0
154.01,389525208,FP,6.7465700,0.0000100,-0.0000100,0
1540.01,318746829,FP,5.2273176,0.0000098,-0.0000098,0
1541.01,319068154,FP,3.7983639,0.0000040,-0.0000040,0
1542.01,367607434,FA,8.2916000,0.0037100,-0.0037100,0
1543.01,431585347,FP,5.1366400,0.0031700,-0.0031700,0
1544.01,455791689,PC,1.2918334,0.0000013,-0.0000013,0
1545.01,127425841,FP,1.5166573,0.0000070,-0.0000070,0
1546.01,194203348,PC,1.1334500,0.0006000,-0.0006000,0
1547.01,409520860,FP,0.7193300,0.0002300,-0.0002300,0
1548.01,440100539,FA,12.6017000,0.0058500,-0.0058500,0
1549.01,191146556,FP,2.5798051,0.0000215,-0.0000215,0
155.01,129637892,PC,5.4499753,0.0000079,-0.0000079,0
1550.01,241065596,FP,1.6256942,0.0000029,-0.0000029,0
1551.01,288348498,PC,1.6754600,0.0002900,-0.0002900,0
1552.01,326919774,FP,7.5719300,0.0027800,-0.0027800,0
1553.01,327341626,APC,5.9382163,0.0000052,-0.0000052,0
1554.01,299158887,KP,9.4341589,0.0000106,-0.0000106,0
1555.01,441732151,FP,2.0998900,0.0000700,-0.0000700,0
1556.01,405794804,FP,1.4412700,0.0000200,-0.0000200,0
1557.01,320506985,FP,1.0869700,0.0002100,-0.0002100,0
1558.01,117322779,FP,0.6860100,0.0002000,-0.0002000,0
1559.01,241040309,PC,3.4648951,0.0000069,-0.0000069,0
156.01,220518305,FP,14.1520000,0.0000300,-0.0000300,0
1560.01,241076290,PC,0.2580006,0.0000087,-0.0000087,0
1561.01,245462406,FP,2.2745600,0.0010800,-0.0010800,0
1562.01,249862365,FP,0.9899900,0.0004700,-0.0004700,0
1563.01,249945230,PC,1098.2258586,0.0000012,-0.0000012,0
1564.01,250724252,APC,0.5596691,0.0000003,-0.0000003,0
1565.01,251384275,PC,1099.2560385,0.0063003,-0.0063003,0
1566.01,256414077,FP,3.0110600,0.0008000,-0.0008000,0
1567.01,259151170,FP,,,,0
1568.01,284050395,FP,1.3593200,0.0000600,-0.0000600,0
1569.01,285666479,FP,1.7161400,0.0007200,-0.0007200,0
157.01,140691463,CP,2.0845434,0.0000003,-0.0000003,0
1570.01,285674856,FP,1.7462600,0.0016300,-0.0016300,0
1571.01,285677945,FP,1.2427000,0.0004900,-0.0004900,0
1572.01,292321872,FP,8.6669800,0.0026100,-0.0026100,0
1573.01,302773669,KP,21.2164640,0.0000324,-0.0000324,0
1574.01,307111282,FP,,,,0
1575.01,316254876,FP,2.4611008,0.0000063,-0.0000063,0
1576.01,327011842,FP,0.7838790,0.0001498,-0.0001498,0
1577.01,332154944,FP,0.9983700,0.0000700,-0.0000700,0
1578.01,348135793,FP,1.9774100,0.0002400,-0.0002400,0
1579.01,354400186,FP,9.0776800,0.0005600,-0.0005600,0
158.01,403136413,FP,2.5126600,0.0004500,-0.0004500,0
1580.01,354469661,KP,4.7947749,0.0000023,-0.0000023,0
1581.01,370759867,FP,,,,0
1582.01,374400599,FP,1.8932775,0.0000014,-0.0000014,0
1583.01,403256331,FP,3.7718800,0.0007600,-0.0007600,0
1584.01,418987806,FP,0.8865400,0.0001900,-0.0001900,0
1585.01,444415148,FP,1.8364100,0.0003200,-0.0003200,0
1586.01,445144327,PC,1.8079400,0.0006200,-0.0006200,0
1587.01,458914949,FP,12.5343031,0.0000781,-0.0000781,0
1588.01,50120414,PC,3.5810830,0.0000100,-0.0000100,0
1589.01,52041724,FP,35.4028219,0.0013918,-0.0013918,0
159.01,394657039,PC,3.7628372,0.0000032,-0.0000032,0
1590.01,71854745,FP,3.1031500,0.0020800,-0.0020800,0
1591.01,82010657,FP,,,,0
1592.01,186599508,FP,5.6318074,0.0012074,-0.0012074,0
1593.01,192372961,FP,2.0631300,0.0009900,-0.0009900,0
1594.01,201154493,FP,1.5123300,0.0005700,-0.0005700,0
1595.01,385105624,FP,1.7498117,0.0000011,-0.0000011,0
1596.01,431899140,FP,1.9734615,0.0007000,-0.0007000,0
1597.01,68152139,FP,0.7377200,0.0001800,-0.0001800,0
1598.01,67418624,PC,1.1020719,0.0000026,-0.0000026,0
1599.01,129979528,KP,1.2198382,0.0000167,-0.0000167,0
160.01,253917293,FP,4.6080000,0.0010000,-0.0010000,0
1600.01,187029841,FP,0.3611120,0.0000005,-0.0000005,0
1601.01,139375960,CP,5.3315500,0.0005200,-0.0005200,0
1602.01,129991079,FA,6.1595200,0.0048600,-0.0048600,0
1603.01,73448352,KP,4.7321735,0.0000021,-0.0000021,0
1604.01,118301361,FP,3.4660800,0.0011200,-0.0011200,0
1605.01,101037590,CP,8.7094632,0.0000145,-0.0000145,0
1606.01,125735470,APC,4.7126743,0.0000073,-0.0000073,0
1607.01,26433869,FP,1.0357235,0.0000055,-0.0000055,0
1608.01,138017750,FP,2.4727425,0.0000080,-0.0000080,0
1609.01,229951289,FA,13.3118000,0.0020300,-0.0020300,0
161.01,348770361,PC,2.7684331,0.0000055,-0.0000055,0
1610.01,219776325,PC,2.5287981,0.0000041,-0.0000041,0
1611.01,264678534,CP,16.2016817,0.0000128,-0.0000128,0
1612.01,268403451,KP,2.8641388,0.0000032,-0.0000032,0
1613.01,272625214,FP,5.2469991,0.0002597,-0.0002597,0
1614.01,317397615,FP,0.7438074,0.0000011,-0.0000011,0
1615.01,317507345,FP,3.9401791,0.0000008,-0.0000008,0
1616.01,322054600,PC,1.3433022,0.0000014,-0.0000014,0
1617.01,322202434,FP,1.4013505,0.0000013,-0.0000013,0
1618.01,376838000,FP,2.1679000,0.0003100,-0.0003100,0
1619.01,377144784,FP,2.3866952,0.0000033,-0.0000033,0
162.01,99493790,APC,7.7646910,0.0000068,-0.0000068,0
1620.01,378291076,PC,1.5982014,0.0000081,-0.0000081,0
1621.01,387260717,PC,6.4536240,0.0002925,-0.0002925,0
1622.01,388076005,FP,1.7126115,0.0000076,-0.0000076,0
1623.01,407394748,FP,0.7522775,0.0000004,-0.0000004,0
1624.01,461387302,FP,5.8089284,0.0000174,-0.0000174,0
1625.01,470852531,FP,1.4944600,0.0002300,-0.0002300,0
1626.01,157586003,KP,3.3326189,0.0000028,-0.0000028,0
1627.01,424435940,KP,5.0172146,0.0000019,-0.0000019,0
1628.01,284475976,KP,2.1436364,0.0000007,-0.0000007,0
1629.01,310003988,KP,4.5421594,0.0000048,-0.0000048,0
163.01,179317684,CP,4.2311173,0.0000006,-0.0000006,0
1630.01,317597583,CP,12.0557353,0.0000224,-0.0000224,0
1631.01,29054413,APC,15.2521892,0.0016144,-0.0016144,0
1632.01,51024887,FP,8.2491871,0.0031995,-0.0031995,0
1633.01,165551882,FA,12.1582804,0.0058050,-0.0058050,0
1634.01,201186294,CP,0.9893300,0.0001055,-0.0001055,0
1635.01,230086768,FP,34.9270483,0.0001295,-0.0001295,0
1636.01,269892793,FP,1.7729239,0.0000006,-0.0000006,0
1637.01,286355915,FP,4.0766840,0.0000019,-0.0000019,0
1638.01,312862941,PC,0.9150623,0.0000089,-0.0000089,0
1639.01,348673213,FP,0.9014650,0.0001916,-0.0001916,0
164.01,79395355,FP,7.3189800,0.0022400,-0.0022400,0
1640.01,396562848,CP,1.9495403,0.0000032,-0.0000032,0
1641.01,422923265,PC,1.8646725,0.0000033,-0.0000033,0
1642.01,229940491,APC,37.4590076,0.0000553,-0.0000553,0
1643.01,298647682,PC,20.0795217,0.0000147,-0.0000147,0
1644.01,22843856,FP,1.8497201,0.0000088,-0.0000088,0
1645.01,184679932,FP,2.1721416,0.0000194,-0.0000194,0
1646.01,387527558,FA,3.6239090,0.0027476,-0.0027476,0
1647.01,154927364,FP,6.9744232,0.0000244,-0.0000244,0
1648.01,376353509,CP,7.3315684,0.0000140,-0.0000140,0
1649.01,116608612,FP,3.4557863,0.0000015,-0.0000015,0
165.01,350743714,FP,7.7576430,0.0000018,-0.0000018,0
1650.01,122485078,FP,9.1505000,0.0034000,-0.0034000,0
1651.01,138168780,KP,3.7649949,0.0000004,-0.0000004,0
1652.01,154867950,FP,0.6664948,0.0000016,-0.0000016,0
1653.01,156724719,PC,10.9568722,0.0000082,-0.0000082,0
1654.01,258829450,PC,1.8347892,0.0000038,-0.0000038,0
1655.01,266500992,PC,3.2786617,0.0000095,-0.0000095,0
1656.01,267694283,APC,1112.7562924,0.0000320,-0.0000320,0
1657.01,27677846,FP,5.6309047,0.0000178,-0.0000178,0
1658.01,286561122,FP,0.6803433,0.0001260,-0.0001260,0
1659.01,288631580,CP,5.8775548,0.0000128,-0.0000128,0
1659.02,288631580,PC,3.3985674,0.0000249,-0.0000249,0
166.01,147203645,PC,5.0611315,0.0000039,-0.0000039,0
1660.01,311121985,FP,1.3561596,0.0000043,-0.0000043,0
1661.01,312122956,FP,2.0492064,0.0000158,-0.0000158,0
1662.01,339538183,FP,2.6093167,0.0000250,-0.0000250,0
1663.01,353367071,FP,2.3753200,0.0003900,-0.0003900,0
1664.01,353782445,PC,11.8350790,0.0000224,-0.0000224,0
1665.01,354006740,FP,1.7640600,0.0002900,-0.0002900,0
1666.01,368536386,FP,1.6943300,0.0018300,-0.0018300,0
1667.01,409183335,FP,3.3212500,0.0003200,-0.0003200,0
1668.01,417705690,FP,2.3633110,0.0000075,-0.0000075,0
1669.01,428679607,CP,2.6800536,0.0000048,-0.0000048,0
167.01,149990841,PC,4.4531846,0.0000027,-0.0000027,0
1670.01,441739020,CP,40.7501028,0.0000137,-0.0000137,0
1670.02,441739020,CP,10.9836724,0.0000417,-0.0000417,0
1670.03,441739020,PC,123.0586028,0.0010505,-0.0010505,0
1671.01,459903429,FA,8.1366400,0.0033100,-0.0033100,0
1672.01,468828873,FP,3.8954139,0.0000144,-0.0000144,0
1673.01,470315428,FP,1.0862500,0.0003600,-0.0003600,0
1674.01,73104318,FP,7.4549400,0.0013800,-0.0013800,0
1675.01,81831095,PC,3.1330840,0.0000049,-0.0000049,0
1676.01,8400842,KP,3.1915257,0.0000024,-0.0000024,0
1677.01,87090944,PC,0.6435807,0.0000388,-0.0000388,0
1678.01,96291218,FP,13.7058173,0.0000236,-0.0000236,0
1679.01,9837861,FP,0.6565741,0.0000020,-0.0000020,0
168.01,369457671,PC,2.3144600,0.0000100,-0.0000100,0
1680.01,259168516,CP,4.8026561,0.0000053,-0.0000053,0
1681.01,321041369,PC,1.5379237,0.0000024,-0.0000024,0
1682.01,367366318,KP,2.7347651,0.0000002,-0.0000002,0
1683.01,58542531,CP,3.0575240,0.0000038,-0.0000038,0
1684.01,85031598,PC,1.1549925,0.0000012,-0.0000012,0
1685.01,28900646,CP,0.6691449,0.0000097,-0.0000097,0
1686.01,102672709,PC,6.7053949,0.0000250,-0.0000250,0
1687.01,103448870,PC,10.2596322,0.0000306,-0.0000306,0
1688.01,121966220,FP,6.7171913,0.0004733,-0.0004733,0
1689.01,198384408,FA,9.1238101,0.0053043,-0.0053043,0
169.01,183120439,CP,2.2554459,0.0000045,-0.0000045,0
1690.01,267574918,CP,1.4079369,0.0000034,-0.0000034,0
1691.01,268334473,CP,16.7368995,0.0000400,-0.0000400,0
1692.01,288636342,PC,17.7286608,0.0000473,-0.0000473,0
1692.02,288636342,PC,32.2079698,0.0000992,-0.0000992,0
1693.01,353475866,CP,1.7666920,0.0000054,-0.0000054,0
1694.01,396740648,CP,3.7701296,0.0002696,-0.0002696,0
1695.01,422756130,CP,3.1342946,0.0000059,-0.0000059,0
1696.01,470381900,CP,2.5005291,0.0003706,-0.0003706,0
1697.01,1884091865,PC,10.7165240,0.0000417,-0.0000417,0
1698.01,190223929,PC,17.0419800,0.0012000,-0.0012000,0
1699.01,22705558,PC,4.5470055,0.0000525,-0.0000525,0
170.01,394698182,PC,3.7115129,0.0000022,-0.0000022,0
1700.01,23650642,FP,1.1235500,0.0003900,-0.0003900,0
1701.01,274215536,PC,1.3341738,0.0000049,-0.0000049,0
1702.01,371210825,FP,0.4031200,0.0001000,-0.0001000,0
1703.01,453387619,PC,1.2016105,0.0000042,-0.0000042,0
1704.01,95129101,FP,3.9299830,0.0000151,-0.0000151,0
1705.01,137500798,FP,13.2054538,0.0000768,-0.0000768,0
1706.01,230377505,PC,4.5156072,0.0000098,-0.0000098,0
1706.02,230377505,PC,7.4057777,0.0000334,-0.0000334,0
1707.01,240148934,FP,2.0236500,0.0007500,-0.0007500,0
1708.01,241173474,APC,11.4419200,0.0009900,-0.0009900,0
1709.01,29119552,PC,7.6288424,0.0000160,-0.0000160,0
171.01,309257814,PC,1.2386010,0.0000014,-0.0000014,0
171.02,309257814,FP,1.8135767,0.0001919,-0.0001919,0
1710.01,445805961,CP,24.2833782,0.0000182,-0.0000182,0
1711.01,461662295,FP,10.2558000,0.0046000,-0.0046000,0
1712.01,67926921,FP,3.5662760,0.0000044,-0.0000044,0
1713.01,15863518,PC,0.5572565,0.0000088,-0.0000088,0
1714.01,239154970,KP,3.4744763,0.0000019,-0.0000019,0
1715.01,142090065,FP,2.8269356,0.0000026,-0.0000026,0
1716.01,14336130,CP,8.0823540,0.0000319,-0.0000319,0
1717.01,149833117,PC,4.0523890,0.0000107,-0.0000107,0
1718.01,257241363,PC,5.5870396,0.0000026,-0.0000026,0
1719.01,293617835,PC,2.7552586,0.0000047,-0.0000047,0
172.01,29857954,CP,9.4768600,0.0000400,-0.0000400,0
1720.01,356473034,KP,2.6158597,0.0000009,-0.0000009,0
1721.01,51234631,KP,4.1250429,0.0000093,-0.0000093,0
1722.01,85242435,PC,9.6052235,0.0000169,-0.0000169,0
1723.01,71431780,CP,13.7270395,0.0000497,-0.0000497,0
1724.01,81212286,FP,0.6850808,0.0000991,-0.0000991,0
1725.01,86396382,KP,1.0914304,0.0000002,-0.0000002,0
1726.01,130181866,CP,7.1079340,0.0000085,-0.0000085,0
1726.02,130181866,CP,20.5438153,0.0000236,-0.0000236,0
1727.01,241225337,PC,1.8308782,0.0000128,-0.0000128,0
1728.01,285048486,CP,3.4913952,0.0000043,-0.0000043,0
1729.01,298666530,FP,0.5732087,0.0000590,-0.0000590,0
173.01,270341214,PC,29.7537451,0.0000107,-0.0000107,0
173.02,270341214,PC,9.1702265,0.0000234,-0.0000234,0
1730.01,318022259,PC,6.2262315,0.0000277,-0.0000277,0
1730.02,318022259,PC,2.1555232,0.0000092,-0.0000092,0
1730.03,318022259,PC,12.5739572,0.0012622,-0.0012622,0
1731.01,371234684,KP,3.9228042,0.0000043,-0.0000043,0
1732.01,470987100,PC,4.1192231,0.0000143,-0.0000143,0
1733.01,53427308,FP,5.8032200,0.0019200,-0.0019200,0
1734.01,224596152,PC,28.8745078,0.0001177,-0.0001177,0
1735.01,365673804,PC,10.3857602,0.0000247,-0.0000247,0
1736.01,408618999,CP,7.0731057,0.0000188,-0.0000188,0
1737.01,233009109,PC,14.4479828,0.0000419,-0.0000419,0
1738.01,104208182,PC,3.6985817,0.0000140,-0.0000140,0
1739.01,159418353,CP,8.3033493,0.0000168,-0.0000168,0
174.01,425997655,CP,17.6671687,0.0000292,-0.0000292,0
174.02,425997655,CP,29.7975205,0.0000887,-0.0000887,0
174.03,425997655,CP,12.1623316,0.0000441,-0.0000441,0
174.04,425997655,CP,3.9766833,0.0000142,-0.0000142,0
174.05,425997655,CP,7.9076222,0.0000262,-0.0000262,0
1740.01,174041208,PC,19.4284190,0.0037161,-0.0037161,0
1741.01,198206613,PC,10.9406641,0.0000532,-0.0000532,0
1742.01,219857012,CP,21.2690422,0.0000807,-0.0000807,0
1743.01,219860288,CP,4.2660553,0.0000140,-0.0000140,0
1744.01,229455001,CP,22.3417286,0.0000626,-0.0000626,0
1745.01,232635922,PC,5.9848710,0.0000169,-0.0000169,0
1746.01,232650365,PC,2.5253323,0.0000111,-0.0000111,0
1746.02,232650365,PC,3.8776815,0.0000102,-0.0000102,0
1747.01,233071822,PC,2.7546548,0.0000031,-0.0000031,0
1748.01,233071926,PC,1.8318623,0.0000051,-0.0000051,0
1749.01,233602827,CP,4.4891367,0.0000082,-0.0000082,0
1749.02,233602827,CP,9.0447039,0.0000167,-0.0000167,0
1749.03,233602827,KP,2.3889051,0.0000100,-0.0000100,0
175.01,307210830,CP,3.6906759,0.0000010,-0.0000010,0
175.02,307210830,CP,7.4507305,0.0000032,-0.0000032,0
175.03,307210830,CP,2.2531062,0.0000020,-0.0000020,0
1750.01,237099296,PC,11.3373614,0.0000216,-0.0000216,0
1751.01,287080092,CP,37.4685042,0.0001639,-0.0001639,0
1752.01,287139872,PC,0.9351891,0.0000058,-0.0000058,0
1752.02,287139872,PC,32.7135406,0.0004508,-0.0004508,0
1753.01,289580577,CP,5.3846239,0.0000118,-0.0000118,0
1754.01,332477926,PC,16.2143217,0.0000685,-0.0000685,0
1755.01,356978132,APC,60.1848926,0.0002356,-0.0002356,0
1756.01,364074068,PC,2.7830114,0.0000089,-0.0000089,0
1757.01,367753709,PC,2.1256870,0.0000059,-0.0000059,0
1757.02,367753709,PC,5.0097113,0.0000143,-0.0000143,0
1758.01,367858035,CP,20.7051499,0.0000388,-0.0000388,0
1759.01,408636441,CP,18.8500438,0.0000247,-0.0000247,0
176.01,272086159,FP,16.1553730,0.0001030,-0.0001030,0
1760.01,420112587,FP,11.0626660,0.0004897,-0.0004897,0
1761.01,424391516,PC,11.5922513,0.0000404,-0.0000404,0
1762.01,435680451,PC,24.1412290,0.0000683,-0.0000683,0
1763.01,441739871,PC,3.7978720,0.0000088,-0.0000088,0
1764.01,1551345500,PC,47.3860753,0.0000375,-0.0000375,0
1765.01,272672133,PC,3.4939580,0.0000038,-0.0000038,0
1766.01,67666096,KP,2.7033942,0.0000051,-0.0000051,0
1767.01,8767448,KP,4.3532339,0.0001972,-0.0001972,0
1768.01,137906197,CP,7.3377236,0.0000402,-0.0000402,0
1769.01,287225295,APC,0.6097554,0.0000004,-0.0000004,0
177.01,262530407,CP,2.8531016,0.0000017,-0.0000017,0
1770.01,457138169,FP,1.0924536,0.0000039,-0.0000039,0
1771.01,252479260,KP,3.2122302,0.0000003,-0.0000003,0
1772.01,85293053,CP,8.0542207,0.0000330,-0.0000330,0
1772.02,85293053,PC,,,,0
1773.01,332064670,KP,0.7365463,0.0000009,-0.0000009,0
1774.01,4897275,CP,16.7100422,0.0032803,-0.0032803,0
1775.01,9348006,CP,10.2405483,0.0000140,-0.0000140,0
1776.01,21535395,CP,2.8009915,0.0005895,-0.0005895,0
1777.01,29191624,CP,14.6503935,0.0002236,-0.0002236,0
1778.01,39699648,CP,6.5273884,0.0000292,-0.0000292,0
1779.01,67646988,KP,1.8817191,0.0000009,-0.0000009,0
178.01,251848941,CP,6.5578513,0.0000106,-0.0000106,0
178.02,251848941,CP,20.7085040,0.0031650,-0.0031650,0
178.03,251848941,CP,9.9616347,0.0000227,-0.0000227,0
178.04,251848941,KP,3.2384253,0.0000243,-0.0000243,0
178.05,251848941,KP,15.2321843,0.0010774,-0.0010774,0
1780.01,99834717,KP,1.7063264,0.0000011,-0.0000011,0
1781.01,137881699,KP,2.9720774,0.0000089,-0.0000089,0
1782.01,160045097,CP,4.9877056,0.0000102,-0.0000102,0
1782.02,160045097,CP,1.8290294,0.0000063,-0.0000063,0
1782.03,160045097,PC,18.7559765,0.0001019,-0.0001019,0
1783.01,229938290,PC,1.4198659,0.0002172,-0.0002172,0
1784.01,241196395,APC,2.0937563,0.0000073,-0.0000073,0
1785.01,230386259,PC,11.0023133,0.0000842,-0.0000842,0
1786.01,86280613,FP,9.5735480,0.0000265,-0.0000265,0
1787.01,372730331,PC,8.7046669,0.0000096,-0.0000096,0
1788.01,450327768,FP,5.3432600,0.0002800,-0.0002800,0
1789.01,172518755,CP,3.2087149,0.0000150,-0.0000150,0
179.01,207141131,CP,4.1374379,0.0000042,-0.0000042,0
1790.01,310981412,FA,9.6251700,0.0006700,-0.0006700,0
1791.01,233684293,FA,48.4808217,0.0043323,-0.0043323,0
1792.01,29191596,PC,8.8164887,0.0002842,-0.0002842,0
1793.01,304142124,CP,55.0870000,0.0200000,-0.0200000,0
1794.01,286916251,CP,8.7655468,0.0000339,-0.0000339,0
1795.01,135083444,FP,2.7917911,0.0006135,-0.0006135,0
1796.01,138819293,KP,2.6438856,0.0000316,-0.0000316,0
1797.01,368435330,CP,3.6451549,0.0000140,-0.0000140,0
1797.02,368435330,CP,1.0376109,0.0000082,-0.0000082,0
1798.01,198153540,CP,8.0214735,0.0000281,-0.0000281,0
1798.02,198153540,CP,0.4378083,0.0000071,-0.0000071,0
1799.01,8967242,CP,7.0938530,0.0020861,-0.0020861,0
180.01,51912829,APC,0.8353899,0.0000317,-0.0000317,0
1800.01,17993892,KP,4.1244833,0.0000044,-0.0000044,0
1801.01,119584412,CP,10.6439385,0.0000687,-0.0000687,0
1802.01,138762614,PC,16.7961107,0.0057962,-0.0057962,0
1803.01,144401492,PC,12.8858629,0.0000625,-0.0000625,0
1803.02,144401492,PC,6.2932111,0.0000397,-0.0000397,0
1804.01,148679712,PC,4.9246365,0.0000204,-0.0000204,0
1805.01,165763244,PC,24.0510453,0.0000580,-0.0000580,0
1806.01,166648874,CP,15.1512051,0.0001358,-0.0001358,0
1806.02,166648874,PC,8.1960758,0.0000292,-0.0000292,0
1806.03,166648874,PC,0.5019031,0.0000187,-0.0000187,0
1807.01,180695581,CP,0.5493700,0.0000015,-0.0000015,0
1808.01,307734817,FP,2.1075001,0.0002032,-0.0002032,0
1809.01,347329162,KP,4.6170519,0.0000053,-0.0000053,0
181.01,76923707,CP,4.5320502,0.0000030,-0.0000030,0
1810.01,373693175,KP,1.3273482,0.0000006,-0.0000006,0
1811.01,376524552,CP,3.7130701,0.0000018,-0.0000018,0
1812.01,207425167,PC,,,,0
1812.02,207425167,PC,11.6098182,0.0000418,-0.0000418,0
1812.03,207425167,PC,48.3320223,0.0040631,-0.0040631,0
1813.01,377290815,FP,0.7980000,0.0000200,-0.0000200,0
1814.01,160440924,PC,6.3684627,0.0000711,-0.0000711,0
1815.01,233720539,FP,2.5553320,0.0000009,-0.0000009,0
1816.01,237108272,FA,22.7873000,0.0034500,-0.0034500,0
1817.01,285094173,PC,13.3983724,0.0000686,-0.0000686,0
1818.01,330799746,PC,5.5115114,0.0000174,-0.0000174,0
1819.01,341815767,FA,3.0937400,0.0001400,-0.0001400,0
182.01,76989773,APC,1.7691800,0.0000300,-0.0000300,0
1820.01,393831507,CP,4.8606730,0.0000064,-0.0000064,0
1821.01,82308728,KP,9.4893231,0.0000357,-0.0000357,0
1822.01,9392421,APC,9.6136615,0.0000168,-0.0000168,0
1823.01,142381532,CP,38.8135498,0.0000351,-0.0000351,0
1824.01,142387023,CP,22.8085719,0.0000606,-0.0000606,0
1825.01,229750058,PC,10.1824299,0.0000058,-0.0000058,0
1826.01,229400092,CP,4.1419805,0.0000009,-0.0000009,0
1827.01,390651552,CP,1.4671190,0.0000025,-0.0000025,0
1828.01,232982938,CP,9.0941239,0.0000137,-0.0000137,0
1829.01,235905185,PC,6.2895835,0.0000034,-0.0000034,0
183.01,183979262,FP,3.4307565,0.0000639,-0.0000639,0
1830.01,20182165,FP,9.7815625,0.0000201,-0.0000201,0
1831.01,27194429,APC,0.5553244,0.0000257,-0.0000257,0
1832.01,307956397,PC,4.1508569,0.0000041,-0.0000041,0
1833.01,61098812,KP,3.6935997,0.0000016,-0.0000016,0
1834.01,71612483,APC,1.2164402,0.0000006,-0.0000006,0
1835.01,347332255,PC,5.6419598,0.0011470,-0.0011470,0
1835.02,347332255,PC,,,,0
1836.01,207468071,CP,20.3807824,0.0000178,-0.0000178,0
1836.02,207468071,FP,1.7727505,0.0000041,-0.0000041,0
1837.01,144441148,APC,5.8182239,0.0006762,-0.0006762,0
1838.01,162689341,KP,2.1747062,0.0000018,-0.0000018,0
1839.01,381714186,PC,1.4238067,0.0000067,-0.0000067,0
184.01,300871545,FP,4.8170684,0.0000003,-0.0000003,0
1840.01,165987272,KP,7.8456075,0.0000096,-0.0000096,0
1841.01,168699373,KP,4.3011975,0.0000036,-0.0000036,0
1842.01,404505029,CP,9.5739531,0.0000200,-0.0000200,0
1843.01,258871793,FP,9.1469122,0.0002954,-0.0002954,0
1844.01,198108326,KP,3.2130578,0.0000010,-0.0000010,0
1845.01,272758199,PC,3.6610026,0.0000012,-0.0000012,0
1846.01,198385543,CP,3.9306746,0.0000072,-0.0000072,0
1847.01,54002556,KP,35.4557945,0.0001427,-0.0001427,0
1847.02,54002556,PC,12.7645811,0.0001440,-0.0001440,0
1848.01,219824469,FP,5.4809161,0.0000197,-0.0000197,0
1849.01,23740089,APC,9.8627560,0.0000132,-0.0000132,0
185.01,100100827,KP,0.9414525,0.0000001,-0.0000001,0
1850.01,149577217,APC,7.3914300,0.0005700,-0.0005700,0
1851.01,378976682,APC,6.0179742,0.0000186,-0.0000186,0
1852.01,219728669,PC,2.3601883,0.0000057,-0.0000057,0
1853.01,73540072,CP,1.2436239,0.0000046,-0.0000046,0
1854.01,157225097,PC,2.5267353,0.0002970,-0.0002970,0
1855.01,81247740,CP,1.3641482,0.0000008,-0.0000008,0
1856.01,224313733,FP,197.0336254,0.0003266,-0.0003266,0
1857.01,180652891,APC,0.7759895,0.0000007,-0.0000007,0
1858.01,424733642,PC,2.0912089,0.0000025,-0.0000025,0
1859.01,229742722,CP,63.4839358,0.0002256,-0.0002256,0
186.01,279741379,CP,35.6134391,0.0000324,-0.0000324,0
186.02,279741379,CP,7.7897726,0.0000193,-0.0000193,0
1860.01,202426247,CP,1.0662082,0.0000018,-0.0000018,0
1861.01,323295479,PC,742.5142746,0.0001166,-0.0001166,0
1862.01,321668398,CP,5.6442112,0.0000047,-0.0000047,0
1863.01,356919658,FP,1.4261100,0.0000100,-0.0000100,0
1864.01,229791084,KP,1.6453265,0.0000003,-0.0000003,0
1865.01,207425203,APC,1.2239134,0.0000030,-0.0000030,0
1866.01,400430915,PC,2.1863095,0.0000198,-0.0000198,0
1867.01,400476523,FP,18.1067100,0.0003900,-0.0003900,0
1868.01,230087585,PC,8.8263579,0.0000133,-0.0000133,0
1869.01,299780329,PC,1.6024387,0.0000075,-0.0000075,0
187.01,260304296,APC,0.5125807,0.0000109,-0.0000109,0
1870.01,230375747,PC,2.7633917,0.0000013,-0.0000013,0
1871.01,233503636,FP,3.4061200,0.0003000,-0.0003000,0
1872.01,229490898,PC,2.2349708,0.0000022,-0.0000022,0
1873.01,328933398,PC,24.9341884,0.0001389,-0.0001389,0
1873.02,328933398,PC,900.1930987,0.0069492,-0.0069492,0
1873.03,328933398,PC,7.0056805,0.0000242,-0.0000242,0
1874.01,232641326,APC,17.8683999,0.0000352,-0.0000352,0
1875.01,233047097,PC,11.3091849,0.0000142,-0.0000142,0
1876.01,233078665,PC,6.4827647,0.0000067,-0.0000067,0
1877.01,233497719,FP,3.8015910,0.0000019,-0.0000019,0
1878.01,219762508,PC,3.2351013,0.0000043,-0.0000043,0
1879.01,243335710,PC,13.7045951,0.0000498,-0.0000498,0
188.01,280830734,APC,1.1619531,0.0000060,-0.0000060,0
1880.01,359357695,PC,1.7263781,0.0000028,-0.0000028,0
1881.01,59859387,FP,1.1203828,0.0000012,-0.0000012,0
1882.01,396368313,PC,3.0898836,0.0000026,-0.0000026,0
1883.01,348755728,CP,4.5063838,0.0000103,-0.0000103,0
1884.01,219879302,PC,6.7822781,0.0000035,-0.0000035,0
1885.01,258510872,CP,6.5440665,0.0000080,-0.0000080,0
1886.01,403136415,PC,2.5128483,0.0000020,-0.0000020,0
1887.01,229586455,PC,2.2001583,0.0000044,-0.0000044,0
1888.01,459997997,FP,5.5474850,0.0000254,-0.0000254,0
1889.01,139771134,APC,0.9134495,0.0000037,-0.0000037,0
189.01,278866211,FP,2.1940616,0.0000005,-0.0000005,0
1890.01,288636599,PC,19.9676936,0.0000418,-0.0000418,0
1891.01,139198430,APC,15.3617729,0.0000085,-0.0000085,0
1892.01,63698669,PC,1837.8897313,0.0000697,-0.0000697,0
1893.01,264544388,PC,,,,0
1894.01,280865159,PC,739.2389832,0.0094750,-0.0094750,0
1895.01,384159646,PC,748.0739416,0.0011631,-0.0011631,0
1896.01,174302697,PC,,,,0
1897.01,420645189,FP,48.5340395,0.0003159,-0.0003159,0
1897.02,420645189,FP,48.5338626,0.0021795,-0.0021795,0
1898.01,91987762,CP,45.5221456,0.0000476,-0.0000476,0
1899.01,172370679,CP,29.0902271,0.0000739,-0.0000739,0
190.01,166739520,KP,10.0205998,0.0000046,-0.0000046,0
1900.01,178879588,KP,3.0566277,0.0001220,-0.0001220,0
1901.01,19684256,KP,1.3666563,0.0000012,-0.0000012,0
1902.01,272212970,KP,1.6091845,0.0000029,-0.0000029,0
1903.01,77156657,KP,3.8404319,0.0000097,-0.0000097,0
1904.01,272213425,KP,4.3247708,0.0000072,-0.0000072,0
1905.01,429302040,KP,5.7222600,0.0001100,-0.0001100,0
1906.01,308098254,KP,9.6246665,0.0000175,-0.0000175,0
1907.01,453789494,KP,5.4774433,0.0000044,-0.0000044,0
1908.01,37718056,KP,3.6568800,0.0005300,-0.0005300,0
1909.01,232038798,KP,4.1536624,0.0000027,-0.0000027,0
191.01,183532609,KP,8.1587261,0.0000012,-0.0000012,0
1910.01,437261733,KP,5.4161129,0.0000165,-0.0000165,0
1911.01,44745133,KP,7.8181434,0.0000637,-0.0000637,0
1912.01,50712784,KP,5.4053583,0.0000092,-0.0000092,0
1913.01,53458803,KP,3.3489038,0.0000705,-0.0000705,0
1914.01,53750200,KP,4.1933422,0.0001751,-0.0001751,0
1915.01,98283926,KP,2.2920348,0.0000813,-0.0000813,0
1916.01,98545929,KP,1.8882310,0.0000055,-0.0000055,0
1917.01,339522221,KP,1.8206900,0.0001600,-0.0001600,0
1918.01,308425348,FP,3.3982900,0.0008800,-0.0008800,0
1919.01,102192004,KP,4.2337078,0.0000069,-0.0000069,0
192.01,183537452,KP,3.9227122,0.0000009,-0.0000009,0
1920.01,363851359,KP,2.5441537,0.0000113,-0.0000113,0
1921.01,112099249,KP,5.1795800,0.0012200,-0.0012200,0
1922.01,112604564,KP,4.5768651,0.0007201,-0.0007201,0
1923.01,114299824,KP,4.2042078,0.0000104,-0.0000104,0
1924.01,371443216,KP,2.8240691,0.0000005,-0.0000005,0
1925.01,118956453,KP,2.3447752,0.0000017,-0.0000017,0
1926.01,143143769,KP,1.3372349,0.0001162,-0.0001162,0
1927.01,14344979,KP,4.1117731,0.0000029,-0.0000029,0
1928.01,207077681,KP,2.2785750,0.0001318,-0.0001318,0
1929.01,157266693,KP,3.8537616,0.0000069,-0.0000069,0
193.01,183985250,CP,0.7920646,0.0000002,-0.0000002,0
1930.01,160578764,KP,2.8786641,0.0000048,-0.0000048,0
1931.01,162922904,KP,3.8186276,0.0000170,-0.0000170,0
1932.01,386259537,KP,5.6107737,0.0008925,-0.0008925,0
1933.01,172598832,KP,3.2633165,0.0008270,-0.0008270,0
1934.01,125739286,KP,4.5111234,0.0000030,-0.0000030,0
1935.01,176685457,KP,4.4352884,0.0000128,-0.0000128,0
1936.01,178289267,KP,2.3506186,0.0000010,-0.0000010,0
1937.01,268301217,CP,0.9466787,0.0000005,-0.0000005,0
1938.01,128449971,APC,12.7060866,0.0000600,-0.0000600,0
1939.01,325172035,FP,2.8970202,0.0002676,-0.0002676,0
194.01,211438925,KP,4.8996461,0.0000010,-0.0000010,0
1940.01,7413227,APC,3.4158668,0.0000038,-0.0000038,0
1941.01,167009792,FP,1.1330500,0.0000100,-0.0000100,0
1942.01,308919449,FP,1.6563738,0.0000064,-0.0000064,0
1943.01,382980571,PC,1.7425730,0.0000058,-0.0000058,0
1944.01,461080504,FP,6.0988471,0.0019955,-0.0019955,0
1945.01,357536526,FP,1.5736300,0.0001800,-0.0001800,0
1946.01,127315102,FP,10.8458712,0.0000235,-0.0000235,0
1947.01,460140752,FP,12.0077462,0.0000122,-0.0000122,0
1948.01,31268146,FP,3.6473383,0.0000150,-0.0000150,0
1949.01,334125713,PC,4.6211026,0.0000226,-0.0000226,0
195.01,230982885,KP,2.0727598,0.0000004,-0.0000004,0
1950.01,327663613,FP,1.4114400,0.0005200,-0.0005200,0
1951.01,356590734,PC,4.8294060,0.0000018,-0.0000018,0
1952.01,394509844,FP,6.8913200,0.0006900,-0.0006900,0
1953.01,242536549,FP,0.6923563,0.0000013,-0.0000013,0
1954.01,466113537,PC,4.9064175,0.0008330,-0.0008330,0
1955.01,166184426,FP,16.3152000,0.0012500,-0.0012500,0
1956.01,334911765,FP,0.8895800,0.0002900,-0.0002900,0
1957.01,302659412,FP,14.5187891,0.0000888,-0.0000888,0
1958.01,356747847,PC,14.6483913,0.0000501,-0.0000501,0
1959.01,400323948,FP,3.2242808,0.0016209,-0.0016209,0
196.01,234519192,PC,1.1630372,0.0000031,-0.0000031,0
1960.01,318828309,PC,5.3418199,0.0000819,-0.0000819,0
1961.01,179319057,PC,6.7018963,0.0000337,-0.0000337,0
1962.01,141663464,FP,1.7644700,0.0001200,-0.0001200,0
1963.01,190271688,FP,12.6534664,0.0000065,-0.0000065,0
1964.01,242083025,PC,0.6466988,0.0000052,-0.0000052,0
1965.01,295354126,FP,2.2778177,0.0000065,-0.0000065,0
1966.01,242120884,PC,0.6227257,0.0000044,-0.0000044,0
1967.01,320079492,APC,0.4262223,0.0000051,-0.0000051,0
1968.01,210445631,APC,3.9719500,0.0003600,-0.0003600,0
1969.01,293708935,FP,2.6855915,0.0005546,-0.0005546,0
197.01,441462736,CP,14.2781220,0.0033388,-0.0033388,0
1970.01,162695785,PC,2.5599667,0.0000013,-0.0000013,0
1971.01,253132689,FP,3.2178240,0.0000074,-0.0000074,0
1972.01,267414551,PC,4.7631000,0.0011500,-0.0011500,0
1973.01,47617161,PC,3.9194856,0.0000045,-0.0000045,0
1974.01,295562522,APC,5.4382180,0.0000110,-0.0000110,0
1975.01,467281353,FP,2.8319354,0.0000214,-0.0000214,0
1976.01,329888006,APC,7.6943096,0.0000080,-0.0000080,0
1977.01,383531859,FP,17.0614756,0.0000755,-0.0000755,0
1978.01,458856474,FP,6.0783344,0.0009106,-0.0009106,0
1979.01,458857720,FP,1.3092400,0.0001000,-0.0001000,0
198.01,12421862,CP,10.2150168,0.0000524,-0.0000524,0
1980.01,127793615,FP,9.2789800,0.0010300,-0.0010300,0
1981.01,378613125,PC,2.4763492,0.0000124,-0.0000124,0
1982.01,437329044,PC,17.1725007,0.0000370,-0.0000370,0
1983.01,89535068,FP,6.1110945,0.0039656,-0.0039656,0
1984.01,162246865,FP,0.5646193,0.0000021,-0.0000021,0
1985.01,469212332,APC,30.7864669,0.0000341,-0.0000341,0
1986.01,468997317,APC,7.5043829,0.0006197,-0.0006197,0
1987.01,349088467,APC,2.5861465,0.0000031,-0.0000031,0
1988.01,161156159,FP,2.2818488,0.0000038,-0.0000038,0
1989.01,324395151,FP,3.4551479,0.0002397,-0.0002397,0
199.01,309792357,CP,104.8729635,0.0000414,-0.0000414,0
1990.01,457939414,FP,3.7899524,0.0010899,-0.0010899,0
1991.01,82707763,FP,6.6570835,0.0000030,-0.0000030,0
1992.01,147340931,FP,4.3122400,0.0001300,-0.0001300,0
1993.01,453464017,FP,3.9416903,0.0000016,-0.0000016,0
1994.01,445903569,CP,4.0337201,0.0000033,-0.0000033,0
1995.01,299023386,PC,3.1056464,0.0000147,-0.0000147,0
1996.01,275384718,FP,7.7243300,0.0008300,-0.0008300,0
1997.01,142378043,PC,1.8359766,0.0000028,-0.0000028,0
1998.01,429295277,FP,1.1083300,0.0003200,-0.0003200,0
1999.01,447206604,APC,7.2133579,0.0000061,-0.0000061,0
200.01,410214986,CP,8.1382222,0.0000030,-0.0000030,0
2000.01,371188886,CP,9.1270519,0.0000064,-0.0000064,0
2000.02,371188886,CP,3.0983670,0.0000153,-0.0000153,0
2001.01,118084044,PC,2.7435213,0.0000042,-0.0000042,0
2002.01,356453768,FP,2.3330349,0.0000036,-0.0000036,0
2003.01,58463434,PC,,,,0
2004.01,439610306,FP,1.7998800,0.0005600,-0.0005600,0
2005.01,147660886,PC,17.3057923,0.0002883,-0.0002883,0
2006.01,41173048,FA,6.4093800,0.0001988,-0.0001988,0
2007.01,219466784,PC,,,,0
2008.01,70887357,FP,723.8345008,0.0025789,-0.0025789,0
2009.01,243187830,PC,1071.0898448,0.0003717,-0.0003717,0
201.01,350618622,CP,52.9781419,0.0000138,-0.0000138,0
201.02,350618622,PC,5.8492379,0.0000393,-0.0000393,0
2010.01,26547036,CP,1134.6723963,0.0000509,-0.0000509,0
2011.01,136916387,KP,11.5778362,0.0000184,-0.0000184,0
2011.02,136916387,KP,27.5920718,0.0000266,-0.0000266,0
2011.03,136916387,KP,,,,0
2012.01,138294130,KP,3.0565259,0.0000026,-0.0000026,0
2013.01,188589164,CP,2.6162769,0.0001133,-0.0001133,0
2014.01,198588220,KP,4.8099755,0.0000545,-0.0000545,0
2015.01,368287008,CP,3.3491408,0.0000160,-0.0000160,0
2016.01,219508169,PC,6.8161105,0.0000152,-0.0000152,0
2016.02,219508169,PC,2.4590369,0.0000041,-0.0000041,0
2016.03,219508169,PC,25.3369848,0.0005021,-0.0005021,0
2017.01,357416482,FP,5.4982600,0.0000009,-0.0000009,0
2018.01,357501308,CP,7.4355709,0.0000157,-0.0000157,0
2019.01,159781361,CP,15.3468182,0.0001010,-0.0001010,0
202.01,355509914,PC,1.7386695,0.0000052,-0.0000052,0
2020.01,39903405,KP,5.6334770,0.0000010,-0.0000010,0
2021.01,236312126,KP,3.9415041,0.0000019,-0.0000019,0
2022.01,11996814,FP,0.4487349,0.0000028,-0.0000028,0
2023.01,16884216,APC,11.1900486,0.0049587,-0.0049587,0
2024.01,255930614,KP,2.8758831,0.0000108,-0.0000108,0
2025.01,394050135,CP,8.8720542,0.0000115,-0.0000115,0
2026.01,407059875,PC,7.1925327,0.0000350,-0.0000350,0
2027.01,335996558,FP,1.4632900,0.0000200,-0.0000200,0
2028.01,336456596,FP,0.7787100,0.0000100,-0.0000100,0
2029.01,445254275,FP,2.5713400,0.0000800,-0.0000800,0
203.01,259962054,FA,51.9450900,0.0021900,-0.0021900,0
2030.01,422656370,APC,1.3254567,0.0000010,-0.0000010,0
2031.01,470127886,PC,5.7156075,0.0001693,-0.0001693,0
2032.01,470159478,APC,17.0096703,0.0000412,-0.0000412,0
2033.01,53617134,PC,18.8243063,0.0000382,-0.0000382,0
2034.01,427279997,FP,2.8945300,0.0001900,-0.0001900,0
2035.01,53709089,PC,8.5122600,0.0005400,-0.0005400,0
2036.01,368320811,PC,1.2610450,0.0000037,-0.0000037,0
2037.01,405559035,PC,11.1516668,0.0001378,-0.0001378,0
2037.02,405559035,PC,5.5470937,0.0000441,-0.0000441,0
2038.01,235937532,APC,3.7321195,0.0000062,-0.0000062,0
2039.01,237071229,PC,11.2479927,0.0000312,-0.0000312,0
204.01,281781375,PC,43.8297863,0.0001458,-0.0001458,0
2040.01,427730490,PC,3.8608551,0.0000013,-0.0000013,0
2041.01,54364414,FP,1.3747700,0.0000300,-0.0000300,0
2042.01,269424395,FP,2.4187200,0.0000900,-0.0000900,0
2043.01,346929661,PC,12.0135752,0.0000477,-0.0000477,0
2044.01,270333769,FP,4.1207509,0.0000152,-0.0000152,0
2045.01,347013211,PC,9.0776300,0.0000250,-0.0000250,0
2046.01,468574941,CP,1.4971447,0.0000181,-0.0000181,0
2047.01,363761216,FP,7.4072602,0.0000029,-0.0000029,0
2048.01,159873822,CP,13.7905315,0.0000910,-0.0000910,0
2049.01,314835525,PC,5.3032900,0.0002200,-0.0002200,0
205.01,281575427,PC,4.2529842,0.0000161,-0.0000161,0
2050.01,316468545,PC,13.5970194,0.0000484,-0.0000484,0
2051.01,375850439,PC,1.1633325,0.0000962,-0.0000962,0
2052.01,1100766816,FP,1.6226300,0.0003000,-0.0003000,0
2053.01,315755496,FP,4.2780800,0.0001300,-0.0001300,0
2054.01,378355116,FP,3.5684459,0.0000274,-0.0000274,0
2055.01,322062001,APC,4.6981739,0.0000032,-0.0000032,0
2056.01,396356111,APC,10.2207000,0.0012500,-0.0012500,0
2057.01,229888286,PC,5.5986337,0.0000177,-0.0000177,0
2058.01,326732851,FP,1.5156700,0.0000500,-0.0000500,0
2059.01,403308915,FP,3.7543552,0.0000171,-0.0000171,0
206.01,55650590,CP,0.7363132,0.0000048,-0.0000048,0
2060.01,285542903,FP,2.2657506,0.0000120,-0.0000120,0
2061.01,327577308,FP,1.4565500,0.0000400,-0.0000400,0
2062.01,373785851,FP,4.0416300,0.0000600,-0.0000600,0
2063.01,334811204,PC,21.0762600,0.0008200,-0.0008200,0
2064.01,115524421,KP,8.8036803,0.0000136,-0.0000136,0
2065.01,356710041,APC,,,,0
2066.01,141663460,FP,1.7644200,0.0000500,-0.0000500,0
2067.01,147951030,PC,8.8128067,0.0000311,-0.0000311,0
2068.01,417931300,CP,7.7690887,0.0000389,-0.0000389,0
2069.01,198187049,PC,5.9214229,0.0000143,-0.0000143,0
207.01,260271203,FP,5.6492853,0.0000274,-0.0000274,0
2070.01,233182695,PC,6.3839247,0.0000156,-0.0000156,0
2071.01,198360694,PC,5.6739336,0.0000102,-0.0000102,0
2072.01,900715901,PC,3.1679810,0.0000176,-0.0000176,0
2073.01,441642457,PC,53.1991439,0.0003934,-0.0003934,0
2074.01,158075010,PC,177.5830512,0.0050337,-0.0050337,0
2075.01,23814735,PC,4.7981694,0.0000285,-0.0000285,0
2076.01,27491137,CP,10.3563596,0.0000208,-0.0000208,0
2076.02,27491137,CP,35.1257472,0.0000992,-0.0000992,0
2076.03,27491137,CP,21.0153047,0.0000572,-0.0000572,0
2077.01,230075227,PC,6.1155829,0.0000235,-0.0000235,0
2078.01,159244568,FA,6.2772478,0.0004265,-0.0004265,0
2079.01,224298134,PC,1.4923179,0.0000079,-0.0000079,0
2079.02,224298134,PC,9.3174113,0.0000228,-0.0000228,0
208.01,314865962,PC,22.4586196,0.0000818,-0.0000818,0
2080.01,367739494,PC,63.5809449,0.0004494,-0.0004494,0
2081.01,321669174,CP,10.5054362,0.0000215,-0.0000215,0
2081.02,321669174,PC,5.1097197,0.0000195,-0.0000195,0
2082.01,160039081,PC,30.2004765,0.0001124,-0.0001124,0
2083.01,233633993,PC,17.9696390,0.0000835,-0.0000835,0
2084.01,441738827,CP,6.0784031,0.0000658,-0.0000658,0
2084.02,441738827,FP,8.1490285,0.0001847,-0.0001847,0
2085.01,103633672,PC,,,,0
2086.01,230387153,PC,41.7540004,0.0004176,-0.0004176,0
2086.02,230387153,PC,20.2616550,0.0000931,-0.0000931,0
2087.01,219462190,PC,,,,0
2088.01,441765914,CP,124.7298700,0.0005675,-0.0005675,0
2089.01,341815197,PC,49.9950015,0.0004592,-0.0004592,0
209.01,52204645,APC,4.3794298,0.0000070,-0.0000070,0
2090.01,233721037,PC,230.9221200,0.0152682,-0.0152682,0
2091.01,219778329,PC,177.2188871,0.0077568,-0.0077568,0
2092.01,393965778,PC,4.3032642,0.0000131,-0.0000131,0
2093.01,402898317,CP,53.8108713,0.0002349,-0.0002349,0
2094.01,356016119,PC,18.7931749,0.0000384,-0.0000384,0
2095.01,235678745,CP,17.6648660,0.0000480,-0.0000480,0
2095.02,235678745,CP,28.1722501,0.0000885,-0.0000885,0
2096.01,142748283,CP,3.1190716,0.0000129,-0.0000129,0
2096.02,142748283,CP,6.3878202,0.0000140,-0.0000140,0
2097.01,279982557,FP,1.7890217,0.0000363,-0.0000363,0
2098.01,356700488,PC,,,,0
2099.01,230386397,FP,19.5078657,0.0001229,-0.0001229,0
210.01,141608198,PC,9.0105414,0.0000094,-0.0000094,0
2100.01,219436394,PC,23.6573994,0.0000807,-0.0000807,0
2101.01,165527918,PC,9.0753271,0.0000193,-0.0000193,0
2102.01,289590465,PC,6.7060238,0.0000181,-0.0000181,0
2102.02,289590465,PC,,,,0
2103.01,160491359,PC,2.6620728,0.0000119,-0.0000119,0
2103.02,160491359,PC,20.2926468,0.0001656,-0.0001656,0
2104.01,367630162,PC,3.2723118,0.0000094,-0.0000094,0
2104.02,367630162,PC,5.9043690,0.0000245,-0.0000245,0
2104.03,367630162,PC,15.1808746,0.0000843,-0.0000843,0
2104.04,367630162,PC,1.9803146,0.0000073,-0.0000073,0
2104.05,367630162,PC,9.5611100,0.0000835,-0.0000835,0
2105.01,156199502,PC,15.9152686,0.0000544,-0.0000544,0
2106.01,393911494,FP,0.6332593,0.0000131,-0.0000131,0
2107.01,446549906,CP,2.4545700,,,0
2108.01,347538174,APC,6.8019625,0.0007853,-0.0007853,0
2109.01,392476080,CP,0.6724900,0.0000200,-0.0000200,0
211.01,300293197,APC,6.5638575,0.0000019,-0.0000019,0
2110.01,394029948,FA,32.7663900,0.0024500,-0.0024500,0
2111.01,356235833,FP,1.2680452,0.0000019,-0.0000019,0
2112.01,427320001,PC,14.0120582,0.0001565,-0.0001565,0
2112.02,427320001,PC,155.8237000,0.0019447,-0.0019447,0
2113.01,1400212743,FP,5.2461200,0.0040000,-0.0040000,0
2114.01,9828416,PC,6.2099619,0.0000060,-0.0000060,0
2115.01,54464870,FP,3.6944323,0.0000183,-0.0000183,0
2116.01,422838133,FP,5.3089937,0.0000210,-0.0000210,0
2117.01,279212407,FP,28.6620782,0.0005842,-0.0005842,0
2118.01,17416749,FP,2.3448300,0.0003300,-0.0003300,0
2119.01,236387002,CP,7.2008611,0.0000019,-0.0000019,0
212.01,206609630,APC,0.3352715,0.0000008,-0.0000008,0
2120.01,389900760,CP,5.7998189,0.0000140,-0.0000140,0
2121.01,88996391,APC,2.3195654,0.0000347,-0.0000347,0
2122.01,311408969,KP,3.5852284,0.0000033,-0.0000033,0
2123.01,105840719,PC,10.3088514,0.0000334,-0.0000334,0
2124.01,159742538,KP,3.5539283,0.0000021,-0.0000021,0
2125.01,116242971,KP,5.0316347,0.0000024,-0.0000024,0
2126.01,116264089,KP,1.3061880,0.0000003,-0.0000003,0
2127.01,21744120,KP,5.5080682,0.0000717,-0.0000717,0
2128.01,21832928,CP,16.3413889,0.0001279,-0.0001279,0
2129.01,101721385,KP,4.6276640,0.0000055,-0.0000055,0
213.01,234345288,PC,23.5199045,0.0000622,-0.0000622,0
213.02,234345288,PC,7.7565534,0.0000286,-0.0000286,0
2130.01,320798691,KP,5.0052605,0.0000071,-0.0000071,0
2131.01,27848472,KP,1.8468345,0.0000015,-0.0000015,0
2132.01,358516596,KP,3.2440454,0.0000054,-0.0000054,0
2133.01,39200363,PC,3.8266587,0.0000159,-0.0000159,0
2134.01,75878355,CP,9.2292078,0.0000056,-0.0000056,0
2134.02,75878355,CP,95.8531625,0.0000329,-0.0000329,0
2135.01,76419763,KP,2.7884723,0.0000010,-0.0000010,0
2136.01,336128819,CP,7.8519082,0.0000367,-0.0000367,0
2137.01,23059280,APC,14.1502269,0.0000273,-0.0000273,0
2138.01,336267424,FP,1.4821845,0.0000007,-0.0000007,0
2139.01,308172249,KP,1.4013784,0.0000009,-0.0000009,0
214.01,167415965,PC,18.5537012,0.0000293,-0.0000293,0
214.02,167415965,PC,9.6959610,0.0000461,-0.0000461,0
2140.01,399860444,KP,2.4706114,0.0000006,-0.0000006,0
2141.01,287256467,CP,18.2616878,0.0000545,-0.0000545,0
2142.01,44313455,PC,9.3004351,0.0000510,-0.0000510,0
2143.01,103195323,PC,5.5899401,0.0000079,-0.0000079,0
2144.01,428988981,PC,37.3415931,0.0001724,-0.0001724,0
2145.01,88992642,CP,10.2611329,0.0000140,-0.0000140,0
2146.01,158916431,FP,5.8924856,0.0000110,-0.0000110,0
2147.01,341630071,PC,26.2049782,0.0000928,-0.0000928,0
2148.01,233569098,FP,23.4852200,0.0001400,-0.0001400,0
2149.01,1716467085,PC,0.5842495,0.0000003,-0.0000003,0
215.01,231912935,PC,26.2851404,0.0000617,-0.0000617,0
2150.01,230267547,FP,2.2263798,0.0000123,-0.0000123,0
2151.01,23389848,FP,15.6464300,0.0022000,-0.0022000,0
2152.01,395393265,CP,3.3772835,0.0001472,-0.0001472,0
2153.01,406855039,FP,2.7180835,0.0000227,-0.0000227,0
2154.01,428787891,CP,3.8240826,0.0000026,-0.0000026,0
2155.01,461591646,CP,3.7246883,0.0000045,-0.0000045,0
2156.01,258402425,FP,0.6755400,0.0001600,-0.0001600,0
2157.01,298495970,FP,8.4249043,0.0000068,-0.0000068,0
2158.01,342642208,CP,8.6007557,0.0000168,-0.0000168,0
2159.01,270515566,APC,10.0509704,0.0000124,-0.0000124,0
216.01,55652896,CP,34.5059318,0.0000092,-0.0000092,0
216.02,55652896,CP,17.3890454,0.0000479,-0.0000479,0
2160.01,284477310,PC,2.2390502,0.0000113,-0.0000113,0
2161.01,366563452,FP,1.5873866,0.0000120,-0.0000120,0
2162.01,284564230,FP,12.9773004,0.0000349,-0.0000349,0
2163.01,43429656,PC,5.2132496,0.0000244,-0.0000244,0
2164.01,49967354,FP,1.0933300,0.0003700,-0.0003700,0
2165.01,73560357,APC,0.9499997,0.0000026,-0.0000026,0
2166.01,233680651,PC,5.1354577,0.0000137,-0.0000137,0
2167.01,160162987,FP,23.0531698,0.0000728,-0.0000728,0
2168.01,364075352,FP,37.8363300,0.0004000,-0.0004000,0
2169.01,8516795,PC,8.2148505,0.0000472,-0.0000472,0
217.01,260043723,FP,3.1385875,0.0000032,-0.0000032,0
2170.01,154741689,PC,9.2786686,0.0000580,-0.0000580,0
2171.01,75656058,FA,1.7816600,0.0002500,-0.0002500,0
2172.01,76197937,FA,1.7825200,0.0007400,-0.0007400,0
2173.01,293567206,FP,0.6856225,0.0000018,-0.0000018,0
2174.01,159815224,PC,2.9601848,0.0000123,-0.0000123,0
2175.01,405717754,KP,4.4379727,0.0000096,-0.0000096,0
2176.01,123495874,KP,7.8914271,0.0000331,-0.0000331,0
2177.01,123233041,KP,3.5224751,0.0000151,-0.0000151,0
2178.01,164892194,KP,3.0241110,0.0000122,-0.0000122,0
2179.01,237913194,CP,15.1689723,0.0005880,-0.0005880,0
218.01,32090583,PC,0.4384814,0.0000284,-0.0000284,0
218.02,32090583,PC,8.3522143,0.0000145,-0.0000145,0
2180.01,298663873,CP,260.1740061,0.0004755,-0.0004755,0
2181.01,233068569,PC,8.3790570,0.0000182,-0.0000182,0
2182.01,268823307,KP,3.5484481,0.0000162,-0.0000162,0
2183.01,1715469662,PC,6.5011256,0.0000051,-0.0000051,0
2184.01,176956893,CP,6.9067868,0.0000097,-0.0000097,0
2185.01,355096431,PC,7.2147718,0.0013355,-0.0013355,0
2186.01,238171173,PC,4.4769220,0.0000059,-0.0000059,0
2187.01,270472265,PC,2.7492277,0.0000021,-0.0000021,0
2188.01,260797169,PC,3.7350510,0.0000050,-0.0000050,0
2189.01,270342589,PC,4.4343277,0.0000044,-0.0000044,0
219.01,260609205,FP,4.4617755,0.0000012,-0.0000012,0
2190.01,389421473,PC,5.3160704,0.0000096,-0.0000096,0
2191.01,262471759,PC,4.0115394,0.0004694,-0.0004694,0
2192.01,277890574,PC,6.2643442,0.0000065,-0.0000065,0
2193.01,401604346,CP,2.1223673,0.0001355,-0.0001355,0
2194.01,271478281,CP,15.3419095,0.0000454,-0.0000454,0
2195.01,24695044,PC,4.1645140,0.0000014,-0.0000014,0
2196.01,372172128,CP,1.1953968,0.0002673,-0.0002673,0
2197.01,389352124,KP,4.9546480,0.0000018,-0.0000018,0
2198.01,100566492,KP,4.9549631,0.0004805,-0.0004805,0
2199.01,369455629,KP,3.3771114,0.0003257,-0.0003257,0
220.01,150098860,CP,10.6953083,0.0000122,-0.0000122,0
2200.01,142105158,PC,2.9360281,0.0000029,-0.0000029,0
2201.01,219306934,PC,1.3477642,0.0000031,-0.0000031,0
2202.01,358107516,CP,11.9124942,0.0000092,-0.0000092,0
2203.01,355600246,APC,3.0563100,0.0000644,-0.0000644,0
2204.01,467971286,KP,2.2250514,0.0002006,-0.0002006,0
2205.01,260298958,FP,0.8891483,0.0000010,-0.0000010,0
2206.01,381856447,KP,1.7690121,0.0000456,-0.0000456,0
2207.01,90850770,CP,8.0004890,0.0000185,-0.0000185,0
2208.01,38680052,PC,0.6743453,0.0000011,-0.0000011,0
2209.01,271806353,PC,3.4391152,0.0000094,-0.0000094,0
221.01,316937670,FP,0.6242500,0.0000330,-0.0000330,0
2210.01,317089588,PC,12.7846809,0.0000230,-0.0000230,0
2211.01,212253390,CP,3.0911721,0.0009293,-0.0009293,0
2212.01,280803917,PC,5.1293855,0.0000034,-0.0000034,0
2213.01,406318573,PC,5.1792820,0.0000115,-0.0000115,0
2214.01,272236017,PC,2.4156482,0.0000039,-0.0000039,0
2215.01,425561347,CP,5.7772122,0.0000128,-0.0000128,0
2216.01,39018923,PC,5.6807412,0.0000164,-0.0000164,0
2217.01,234330672,PC,3.8300359,0.0000044,-0.0000044,0
2218.01,348995212,APC,0.3456911,0.0000001,-0.0000001,0
2219.01,278138619,PC,10.1688722,0.0000808,-0.0000808,0
222.01,144440290,FP,,,,0
2220.01,150437346,PC,1.3926549,0.0000006,-0.0000006,0
2221.01,441420236,CP,8.4536777,,,0
2222.01,306510653,PC,2.2456869,0.0000010,-0.0000010,0
2223.01,273695332,PC,6.9309657,0.0000320,-0.0000320,0
2224.01,388198242,PC,0.5055105,0.0000029,-0.0000029,0
2225.01,271891552,PC,3.5775562,0.0000079,-0.0000079,0
2226.01,403135192,PC,0.9017685,0.0000003,-0.0000003,0
2227.01,405425498,APC,4.2217717,0.0000087,-0.0000087,0
2227.02,405425498,APC,11.5472009,0.0000250,-0.0000250,0
2228.01,61733521,FP,3.3629600,0.0000700,-0.0000700,0
2229.01,143410850,PC,4.9866800,0.0001100,-0.0001100,0
223.01,326453034,FA,14.4459180,0.0038330,-0.0038330,0
2230.01,129432342,FP,1.7921700,0.0003900,-0.0003900,0
2231.01,100504381,FA,5.4627800,0.0000038,-0.0000038,0
2232.01,439444938,PC,11.4595900,0.0045200,-0.0045200,0
2233.01,421455387,APC,2.5087600,0.0000100,-0.0000100,0
2234.01,271491157,APC,2.9161500,0.0005400,-0.0005400,0
2235.01,267093376,APC,17.1401200,0.0000600,-0.0000600,0
2236.01,394722182,CP,3.5315897,0.0000031,-0.0000031,0
2237.01,389238529,FP,0.4964200,0.0001100,-0.0001100,0
2238.01,231077395,PC,3.3904897,0.0000138,-0.0000138,0
2239.01,388130235,FP,92.1950921,0.0002330,-0.0002330,0
224.01,70797900,APC,705.5844658,0.0000042,-0.0000042,0
2240.01,98494121,FP,3.0655500,0.0000200,-0.0000200,0
2241.01,96973930,PC,3.3243000,0.0000400,-0.0000400,0
2242.01,92562123,PC,6.5314400,0.0054500,-0.0054500,0
2243.01,1990842033,APC,5.4141800,0.0006900,-0.0006900,0
2244.01,1989628303,PC,5.4637700,0.0004300,-0.0004300,0
2245.01,278415929,PC,3.7981107,0.0000183,-0.0000183,0
2246.01,349786918,FP,2.9663437,0.0000184,-0.0000184,0
2247.01,376168473,FA,5.4140200,0.0007000,-0.0007000,0
2248.01,179580045,PC,62.1624516,0.0001656,-0.0001656,0
2249.01,152714791,FP,1.2734900,0.0003200,-0.0003200,0
225.01,47525799,PC,,,,0
2250.01,264303333,FP,0.8153098,0.0000022,-0.0000022,0
2251.01,229715760,PC,11.5743561,0.0000185,-0.0000185,0
2252.01,233066156,PC,12.3796490,0.0000579,-0.0000579,0
2253.01,367855829,FA,85.4244796,0.0017222,-0.0017222,0
2254.01,233688779,PC,26.4579842,0.0001103,-0.0001103,0
2255.01,265146266,PC,11.9526103,0.0000323,-0.0000323,0
2256.01,262880065,PC,13.9631929,0.0028891,-0.0028891,0
2257.01,198485881,CP,35.1896444,0.0002240,-0.0002240,0
2258.01,219821826,FP,9.6799809,0.0000069,-0.0000069,0
2259.01,219501568,PC,16.5899263,0.0000558,-0.0000558,0
226.01,47484268,FP,,,,0
2260.01,232568235,CP,0.3524597,0.0000005,-0.0000005,0
2261.01,229787062,PC,1.9011452,0.0000044,-0.0000044,0
2262.01,165530380,PC,1.4937444,0.0000097,-0.0000097,0
2263.01,159400561,PC,,,,0
2264.01,235943205,PC,121.3342908,0.0004162,-0.0004162,0
2265.01,310231275,PC,0.8294084,0.0000374,-0.0000374,0
2266.01,8348911,CP,2.3263430,0.0000145,-0.0000145,0
2267.01,459837008,CP,3.4950422,0.0000087,-0.0000087,0
2267.02,459837008,PC,2.0344366,0.0000119,-0.0000119,0
2267.03,459837008,CP,2.2891027,0.0000100,-0.0000100,0
2268.01,20203297,PC,7.1566025,0.0009128,-0.0009128,0
2269.01,441798995,FA,1.4206036,0.0000237,-0.0000237,0
2269.02,441798995,PC,2.8411415,0.0000133,-0.0000133,0
2269.03,441798995,PC,10.4029111,0.0000317,-0.0000317,0
227.01,2760710,FA,,,,0
2270.01,198178505,PC,,,,0
2271.01,258389327,APC,26.5456672,0.0000318,-0.0000318,0
2272.01,265460043,APC,32.8236817,0.0090141,-0.0090141,0
2273.01,142117976,PC,46.5710978,0.0003644,-0.0003644,0
2274.01,289164482,CP,2.6796164,0.0000072,-0.0000072,0
2274.02,289164482,PC,1.1188024,0.0000029,-0.0000029,0
2275.01,272679240,PC,20.1546939,0.0000597,-0.0000597,0
2276.01,198456933,PC,76.8663962,0.0006695,-0.0006695,0
2277.01,288516853,PC,,,,0
2278.01,243313296,PC,1.4663344,0.0000084,-0.0000084,0
2279.01,115623434,PC,3.1434463,0.0000070,-0.0000070,0
228.01,77044471,KP,2.6865041,0.0000053,-0.0000053,0
2280.01,115583726,PC,18.6016754,0.0010578,-0.0010578,0
2281.01,264171144,PC,210.6683580,0.0020938,-0.0020938,0
2282.01,237211410,PC,12.5520766,0.0000490,-0.0000490,0
2283.01,198211976,FA,0.4018586,0.0000140,-0.0000140,0
2284.01,115446313,FP,4.9707023,0.0000263,-0.0000263,0
2285.01,329148988,CP,27.2672016,0.0002043,-0.0002043,0
2286.01,237201858,PC,179.4031712,0.0014116,-0.0014116,0
2287.01,160077104,PC,11.8120707,0.0000551,-0.0000551,0
2288.01,462615350,PC,8.9172211,0.0000176,-0.0000176,0
2289.01,82452140,PC,63.3954500,0.0007535,-0.0007535,0
229.01,120610833,KP,3.1260778,0.0000023,-0.0000023,0
2290.01,321688498,PC,0.3862197,0.0000091,-0.0000091,0
2291.01,236934937,PC,9.4058770,0.0000225,-0.0000225,0
2292.01,236934268,PC,7.0767314,0.0000653,-0.0000653,0
2293.01,71347873,PC,6.0683318,0.0000169,-0.0000169,0
2294.01,284361752,PC,340.3877311,0.0100323,-0.0100323,0
2295.01,48018596,PC,60.0663200,0.0000773,-0.0000773,0
2296.01,165554103,PC,139.2632286,0.0051524,-0.0051524,0
2297.01,233500935,PC,22.0487750,0.0001787,-0.0001787,0
2298.01,229608594,PC,,,,0
2299.01,362220495,FA,165.0031583,0.0112449,-0.0112449,0
230.01,160074939,FA,13.3401450,0.0043640,-0.0043640,0
2300.01,280031353,PC,4.8566656,0.0000130,-0.0000130,0
2300.02,280031353,PC,15.4432661,0.0000247,-0.0000247,0
2300.03,280031353,PC,,,,0
2301.01,283829553,PC,6.0541622,0.0000485,-0.0000485,0
2302.01,144000801,APC,1.3103832,0.0001108,-0.0001108,0
2303.01,197959526,FP,0.7196291,0.0001024,-0.0001024,0
2304.01,70420766,PC,9.4070515,0.0000333,-0.0000333,0
2305.01,232079930,APC,0.9189020,0.0001013,-0.0001013,0
2306.01,147284470,PC,2.9905745,0.0000055,-0.0000055,0
2307.01,270219048,PC,2.6820061,0.0000030,-0.0000030,0
2308.01,234489976,PC,3.8686600,0.0000037,-0.0000037,0
2309.01,328012209,PC,20.2656358,0.0000924,-0.0000924,0
231.01,204376737,KP,3.3610013,0.0000005,-0.0000005,0
2310.01,38467100,PC,2.9432073,0.0000017,-0.0000017,0
2311.01,25139786,APC,1.5933772,0.0001759,-0.0001759,0
2312.01,147425389,PC,3.1856867,0.0000042,-0.0000042,0
2313.01,325468685,PC,1.8905304,0.0000029,-0.0000029,0
2314.01,355446093,PC,15.9375460,0.0065295,-0.0065295,0
2315.01,302333151,APC,1.4407070,0.0000018,-0.0000018,0
2316.01,61980227,FP,3.0958985,0.0002913,-0.0002913,0
2317.01,274599700,FP,,,,0
2318.01,88840705,APC,,,,0
2319.01,349488688,CP,,,,0
2319.02,349488688,KP,11.6207544,0.0000701,-0.0000701,0
232.01,402026209,KP,1.3382314,0.0000003,-0.0000003,0
2320.01,207501148,FP,,,,0
2321.01,138126035,PC,716.3497402,0.0000010,-0.0000010,0
2322.01,300812741,CP,20.2254946,0.0000487,-0.0000487,0
2322.02,300812741,CP,11.3071786,0.0000621,-0.0000621,0
2323.01,293527670,FP,0.9865600,,,0
2324.01,69819610,PC,1.0361758,0.0000047,-0.0000047,0
2325.01,152800085,APC,4.2699100,0.0000200,-0.0000200,0
2326.01,175456679,PC,58.9970907,0.0000250,-0.0000250,0
2327.01,177308364,PC,82.7899763,0.0001757,-0.0001757,0
2328.01,394287035,CP,17.1019622,0.0000234,-0.0000234,0
2329.01,238920875,PC,6.5346715,0.0000078,-0.0000078,0
233.01,415969908,PC,11.6700285,0.0000150,-0.0000150,0
233.02,415969908,PC,7.2011383,0.0000181,-0.0000181,0
2330.01,180991313,KP,2.2088214,0.0000022,-0.0000022,0
2331.01,168751223,PC,4.7150942,0.0000239,-0.0000239,0
2332.01,286000547,PC,7.4972297,0.0000123,-0.0000123,0
2333.01,358579111,PC,14.2197641,0.0001137,-0.0001137,0
2334.01,200743403,PC,7.9980831,0.0000263,-0.0000263,0
2335.01,160003961,APC,1.4492052,0.0000033,-0.0000033,0
2336.01,88902249,CP,7.7119842,0.0000298,-0.0000298,0
2337.01,230001847,CP,2.9942630,0.0000146,-0.0000146,0
2338.01,24358417,CP,22.6539607,0.0000398,-0.0000398,0
2339.01,279514271,PC,9.7728388,0.0000516,-0.0000516,0
234.01,12423815,PC,2.8392793,0.0000029,-0.0000029,0
2340.01,29959761,FP,1.6471574,0.0000022,-0.0000022,0
2341.01,100267480,FP,0.8774100,0.0000600,-0.0000600,0
2342.01,100589632,FP,3.9471567,0.0000114,-0.0000114,0
2343.01,166834768,PC,3.2553185,0.0000144,-0.0000144,0
2344.01,311179742,PC,8.3129806,0.0000959,-0.0000959,0
2345.01,91555165,CP,1.0526157,0.0000871,-0.0000871,0
2345.02,91555165,CP,42.1289893,0.0070766,-0.0070766,0
2346.01,317483660,PC,3.3311975,0.0000068,-0.0000068,0
2347.01,301343785,APC,1.1736318,0.0000047,-0.0000047,0
2348.01,317019074,PC,1.2043785,0.0000040,-0.0000040,0
2349.01,405452527,APC,11.5738497,0.0000186,-0.0000186,0
235.01,280095254,PC,10.0902590,0.0000042,-0.0000042,0
2350.01,47601197,PC,8.6251769,0.0026704,-0.0026704,0
2350.02,47601197,PC,4.8714085,0.0036335,-0.0036335,0
2351.01,290036495,APC,5.2524792,0.0000035,-0.0000035,0
2352.01,32925763,PC,1.6804461,0.0000066,-0.0000066,0
2353.01,177079323,PC,5.7517969,0.0000203,-0.0000203,0
2354.01,219766989,FP,0.5109902,0.0000008,-0.0000008,0
2355.01,124515764,PC,1.2709769,0.0000087,-0.0000087,0
2356.01,30947715,PC,3.6627500,0.0007800,-0.0007800,0
2357.01,124206468,PC,7.0924883,0.0000166,-0.0000166,0
2358.01,124095888,FP,1.1258127,0.0000028,-0.0000028,0
2359.01,436102447,PC,5.1858000,0.0010400,-0.0010400,0
236.01,9727392,FP,4.5344510,0.0001180,-0.0001180,0
2360.01,31656385,FP,22.8451800,0.0002000,-0.0002000,0
2361.01,204671232,PC,8.7154600,0.0011300,-0.0011300,0
2362.01,302924206,PC,6.9444047,0.0000190,-0.0000190,0
2363.01,445456888,PC,5.5436298,0.0000134,-0.0000134,0
2364.01,39414571,CP,4.0197555,0.0000041,-0.0000041,0
2365.01,344085117,FP,0.6597520,0.0000015,-0.0000015,0
2366.01,39218269,APC,17.1869882,0.0001376,-0.0001376,0
2367.01,441159680,PC,5.7498400,0.0000100,-0.0000100,0
2368.01,401125028,CP,5.1750108,0.0000040,-0.0000040,0
2369.01,220068921,PC,3.3637600,0.0006800,-0.0006800,0
237.01,305048087,CP,5.4361667,0.0000167,-0.0000167,0
2370.01,347357977,PC,12.6826724,0.0001138,-0.0001138,0
2371.01,432132155,PC,4.8984239,0.0000138,-0.0000138,0
2372.01,189620016,FP,1.1792344,0.0001304,-0.0001304,0
2373.01,332558858,CP,13.3368173,0.0000579,-0.0000579,0
2374.01,439366538,CP,4.3136200,0.0000100,-0.0000100,0
2375.01,164150537,PC,6.1600755,0.0000141,-0.0000141,0
2376.01,326522874,PC,3.1821969,0.0000110,-0.0000110,0
2377.01,146165619,APC,1.6766585,0.0000048,-0.0000048,0
2378.01,231063955,PC,3.4972769,0.0000035,-0.0000035,0
2379.01,201177276,CP,5.4693888,0.0000036,-0.0000036,0
238.01,9006668,CP,1.2730965,0.0000027,-0.0000027,0
2380.01,176220787,KP,5.2153618,0.0000027,-0.0000027,0
2381.01,39080923,PC,5.0451188,0.0000033,-0.0000033,0
2382.01,2760219,PC,4.6612025,0.0000061,-0.0000061,0
2383.01,20897611,APC,3.1353607,0.0000096,-0.0000096,0
2384.01,382602147,CP,2.1357026,0.0000009,-0.0000009,0
2385.01,231850364,PC,3.1581288,0.0000027,-0.0000027,0
2386.01,32487566,KP,2.7567395,0.0001044,-0.0001044,0
2387.01,237885040,APC,5.6601098,0.0001809,-0.0001809,0
2388.01,382625239,PC,1.3442724,0.0000123,-0.0000123,0
2389.01,89544985,PC,2.3372423,0.0000037,-0.0000037,0
239.01,9725627,KP,4.1567834,0.0000020,-0.0000020,0
2390.01,369965258,PC,2.1192866,0.0000043,-0.0000043,0
2391.01,299897516,PC,7.8369842,0.0000105,-0.0000105,0
2392.01,149349867,PC,5.9123675,0.0000147,-0.0000147,0
2392.02,149349867,PC,3.4072141,0.0000104,-0.0000104,0
2392.03,149349867,PC,9.1696498,0.0000845,-0.0000845,0
2393.01,231071138,PC,18.8418400,0.0000700,-0.0000700,0
2394.01,144297844,PC,3.4977868,0.0000190,-0.0000190,0
2395.01,144124187,PC,7.8686762,0.0000423,-0.0000423,0
2396.01,333734769,APC,1.5099302,0.0000050,-0.0000050,0
2397.01,306337838,PC,6.0032700,0.0000200,-0.0000200,0
2398.01,322807675,PC,19.4061437,0.0000313,-0.0000313,0
2399.01,219701535,PC,5.4681892,0.0000164,-0.0000164,0
240.01,101948569,PC,19.4723016,0.0000766,-0.0000766,0
2400.01,260849386,FP,1.0339000,0.0001200,-0.0001200,0
2401.01,11521555,PC,5.8681984,0.0000074,-0.0000074,0
2402.01,1525480,PC,5.5094951,0.0000170,-0.0000170,0
2403.01,293435336,KP,1.8098811,0.0000004,-0.0000004,0
2404.01,142087638,PC,20.3627410,0.0000539,-0.0000539,0
2404.02,142087638,FP,74.6068965,0.0004401,-0.0004401,0
2404.03,142087638,FP,74.6065192,0.0002822,-0.0002822,0
2405.01,231297123,PC,1.9792573,0.0000090,-0.0000090,0
2406.01,212957629,CP,3.0766835,0.0000057,-0.0000057,0
2407.01,153078576,CP,2.7029187,0.0001022,-0.0001022,0
2408.01,67630845,PC,9.4636148,0.0000410,-0.0000410,0
2409.01,321068176,FA,12.9696927,0.0020055,-0.0020055,0
241.01,77031414,KP,1.3866519,0.0000007,-0.0000007,0
2410.01,248391319,APC,0.7988525,0.0000017,-0.0000017,0
2411.01,10837041,CP,0.7827650,0.0001170,-0.0001170,0
2412.01,684936227,FA,15.2985900,0.0027400,-0.0027400,0
2413.01,206498307,FP,13.4190392,0.0039000,-0.0039000,0
2414.01,237320326,KP,1.7771109,0.0000706,-0.0000706,0
2415.01,161223358,PC,0.5153654,0.0000050,-0.0000050,0
2416.01,237922465,CP,8.2754608,0.0000149,-0.0000149,0
2417.01,49617263,FP,4.8326600,0.0000500,-0.0000500,0
2418.01,65347776,FP,25.8669600,0.0002500,-0.0002500,0
2419.01,358248442,PC,18.8812961,0.0001579,-0.0001579,0
242.01,120585579,FP,6.3403150,0.0003670,-0.0003670,0
2420.01,268532343,CP,5.8425900,0.0000200,-0.0000200,0
2421.01,70524163,CP,4.3474000,0.0000100,-0.0000100,0
2422.01,29919341,APC,18.2360300,0.0000700,-0.0000700,0
2423.01,197807043,PC,,,,0
2424.01,313891529,FP,12.3750537,0.0039816,-0.0039816,0
2425.01,248387177,PC,50.6939885,0.0002554,-0.0002554,0
2426.01,97486178,PC,4.0816500,0.0000400,-0.0000400,0
2427.01,142937186,CP,1.3061300,0.0001400,-0.0001400,0
2428.01,274193763,APC,7.5701700,0.0008100,-0.0008100,0
2429.01,420051632,PC,7.0846492,0.0000138,-0.0000138,0
243.01,149010208,APC,3.4373093,0.0000028,-0.0000028,0
2430.01,23170835,PC,1.1007100,,,0
2431.01,258804746,CP,0.2241950,0.0000004,-0.0000004,0
2432.01,347553438,PC,1.8273800,0.0011400,-0.0011400,0
2433.01,405763009,PC,,,,0
2434.01,155001079,APC,1.3808138,0.0000791,-0.0000791,0
2435.01,298164705,PC,,,,0
2436.01,154568734,PC,,,,0
2437.01,251094370,PC,5.1660127,0.0014862,-0.0014862,0
2438.01,686072378,FP,1.9426003,0.0000532,-0.0000532,0
2439.01,274194927,PC,14.3614789,0.0037923,-0.0037923,0
244.01,118327550,CP,7.3972160,0.0000144,-0.0000144,0
2440.01,129839175,APC,0.6461571,0.0000156,-0.0000156,0
2441.01,219175972,PC,12.8900899,0.0000319,-0.0000319,0
2441.02,219175972,PC,5.5514857,0.0000436,-0.0000436,0
2442.01,168871868,FP,17.1217196,0.0000328,-0.0000328,0
2443.01,318753380,CP,15.6692322,0.0021405,-0.0021405,0
2444.01,29959760,APC,1.6473887,0.0001243,-0.0001243,0
2445.01,439867639,CP,0.3711334,0.0000158,-0.0000158,0
2446.01,142868621,PC,18.6858620,0.0021040,-0.0021040,0
2447.01,1167538,CP,,,,0
2448.01,231721005,FP,9.0182016,0.0000418,-0.0000418,0
2448.02,231721005,PC,19.7580247,0.0000970,-0.0000970,0
2449.01,170729775,CP,16.6542431,0.0000283,-0.0000283,0
245.01,154618248,PC,8.7709021,0.0000097,-0.0000097,0
2450.01,408114363,PC,17.8832414,0.0021954,-0.0021954,0
2451.01,4294779,FP,0.3438892,0.0000446,-0.0000446,0
2452.01,219208037,FP,0.9776805,0.0001306,-0.0001306,0
2453.01,59128183,PC,4.4414275,0.0000088,-0.0000088,0
2454.01,67782629,PC,8.5063687,0.0035080,-0.0035080,0
2455.01,434260570,PC,4.7204890,0.0000021,-0.0000021,0
2456.01,311271011,PC,,,,0
2457.01,117799904,PC,14.1993538,0.0040069,-0.0040069,0
2458.01,449197831,CP,3.7369689,0.0009496,-0.0009496,0
2459.01,192790476,CP,19.1047019,0.0000417,-0.0000417,0
246.01,158623531,KP,7.8728937,0.0000048,-0.0000048,0
2460.01,454224694,APC,0.5154610,0.0000460,-0.0000460,0
2461.01,411839167,KP,6.1802614,0.0000066,-0.0000066,0
2462.01,248434780,PC,12.8643168,0.0044143,-0.0044143,0
2463.01,452375478,PC,10.6079445,0.0009522,-0.0009522,0
2464.01,32949762,KP,3.7684981,0.0000066,-0.0000066,0
2465.01,146523262,PC,3.7592050,0.0007472,-0.0007472,0
2466.01,293612446,KP,2.6266983,0.0000010,-0.0000010,0
2467.01,71013298,PC,1.7556616,0.0000111,-0.0000111,0
2468.01,31114545,FP,24.4232697,0.0001365,-0.0001365,0
2469.01,117843067,FP,2.3767548,0.0003986,-0.0003986,0
247.01,160148385,KP,3.4252563,0.0000011,-0.0000011,0
2470.01,298981199,PC,7.1853092,0.0000491,-0.0000491,0
2471.01,71088556,PC,6.5857043,0.0000367,-0.0000367,0
2472.01,248650906,PC,,,,0
2473.01,399868187,PC,1.2311781,0.0000015,-0.0000015,0
2474.01,449257028,PC,4.2787520,0.0027305,-0.0027305,0
2475.01,373453507,FP,15.7925628,0.0001402,-0.0001402,0
2476.01,43868600,APC,3.8865992,0.0000301,-0.0000301,0
2477.01,412054152,PC,34.7769296,0.0006345,-0.0006345,0
2478.01,262435954,PC,2.6473916,0.0008483,-0.0008483,0
2479.01,167661160,PC,36.8382429,0.0001748,-0.0001748,0
248.01,201793781,PC,5.9910569,0.0000134,-0.0000134,0
2480.01,1449756,FP,11.3543085,0.0023415,-0.0023415,0
2481.01,262258341,PC,11.9948320,0.0000954,-0.0000954,0
2482.01,117938087,PC,14.9315582,0.0002251,-0.0002251,0
2483.01,219151731,FP,1.4853364,0.0000052,-0.0000052,0
2484.01,68035559,PC,8.3272872,0.0000257,-0.0000257,0
2485.01,328934463,CP,11.2347982,0.0000537,-0.0000537,0
2486.01,369376388,PC,1.5411764,0.0000035,-0.0000035,0
2487.01,394346745,PC,3.4024655,0.0000032,-0.0000032,0
2488.01,139251123,PC,10.7668398,0.0000364,-0.0000364,0
2489.01,279327604,APC,1.4269510,0.0001724,-0.0001724,0
249.01,179985715,PC,6.6153188,0.0000158,-0.0000158,0
2490.01,77437543,PC,,,,0
2491.01,80567842,APC,5.9277700,0.0004025,-0.0004025,0
2492.01,282498590,FP,10.1004307,0.0000155,-0.0000155,0
2493.01,123664207,PC,,,,0
2494.01,282576340,PC,8.3761316,0.0000117,-0.0000117,0
2494.02,282576340,PC,2.4087648,0.0000207,-0.0000207,0
2495.01,33091590,PC,7.7953850,0.0030242,-0.0030242,0
2496.01,160328683,PC,1.5746828,0.0000266,-0.0000266,0
2497.01,97568467,CP,10.6556940,0.0000146,-0.0000146,0
2498.01,263179590,CP,3.7382381,0.0000148,-0.0000148,0
2499.01,67196573,APC,2.5574812,0.0000034,-0.0000034,0
250.01,184240683,KP,1.6284288,0.0000005,-0.0000005,0
2500.01,206785987,PC,2.9553140,0.0000073,-0.0000073,0
2501.01,134471108,PC,5.3262922,0.0000290,-0.0000290,0
2502.01,52689469,KP,3.1413825,0.0003680,-0.0003680,0
2503.01,124778445,KP,1.6751568,0.0001458,-0.0001458,0
2504.01,206906112,PC,13.5853506,0.0000488,-0.0000488,0
2505.01,443127052,PC,2.8972041,0.0000251,-0.0000251,0
2506.01,393298446,APC,14.9695925,0.0003288,-0.0003288,0
2507.01,354519019,PC,17.3051476,0.0001055,-0.0001055,0
2508.01,147430118,PC,1.6951056,0.0000147,-0.0000147,0
2509.01,143282930,APC,1.5339665,0.0000156,-0.0000156,0
251.01,224225541,CP,4.9377227,0.0000089,-0.0000089,0
2510.01,170103435,FP,1.9785151,0.0000058,-0.0000058,0
2511.01,124702477,FP,0.7951534,0.0000016,-0.0000016,0
2512.01,124491883,PC,2.3933087,0.0000779,-0.0000779,0
2513.01,59842822,PC,2.5577037,0.0000234,-0.0000234,0
2514.01,317134140,PC,6.3951381,0.0001339,-0.0001339,0
2515.01,123627908,PC,5.9016526,0.0007076,-0.0007076,0
2516.01,295947393,APC,5.4927168,0.0000319,-0.0000319,0
2517.01,48178229,FP,2.6788253,0.0000283,-0.0000283,0
2518.01,96925186,PC,6.8979432,0.0000545,-0.0000545,0
2519.01,47720259,PC,6.9551801,0.0000529,-0.0000529,0
252.01,237924601,APC,1.0021853,0.0000053,-0.0000053,0
2520.01,177414713,PC,2.0944084,0.0000579,-0.0000579,0
2521.01,72556406,APC,5.5630870,0.0000134,-0.0000134,0
2522.01,148883384,PC,2.0988541,0.0002283,-0.0002283,0
2523.01,443213925,PC,4.6410823,0.0000367,-0.0000367,0
2524.01,169249234,CP,7.1858029,0.0000122,-0.0000122,0
2525.01,149601126,CP,23.3418536,0.0008837,-0.0008837,0
2525.02,149601126,CP,49.2445599,0.0001809,-0.0001809,0
2526.01,380836882,PC,8.0113850,0.0000145,-0.0000145,0
2527.01,126572546,PC,2.3018922,0.0000110,-0.0000110,0
2528.01,83154030,PC,11.7248927,0.0000891,-0.0000891,0
2529.01,269333648,CP,,,,0
253.01,322063810,PC,3.5104148,0.0000135,-0.0000135,0
2530.01,52059926,PC,,,,0
2531.01,262843259,PC,8.1484094,0.0000091,-0.0000091,0
2532.01,20579360,PC,16.7224532,0.0000643,-0.0000643,0
2533.01,418012030,PC,6.6857865,0.0000181,-0.0000181,0
2534.01,219332978,PC,,,,0
2535.01,204698337,PC,16.4452725,0.0022944,-0.0022944,0
2536.01,20299658,PC,31.9919595,0.0043957,-0.0043957,0
2537.01,399967279,CP,94.0997954,0.0000892,-0.0000892,0
2538.01,443115574,PC,2.9103781,0.0000286,-0.0000286,0
2539.01,201508515,PC,0.9855860,0.0001270,-0.0001270,0
254.01,49687222,FA,20.1865390,0.0038070,-0.0038070,0
2540.01,354518617,PC,12.7187255,0.0000408,-0.0000408,0
2540.02,354518617,APC,22.0819969,0.0000818,-0.0000818,0
2541.01,31054498,PC,1.4118418,0.0000055,-0.0000055,0
2542.01,431971818,PC,4.1133928,0.0020746,-0.0020746,0
2543.01,270604417,CP,7.5427509,0.0000206,-0.0000206,0
2544.01,341419787,FP,21.0689935,0.0000770,-0.0000770,0
2545.01,149845414,CP,7.9940367,0.0000526,-0.0000526,0
2546.01,388089437,APC,2.1811989,0.0000054,-0.0000054,0
2547.01,444013020,KP,2.3114203,0.0000006,-0.0000006,0
2548.01,350293646,KP,8.5234958,0.0000030,-0.0000030,0
2548.02,350293646,CP,1.4468993,0.0000058,-0.0000058,0
2549.01,80711765,PC,4.8580501,0.0000054,-0.0000054,0
255.01,204317710,KP,2.8126485,0.0000069,-0.0000069,0
2550.01,294500964,FP,9.0702531,0.0000244,-0.0000244,0
2551.01,6276559,PC,5.4368410,0.0000454,-0.0000454,0
2552.01,31515092,PC,2.3701119,0.0000145,-0.0000145,0
2553.01,238542895,PC,8.3848067,0.0000111,-0.0000111,0
2554.01,144043410,FP,6.2636501,0.0010456,-0.0010456,0
2555.01,155491828,FP,16.0475029,0.0000372,-0.0000372,0
2556.01,468981993,APC,8.0149323,0.0000363,-0.0000363,0
2557.01,269400980,PC,9.8302309,0.0000342,-0.0000342,0
2558.01,283307274,PC,17.7859152,0.0000625,-0.0000625,0
2559.01,441453629,PC,4.2002507,0.0000077,-0.0000077,0
256.01,92226327,KP,24.7373412,0.0001405,-0.0001405,0
256.02,92226327,KP,3.7779418,0.0000085,-0.0000085,0
2560.01,441155146,PC,3.5511203,0.0006419,-0.0006419,0
2561.01,422385684,PC,2.7754004,0.0000029,-0.0000029,0
2562.01,420177051,PC,4.0483695,0.0000029,-0.0000029,0
2563.01,387409975,PC,5.0182311,0.0000086,-0.0000086,0
2564.01,334482103,PC,3.7257237,0.0000087,-0.0000087,0
2565.01,321086563,PC,3.9704457,0.0010998,-0.0010998,0
2566.01,284679064,PC,4.2102425,0.0000089,-0.0000089,0
2567.01,258920431,CP,5.9839451,0.0000082,-0.0000082,0
2568.01,257067559,PC,3.4843271,0.0000062,-0.0000062,0
2569.01,248655556,PC,13.1147744,0.0001045,-0.0001045,0
257.01,200723869,CP,18.3877081,0.0000293,-0.0000293,0
2570.01,239816546,CP,2.9887654,0.0000015,-0.0000015,0
2571.01,239638934,FP,6.0027375,0.0002206,-0.0002206,0
2572.01,234489133,PC,3.5985851,0.0000206,-0.0000206,0
2573.01,160037058,PC,4.5815438,0.0000088,-0.0000088,0
2574.01,159332859,PC,4.4817684,0.0000025,-0.0000025,0
2575.01,142784687,PC,3.1711207,0.0000105,-0.0000105,0
2576.01,115453244,PC,3.8229149,0.0000073,-0.0000073,0
2577.01,112316665,PC,3.7494409,0.0000104,-0.0000104,0
2578.01,104986789,PC,3.4580018,0.0001485,-0.0001485,0
2579.01,103751498,KP,3.7146478,0.0000015,-0.0000015,0
258.01,350445771,FP,3.1901569,0.0000026,-0.0000026,0
2580.01,102713734,CP,3.3978620,0.0001937,-0.0001937,0
2581.01,37862966,PC,3.5838508,0.0000064,-0.0000064,0
2582.01,21279791,PC,3.0183134,0.0000037,-0.0000037,0
2583.01,7548817,CP,4.5207400,0.0000088,-0.0000088,0
2584.01,458641144,PC,4.6965638,0.0000123,-0.0000123,0
2585.01,62530991,FP,4.0266483,0.0000176,-0.0000176,0
2586.01,458647887,PC,9.5835608,0.0000887,-0.0000887,0
2587.01,68007716,CP,5.4566563,0.0000166,-0.0000166,0
2588.01,284418751,PC,3.5871580,0.0000049,-0.0000049,0
2589.01,157698565,CP,61.6277000,0.0001314,-0.0001314,0
259.01,12862099,KP,2.4238226,0.0001365,-0.0001365,0
2590.01,234832821,PC,0.7460577,0.0000054,-0.0000054,0
2591.01,229285649,FP,8.4930270,0.0000054,-0.0000054,0
2592.01,284122875,PC,3.4559382,0.0000143,-0.0000143,0
2593.01,258983679,PC,1.4711386,0.0003985,-0.0003985,0
2594.01,229167359,PC,2.6828140,0.0000087,-0.0000087,0
2595.01,151284882,APC,3.8174210,0.0000253,-0.0000253,0
2596.01,37089434,APC,16.2709828,0.0000472,-0.0000472,0
2597.01,220139435,PC,3.6039259,0.0000277,-0.0000277,0
2598.01,12036590,FP,5.7343600,0.0000115,-0.0000115,0
2599.01,235333495,PC,4.1554362,0.0000451,-0.0000451,0
260.01,37749396,CP,13.4758478,0.0000219,-0.0000219,0
2600.01,234160911,PC,5.3376282,0.0000195,-0.0000195,0
2601.01,456844391,PC,6.0210332,0.0008054,-0.0008054,0
2602.01,191928543,APC,7.2340640,0.0007208,-0.0007208,0
2603.01,176772671,FP,1.3326579,0.0000018,-0.0000018,0
2604.01,189625051,KP,4.9088819,0.0000137,-0.0000137,0
2605.01,146776480,APC,20.6006151,0.0000359,-0.0000359,0
2606.01,355800238,PC,1.4509175,0.0000009,-0.0000009,0
2607.01,149539158,FA,2.2338786,0.0005781,-0.0005781,0
2608.01,269850928,PC,4.7246650,0.0000419,-0.0000419,0
2609.01,308883808,APC,1.1645141,0.0001696,-0.0001696,0
261.01,63898957,CP,3.3639254,0.0000156,-0.0000156,0
261.02,63898957,CP,13.0393586,0.0043165,-0.0043165,0
2610.01,268914377,FP,2.1538959,0.0001627,-0.0001627,0
2611.01,234282389,FA,0.7320175,0.0002961,-0.0002961,0
2612.01,149572298,PC,13.3572104,0.0000249,-0.0000249,0
2613.01,52315301,PC,15.2010859,0.0008081,-0.0008081,0
2614.01,263075864,PC,4.8103214,0.0000029,-0.0000029,0
2615.01,38965512,PC,2.2687617,0.0000037,-0.0000037,0
2616.01,273850708,PC,1.8531628,0.0000021,-0.0000021,0
2617.01,260537454,PC,6.3187442,0.0000035,-0.0000035,0
2618.01,231076038,PC,8.2500143,0.0000261,-0.0000261,0
2619.01,31943299,PC,12.4724734,0.0000134,-0.0000134,0
262.01,70513361,CP,11.1452784,0.0000370,-0.0000370,0
2620.01,394346647,PC,10.3558635,0.0000180,-0.0000180,0
2621.01,388202128,PC,2.4125012,0.0000044,-0.0000044,0
2622.01,382259755,PC,1.2207037,0.0000008,-0.0000008,0
2623.01,403288821,FP,0.5474737,0.0000024,-0.0000024,0
2624.01,349410350,PC,3.0235362,0.0000019,-0.0000019,0
2625.01,308396509,PC,2.1481182,0.0000011,-0.0000011,0
2626.01,300604770,PC,3.4562767,0.0000065,-0.0000065,0
2627.01,262829328,PC,1.0649771,0.0000022,-0.0000022,0
2628.01,260541432,PC,0.8715953,0.0000007,-0.0000007,0
2629.01,259901731,PC,11.4856846,0.0000362,-0.0000362,0
263.01,120916706,CP,0.5568095,0.0000089,-0.0000089,0
2630.01,391900348,PC,9.7130596,0.0000132,-0.0000132,0
2631.01,140067837,PC,6.6314357,0.0000117,-0.0000117,0
2632.01,231703293,FP,0.9071050,0.0000059,-0.0000059,0
2633.01,386131764,PC,18.1960491,0.0032317,-0.0032317,0
2634.01,318812447,PC,,,,0
2635.01,358557578,PC,7.4547813,0.0000292,-0.0000292,0
2636.01,119925436,PC,3.1054901,0.0000024,-0.0000024,0
2637.01,349408306,APC,0.1520760,0.0000018,-0.0000018,0
2638.01,458342769,PC,3.9299344,0.0000089,-0.0000089,0
2639.01,98753307,PC,15.3281169,0.0005369,-0.0005369,0
264.01,122612091,KP,2.2167400,,,0
2640.01,135036669,PC,0.9112206,0.0000803,-0.0000803,0
2641.01,162802770,CP,4.8809640,0.0000099,-0.0000099,0
2642.01,448589187,KP,3.0652926,0.0000044,-0.0000044,0
2643.01,152852327,KP,9.1720535,0.0009147,-0.0009147,0
2644.01,385332171,APC,9.7439744,0.0016644,-0.0016644,0
2645.01,372818426,PC,1.4436706,0.0000002,-0.0000002,0
2646.01,349966879,APC,0.3125737,0.0000002,-0.0000002,0
2647.01,234527228,PC,0.5136096,0.0000222,-0.0000222,0
2648.01,231833236,PC,4.7737510,0.0004928,-0.0004928,0
2649.01,230980206,PC,3.3755910,0.0003311,-0.0003311,0
265.01,159951311,KP,5.9242661,0.0000036,-0.0000036,0
2650.01,453100296,PC,2.2297350,0.0000029,-0.0000029,0
2651.01,29830212,FP,7.3164282,0.0000034,-0.0000034,0
2652.01,372852036,PC,2.4849120,0.0000033,-0.0000033,0
2653.01,149394317,APC,0.9270535,0.0000653,-0.0000653,0
2654.01,200805484,PC,2.9675990,0.0000047,-0.0000047,0
2655.01,166851829,PC,4.7277153,0.0000287,-0.0000287,0
2656.01,231065398,PC,7.7898378,0.0010879,-0.0010879,0
2657.01,160004025,PC,2.7985528,0.0000056,-0.0000056,0
2658.01,31634579,PC,8.8759249,0.0000159,-0.0000159,0
2659.01,147456499,PC,1.2558789,0.0000007,-0.0000007,0
266.01,164767175,CP,10.7510107,0.0000514,-0.0000514,0
266.02,164767175,CP,6.1913200,0.0034820,-0.0034820,0
2660.01,372817671,PC,5.0183771,0.0000234,-0.0000234,0
2661.01,144125079,PC,3.6257584,0.0000077,-0.0000077,0
2662.01,423672208,PC,3.7906870,0.0008155,-0.0008155,0
2663.01,423666115,APC,0.5822800,0.0000016,-0.0000016,0
2664.01,277871306,FP,3.9602774,0.0000040,-0.0000040,0
2665.01,186936449,PC,2.8456505,0.0000027,-0.0000027,0
2666.01,170889511,APC,,,,0
2667.01,348684813,FP,7.7517472,0.0000392,-0.0000392,0
2668.01,192076548,PC,1.1159326,0.0000028,-0.0000028,0
2669.01,348835438,CP,6.2034960,0.0000390,-0.0000390,0
267.01,166836920,KP,5.7525797,0.0000013,-0.0000013,0
2670.01,190721237,PC,12.9281223,0.0022141,-0.0022141,0
2671.01,190081497,FP,3.1630387,0.0000365,-0.0000365,0
2672.01,129372561,APC,10.7189647,0.0000565,-0.0000565,0
2673.01,1018843,PC,1.9126596,0.0000045,-0.0000045,0
2674.01,434496663,APC,7.2972359,0.0000126,-0.0000126,0
2675.01,179033846,FP,1.4768690,0.0000029,-0.0000029,0
2676.01,420016507,PC,3.4082154,0.0000072,-0.0000072,0
2677.01,398736713,PC,6.4967452,0.0006987,-0.0006987,0
2678.01,354517490,PC,3.4523955,0.0000051,-0.0000051,0
2679.01,323295908,PC,3.8539027,0.0000043,-0.0000043,0
268.01,219253008,PC,5.0661750,0.0000046,-0.0000046,0
2680.01,219366908,FP,0.6293198,0.0000012,-0.0000012,0
2681.01,209408136,PC,3.1292868,0.0000051,-0.0000051,0
2682.01,200803270,PC,2.5981987,0.0000028,-0.0000028,0
2683.01,200320748,PC,1.5292851,0.0000036,-0.0000036,0
2684.01,161568891,PC,2.4756487,0.0000106,-0.0000106,0
2685.01,161479081,PC,3.4711465,0.0000076,-0.0000076,0
2686.01,159989004,PC,3.5746058,0.0000115,-0.0000115,0
2687.01,155993822,PC,4.0944492,0.0000133,-0.0000133,0
2688.01,98728690,PC,2.1415519,0.0000177,-0.0000177,0
2689.01,92363023,PC,3.4180406,0.0000123,-0.0000123,0
269.01,220479565,CP,3.6977167,0.0000022,-0.0000022,0
2690.01,92359852,PC,4.1549988,0.0000041,-0.0000041,0
2691.01,71345362,PC,3.8821916,0.0000402,-0.0000402,0
2692.01,38399060,PC,3.6506781,0.0000077,-0.0000077,0
2693.01,30016082,PC,1.3225635,0.0000023,-0.0000023,0
2694.01,146467673,APC,1.6375324,0.0000044,-0.0000044,0
2695.01,140284353,APC,0.5566811,0.0000008,-0.0000008,0
2696.01,139445621,PC,6.4093650,0.0000111,-0.0000111,0
2697.01,139445453,PC,4.3169755,0.0000291,-0.0000291,0
2698.01,100683605,PC,3.2705630,0.0000076,-0.0000076,0
2699.01,77958378,PC,5.8259928,0.0000120,-0.0000120,0
270.01,259377017,CP,5.6605693,0.0000039,-0.0000039,0
270.02,259377017,CP,11.3795653,0.0000151,-0.0000151,0
270.03,259377017,CP,3.3601377,0.0000086,-0.0000086,0
2700.01,56096837,PC,4.6636858,0.0000072,-0.0000072,0
2701.01,44791617,PC,2.1694660,0.0000165,-0.0000165,0
2702.01,43604949,PC,1.9422802,0.0000038,-0.0000038,0
2703.01,43475220,PC,6.1735306,0.0000201,-0.0000201,0
2704.01,32677675,PC,3.6364993,0.0000028,-0.0000028,0
2705.01,169448771,PC,18.0106520,0.0001757,-0.0001757,0
2706.01,457202957,PC,1.8851834,0.0008097,-0.0008097,0
2707.01,455036659,KP,4.0072320,0.0000067,-0.0000067,0
2708.01,452810327,FP,2.3540172,0.0000065,-0.0000065,0
2709.01,452810326,PC,2.3540163,0.0000063,-0.0000063,0
271.01,259511357,APC,2.4759733,0.0000046,-0.0000046,0
2710.01,408231638,PC,10.7448417,0.0000166,-0.0000166,0
2711.01,396896334,PC,5.7604868,0.0000126,-0.0000126,0
2712.01,362026280,PC,3.0784790,0.0000135,-0.0000135,0
2713.01,332660287,FP,1.2434016,0.0000020,-0.0000020,0
2714.01,332534326,CP,2.4993895,0.0000045,-0.0000045,0
2715.01,311239796,PC,4.9640641,0.0000225,-0.0000225,0
2716.01,284859630,PC,7.5420435,0.0000270,-0.0000270,0
2717.01,269077474,FP,1.3164901,0.0000051,-0.0000051,0
2718.01,248655096,PC,2.7625084,0.0000053,-0.0000053,0
2719.01,176314383,CP,3.3759446,0.0000503,-0.0000503,0
272.01,268766053,KP,3.3098458,0.0000015,-0.0000015,0
2720.01,169448297,PC,2.1473577,0.0000137,-0.0000137,0
2721.01,167714124,PC,4.1627330,0.0000057,-0.0000057,0
2722.01,153725446,PC,0.7085480,0.0000028,-0.0000028,0
2723.01,152477897,PC,3.3843865,0.0000093,-0.0000093,0
2724.01,119290630,PC,1.4875055,0.0000005,-0.0000005,0
2725.01,100780304,APC,0.1846924,0.0000004,-0.0000004,0
2726.01,100589633,PC,3.9471513,0.0000098,-0.0000098,0
2727.01,51830822,PC,0.6711626,0.0000025,-0.0000025,0
2728.01,42763678,PC,1.7246234,0.0000036,-0.0000036,0
2729.01,39724477,PC,4.0350169,0.0000033,-0.0000033,0
273.01,279740441,FP,0.7418594,0.0000891,-0.0000891,0
2730.01,37240067,PC,2.5082498,0.0000085,-0.0000085,0
2731.01,34729329,PC,0.9953936,0.0000079,-0.0000079,0
2732.01,34466256,FP,0.7029205,0.0000019,-0.0000019,0
2733.01,34266522,PC,3.7170532,0.0000216,-0.0000216,0
2734.01,21505121,PC,4.5879078,0.0000315,-0.0000315,0
2735.01,20069685,PC,1.9663653,0.0000017,-0.0000017,0
2736.01,91869778,FP,3.4771921,0.0000096,-0.0000096,0
2737.01,445946478,PC,3.3328544,0.0000273,-0.0000273,0
2738.01,445145355,PC,1.5174038,0.0002969,-0.0002969,0
2739.01,319473643,PC,3.1474843,0.0000029,-0.0000029,0
274.01,281979481,FP,0.5417947,0.0000051,-0.0000051,0
2740.01,301281965,APC,0.5348968,0.0000017,-0.0000017,0
2741.01,283303192,PC,2.9884191,0.0000039,-0.0000039,0
2742.01,282102605,PC,1.2541679,0.0005660,-0.0005660,0
2743.01,280212554,FP,1.1472535,0.0000118,-0.0000118,0
2744.01,279989567,FP,0.7871770,0.0000036,-0.0000036,0
2745.01,237770757,APC,1.7932884,0.0000018,-0.0000018,0
2746.01,237736186,PC,4.9208778,0.0000269,-0.0000269,0
2747.01,237632488,APC,0.5209929,0.0000011,-0.0000011,0
2748.01,237552878,PC,4.7838171,0.0000262,-0.0000262,0
2749.01,235448190,PC,6.9724832,0.0000770,-0.0000770,0
275.01,373844472,APC,0.9195617,0.0000001,-0.0000001,0
2750.01,235300016,PC,6.8204309,0.0000123,-0.0000123,0
2751.01,231157209,PC,7.4710819,0.0000267,-0.0000267,0
2752.01,170367033,PC,4.9197461,0.0000115,-0.0000115,0
2753.01,168191686,PC,1.6281719,0.0000039,-0.0000039,0
2754.01,148233571,FP,0.9422588,0.0000060,-0.0000060,0
2755.01,148004811,PC,3.3187528,0.0000131,-0.0000131,0
2756.01,147437399,APC,1.5622382,0.0000046,-0.0000046,0
2757.01,147125706,PC,3.4813976,0.0000035,-0.0000035,0
2758.01,147034452,PC,4.5302876,0.0000065,-0.0000065,0
2759.01,134315574,FP,1.5971584,0.0000092,-0.0000092,0
276.01,382188882,FP,4.8000953,0.0000013,-0.0000013,0
2760.01,130611752,FP,0.4405893,0.0000016,-0.0000016,0
2761.01,96736412,PC,6.1214801,0.0000249,-0.0000249,0
2762.01,79431527,APC,3.9072351,0.0000073,-0.0000073,0
2763.01,78441371,PC,3.9980153,0.0000085,-0.0000085,0
2764.01,53122063,PC,2.2767340,0.0000083,-0.0000083,0
2765.01,52976395,PC,1.0191022,0.0000032,-0.0000032,0
2766.01,284288093,APC,7.2748135,0.0000055,-0.0000055,0
2767.01,48806546,PC,0.9340570,0.0000052,-0.0000052,0
2768.01,443556801,CP,1.5080197,0.0000049,-0.0000049,0
2769.01,443534757,PC,3.0885800,0.0000106,-0.0000106,0
277.01,439456714,CP,3.9934418,0.0000083,-0.0000083,0
2770.01,438057373,PC,4.5697688,0.0000152,-0.0000152,0
2771.01,437893926,FP,3.8454384,0.0000154,-0.0000154,0
2772.01,435934762,PC,2.8504334,0.0000054,-0.0000054,0
2773.01,420962989,APC,0.5993364,0.0000021,-0.0000021,0
2774.01,388934707,PC,4.4430866,0.0000101,-0.0000101,0
2775.01,36574157,FP,3.7804749,0.0000199,-0.0000199,0
2776.01,35636165,PC,3.4590552,0.0000164,-0.0000164,0
2777.01,35483319,PC,1.9297769,0.0000112,-0.0000112,0
2778.01,332860211,PC,4.4445101,0.0000048,-0.0000048,0
2779.01,319735319,FP,2.9038027,0.0000138,-0.0000138,0
278.01,244161191,PC,0.2990390,0.0000056,-0.0000056,0
2780.01,317546777,PC,4.9062135,0.0000233,-0.0000233,0
2781.01,317417916,PC,2.7636665,0.0000091,-0.0000091,0
2782.01,306903715,PC,4.8680805,0.0002220,-0.0002220,0
2783.01,302976834,PC,2.3044132,0.0000014,-0.0000014,0
2784.01,302766000,FP,0.2573207,0.0000005,-0.0000005,0
2785.01,300204369,PC,11.5054399,0.0000257,-0.0000257,0
2786.01,281987399,PC,3.7576217,0.0000221,-0.0000221,0
2787.01,270677031,PC,4.3217658,0.0000471,-0.0000471,0
2788.01,255756918,PC,4.0646554,0.0000117,-0.0000117,0
2789.01,251209368,FP,3.0071496,0.0000390,-0.0000390,0
279.01,122613513,PC,11.4707838,0.0001502,-0.0001502,0
2790.01,247518629,PC,2.3341583,0.0000028,-0.0000028,0
2791.01,237406657,PC,3.7482756,0.0005589,-0.0005589,0
2792.01,237362186,PC,7.1185659,0.0000456,-0.0000456,0
2793.01,235077268,PC,0.3559702,0.0000007,-0.0000007,0
2794.01,232139628,PC,4.7654865,0.0000290,-0.0000290,0
2795.01,232052748,PC,3.6337247,0.0000066,-0.0000066,0
2796.01,220076110,CP,4.8084980,0.0000063,-0.0000063,0
2797.01,206897186,PC,4.2380604,0.0000186,-0.0000186,0
2798.01,160347548,PC,3.9944740,0.0000096,-0.0000096,0
2799.01,156887426,PC,1.4367914,0.0000009,-0.0000009,0
280.01,42054565,PC,10.1843061,0.0000407,-0.0000407,0
2800.01,147804034,PC,7.7538288,0.0000227,-0.0000227,0
2801.01,140287227,PC,5.4139736,0.0000227,-0.0000227,0
2802.01,139444326,PC,3.5266608,0.0000167,-0.0000167,0
2803.01,124379043,CP,1.9622920,0.0000014,-0.0000014,0
2804.01,44764338,PC,4.8033954,0.0000145,-0.0000145,0
2805.01,5024743,FP,12.4498835,0.0000498,-0.0000498,0
2806.01,193220940,PC,11.4045112,0.0001119,-0.0001119,0
2807.01,11936042,PC,3.9919157,0.0000174,-0.0000174,0
2808.01,192988021,PC,9.4453763,0.0000345,-0.0000345,0
2809.01,45655786,PC,3.1660849,0.0000762,-0.0000762,0
281.01,38696105,PC,5.5765364,0.0000068,-0.0000068,0
2810.01,80682484,PC,8.4035706,0.0000536,-0.0000536,0
2811.01,78775584,FP,5.5553784,0.0000348,-0.0000348,0
2812.01,105801221,FP,3.0750728,0.0000330,-0.0000330,0
2813.01,133427311,PC,4.5654898,0.0000176,-0.0000176,0
2814.01,268187322,PC,5.4793350,0.0001774,-0.0001774,0
2815.01,306663205,PC,3.4044402,0.0000175,-0.0000175,0
2816.01,131581522,FP,3.0591680,0.0000302,-0.0000302,0
2817.01,285526706,PC,6.2804387,0.0000180,-0.0000180,0
2818.01,151483286,CP,4.0397189,0.0000031,-0.0000031,0
2819.01,387275908,APC,4.3905983,0.0001447,-0.0001447,0
282.01,29781292,CP,56.0045056,0.0002073,-0.0002073,0
282.02,29781292,FA,31.3231200,0.0035400,-0.0035400,0
282.03,29781292,CP,84.2607645,0.0008756,-0.0008756,0
282.04,29781292,CP,22.8909855,0.0001340,-0.0001340,0
2820.01,130948731,PC,13.3454771,0.0007368,-0.0007368,0
2821.01,281489322,PC,0.2856701,0.0000006,-0.0000006,0
2822.01,130349701,PC,2.8798613,0.0000211,-0.0000211,0
2823.01,271035369,PC,4.7962078,0.0000062,-0.0000062,0
2824.01,128135100,PC,2.2087864,0.0000358,-0.0000358,0
2825.01,268496304,PC,5.9492615,0.0000350,-0.0000350,0
2826.01,123462119,PC,1.9275568,0.0000016,-0.0000016,0
2827.01,440775339,PC,5.3393042,0.0000138,-0.0000138,0
2828.01,268042363,FP,4.6141256,0.0000178,-0.0000178,0
2829.01,114103134,FP,1.1468708,0.0001179,-0.0001179,0
283.01,382626661,CP,17.6174652,0.0000326,-0.0000326,0
2830.01,307456716,APC,4.2555436,0.0000284,-0.0000284,0
2831.01,259165246,PC,2.6926692,0.0000103,-0.0000103,0
2832.01,107340585,PC,2.6889686,0.0000096,-0.0000096,0
2833.01,238335094,PC,4.3897272,0.0000227,-0.0000227,0
2833.02,238335094,PC,1.8947564,0.0003977,-0.0003977,0
2834.01,156172268,PC,4.6391531,0.0000073,-0.0000073,0
2835.01,98286422,FP,2.9646096,0.0000027,-0.0000027,0
2836.01,144628120,PC,3.2379325,0.0000059,-0.0000059,0
2837.01,238020894,APC,0.8602467,0.0000723,-0.0000723,0
2838.01,81231810,FP,5.4521068,0.0000342,-0.0000342,0
2839.01,182470056,FP,0.8792680,0.0000034,-0.0000034,0
284.01,277103955,FP,1.3090665,0.0000036,-0.0000036,0
2840.01,178577607,PC,1.5324270,0.0000014,-0.0000014,0
2841.01,79930628,PC,2.1663502,0.0000119,-0.0000119,0
2842.01,178162579,CP,3.5514016,0.0000087,-0.0000087,0
2843.01,79030066,PC,1.8882882,0.0000035,-0.0000035,0
2844.01,387342052,CP,3.5524144,0.0000101,-0.0000101,0
2845.01,177612321,FP,3.1455020,0.0000223,-0.0000223,0
2846.01,66151343,PC,2.6792695,0.0000147,-0.0000147,0
2847.01,175604949,PC,2.6488450,0.0000021,-0.0000021,0
2848.01,285524410,FP,3.0244222,0.0003739,-0.0003739,0
2849.01,61687533,PC,2.9510628,0.0000189,-0.0000189,0
285.01,220459976,PC,32.3325280,0.0066760,-0.0066760,0
2850.01,453105377,PC,6.6329154,0.0000096,-0.0000096,0
2851.01,174206540,PC,4.8257226,0.0000217,-0.0000217,0
2852.01,52869977,PC,0.4007770,0.0000016,-0.0000016,0
2853.01,173818213,PC,3.2923881,0.0000051,-0.0000051,0
2854.01,50989813,PC,0.9008643,0.0000046,-0.0000046,0
2855.01,437156845,FP,3.4906402,0.0000151,-0.0000151,0
2856.01,172630205,FP,0.5990920,0.0000040,-0.0000040,0
2857.01,419148828,APC,0.6216031,0.0001083,-0.0001083,0
2858.01,47587394,PC,2.4181961,0.0000155,-0.0000155,0
2859.01,157655504,PC,3.9589903,0.0000061,-0.0000061,0
286.01,150030205,CP,4.5117221,0.0000059,-0.0000059,0
286.02,150030205,CP,39.3619470,0.0001444,-0.0001444,0
2860.01,419029830,PC,4.1849602,0.0000134,-0.0000134,0
2861.01,157572174,PC,6.6269971,0.0024052,-0.0024052,0
2862.01,231937059,PC,11.4874782,0.0000319,-0.0000319,0
2863.01,412257781,FP,1.1894812,0.0000072,-0.0000072,0
2864.01,157011920,PC,0.4777885,0.0000010,-0.0000010,0
2865.01,231337271,PC,0.4516850,0.0000011,-0.0000011,0
2866.01,409896170,PC,1.5728416,0.0000025,-0.0000025,0
2867.01,156949982,PC,5.6392638,0.0000279,-0.0000279,0
2868.01,147857396,PC,9.3803217,0.0000516,-0.0000516,0
2869.01,409264172,PC,1.7198076,0.0000036,-0.0000036,0
287.01,2758565,PC,3.7815683,0.0000031,-0.0000031,0
2870.01,14709225,PC,5.7655904,0.0000105,-0.0000105,0
2871.01,155807906,FP,0.4057204,0.0000023,-0.0000023,0
2872.01,151930063,FP,5.2201338,0.0000286,-0.0000286,0
2873.01,119448220,PC,1.2520250,0.0000018,-0.0000018,0
2874.01,123106490,FP,3.3004862,0.0000165,-0.0000165,0
2875.01,385658469,PC,3.4142143,0.0000290,-0.0000290,0
2876.01,10827386,PC,6.2996307,0.0000086,-0.0000086,0
2877.01,348477542,PC,3.4074188,0.0000076,-0.0000076,0
2878.01,4999813,FP,2.0849517,0.0000225,-0.0000225,0
2879.01,146836153,FP,2.3252878,0.0002390,-0.0002390,0
288.01,47316976,PC,711.7473963,0.0038917,-0.0038917,0
2880.01,344140617,PC,4.7799716,0.0000381,-0.0000381,0
2881.01,320541238,PC,2.9301843,0.0000164,-0.0000164,0
2882.01,142405475,PC,2.0083269,0.0000484,-0.0000484,0
2883.01,319932686,PC,3.7064049,0.0000157,-0.0000157,0
2884.01,318413374,PC,2.9358860,0.0000295,-0.0000295,0
2885.01,140019355,PC,6.3350651,0.0000315,-0.0000315,0
2886.01,318796593,PC,1.6020002,0.0000013,-0.0000013,0
2887.01,134183038,PC,4.9182798,0.0002914,-0.0002914,0
2888.01,80713983,PC,4.2186520,0.0000897,-0.0000897,0
2889.01,355796887,PC,3.6579148,0.0000041,-0.0000041,0
289.01,201292545,PC,,,,0
2890.01,355655412,PC,3.1958886,0.0000047,-0.0000047,0
2891.01,342167886,PC,17.3076615,0.0000305,-0.0000305,0
2892.01,340559155,PC,14.9502738,0.0000906,-0.0000906,0
2893.01,340144218,PC,10.3629429,0.0000674,-0.0000674,0
2894.01,315120585,PC,7.4190257,0.0000222,-0.0000222,0
2895.01,315117300,PC,8.7858955,0.0001161,-0.0001161,0
2896.01,310537530,PC,1.3475728,0.0000056,-0.0000056,0
2897.01,308987429,PC,12.0040505,0.0000505,-0.0000505,0
2898.01,308612785,PC,3.6128161,0.0000136,-0.0000136,0
2899.01,307366709,PC,4.0874138,0.0000077,-0.0000077,0
290.01,201233610,FP,21.0527100,0.0000800,-0.0000800,0
2900.01,298206077,PC,1.3171730,0.0000027,-0.0000027,0
2901.01,295093397,PC,4.6086828,0.0000100,-0.0000100,0
2902.01,290302097,FP,2.9918201,0.0000130,-0.0000130,0
2903.01,268125229,PC,3.5947639,0.0000201,-0.0000201,0
2904.01,267536225,PC,7.5010022,0.0000929,-0.0000929,0
2905.01,260120451,PC,11.8790678,0.0000638,-0.0000638,0
2906.01,192259856,PC,3.7062792,0.0000089,-0.0000089,0
2907.01,192003741,PC,3.1686320,0.0000322,-0.0000322,0
2908.01,191671884,PC,5.4631023,0.0000447,-0.0000447,0
2909.01,191496430,PC,3.0688259,0.0000135,-0.0000135,0
291.01,49710555,FP,12.0883700,0.0000600,-0.0000600,0
2910.01,141574742,PC,3.3080662,0.0002923,-0.0002923,0
2911.01,141141249,PC,1.7701321,0.0000496,-0.0000496,0
2912.01,118406995,PC,8.7614828,0.0000215,-0.0000215,0
2913.01,101588793,PC,7.0317936,0.0000171,-0.0000171,0
2914.01,90127880,PC,3.0515894,0.0003149,-0.0003149,0
2915.01,89617284,PC,5.1304425,0.0000136,-0.0000136,0
2916.01,76663549,PC,3.9216762,0.0000064,-0.0000064,0
2917.01,75744886,PC,7.9018734,0.0000228,-0.0000228,0
2918.01,74881311,PC,9.5680636,0.0000632,-0.0000632,0
2919.01,74274839,PC,4.6957057,0.0000097,-0.0000097,0
292.01,180285396,PC,10.3688702,0.0000169,-0.0000169,0
2920.01,48210046,PC,3.2003149,0.0000041,-0.0000041,0
2921.01,45896295,PC,3.0044799,0.0000056,-0.0000056,0
2922.01,45492609,PC,1.3605223,0.0000040,-0.0000040,0
2923.01,45299834,PC,4.3226285,0.0000102,-0.0000102,0
2924.01,45048546,PC,7.3498345,0.0003753,-0.0003753,0
2925.01,44510874,PC,1.5720089,0.0000047,-0.0000047,0
2926.01,34499178,PC,2.4249041,0.0000187,-0.0000187,0
2927.01,33651215,PC,1.3868302,0.0000031,-0.0000031,0
2928.01,33159936,PC,2.8457134,0.0000232,-0.0000232,0
2929.01,31975443,PC,2.0391352,0.0000109,-0.0000109,0
293.01,355637190,APC,0.8054361,0.0000006,-0.0000006,0
2930.01,30300445,PC,7.2041454,0.0000454,-0.0000454,0
2931.01,29505837,PC,8.6681997,0.0000798,-0.0000798,0
2932.01,29418536,PC,3.2569118,0.0000112,-0.0000112,0
2933.01,29336129,FP,1.6363822,0.0004120,-0.0004120,0
2934.01,28945511,PC,1.1239749,0.0000062,-0.0000062,0
2935.01,24837152,PC,5.5698287,0.0000233,-0.0000233,0
2936.01,22020459,FP,1.3328042,0.0000100,-0.0000100,0
2937.01,18794442,PC,2.0139493,0.0000142,-0.0000142,0
2938.01,11417087,PC,4.9424560,0.0000046,-0.0000046,0
2939.01,5485318,PC,4.8306667,0.0000141,-0.0000141,0
294.01,188570092,CP,7.3279450,0.0000056,-0.0000056,0
2940.01,5224772,PC,4.5991516,0.0000094,-0.0000094,0
2941.01,4729001,APC,0.7127815,0.0000012,-0.0000012,0
2942.01,3840990,PC,3.5257230,0.0000205,-0.0000205,0
2943.01,3233861,PC,0.7123317,0.0000021,-0.0000021,0
2944.01,340700241,FP,7.7925448,0.0001543,-0.0001543,0
2945.01,286152207,PC,3.2006677,0.0000141,-0.0000141,0
2946.01,302798365,PC,4.9186433,0.0000032,-0.0000032,0
2947.01,374847873,FP,2.0391741,0.0000049,-0.0000049,0
2948.01,357896777,PC,2.7557652,0.0000057,-0.0000057,0
2949.01,357299852,PC,2.8652288,0.0000047,-0.0000047,0
295.01,327952677,KP,3.3969441,0.0000024,-0.0000024,0
2950.01,356206412,PC,3.2690486,0.0000061,-0.0000061,0
2951.01,304025075,FP,3.0290563,0.0000605,-0.0000605,0
2952.01,302527524,PC,10.7844934,0.0000174,-0.0000174,0
2953.01,469184909,FP,1.2926975,0.0000034,-0.0000034,0
2954.01,464328419,PC,4.8401948,0.0000059,-0.0000059,0
2955.01,464326872,PC,0.5542332,0.0000017,-0.0000017,0
2956.01,463508231,PC,4.1277280,0.0000050,-0.0000050,0
2957.01,463469906,PC,1.5314941,0.0000812,-0.0000812,0
2958.01,463203560,FP,1.9905105,0.0000051,-0.0000051,0
2959.01,462162963,FP,1.3550447,0.0002258,-0.0002258,0
296.01,382463648,PC,25.2580075,0.0000960,-0.0000960,0
2960.01,462072242,PC,2.0916623,0.0000140,-0.0000140,0
2961.01,446684383,PC,4.6259138,0.0000078,-0.0000078,0
2962.01,444394183,PC,4.0211797,0.0000183,-0.0000183,0
2963.01,441334829,FP,4.4433921,0.0000237,-0.0000237,0
2964.01,439512298,PC,3.8331282,0.0000088,-0.0000088,0
2965.01,146841337,PC,4.2672965,0.0000105,-0.0000105,0
2966.01,136504576,PC,1.5252473,0.0000103,-0.0000103,0
2967.01,103245940,FP,3.2517862,0.0000080,-0.0000080,0
2968.01,103183399,PC,0.7327757,0.0000022,-0.0000022,0
2969.01,36452991,PC,1.8237148,0.0000008,-0.0000008,0
297.01,115242351,PC,5.6748327,0.0000131,-0.0000131,0
2970.01,461136782,PC,4.4209830,0.0000128,-0.0000128,0
2971.01,453452264,PC,4.8405428,0.0000291,-0.0000291,0
2972.01,448536355,PC,2.8371201,0.0006290,-0.0006290,0
2973.01,437259571,PC,2.7519326,0.0007183,-0.0007183,0
2974.01,437253811,PC,0.6894210,0.0001702,-0.0001702,0
2975.01,423393242,PC,0.4269880,0.0000003,-0.0000003,0
2976.01,413372087,PC,3.4859402,0.0000093,-0.0000093,0
2977.01,361343239,CP,2.3505698,0.0000027,-0.0000027,0
2978.01,315096343,PC,4.3497551,0.0000283,-0.0000283,0
2979.01,311252710,PC,5.4913314,0.0003238,-0.0003238,0
298.01,206686292,APC,1.3287182,0.0000027,-0.0000027,0
2980.01,289931756,PC,3.5910692,0.0000054,-0.0000054,0
2981.01,287145649,CP,3.6015056,0.0000062,-0.0000062,0
2982.01,211446495,PC,4.8701613,0.0000180,-0.0000180,0
2983.01,168449943,PC,3.4287311,0.0002998,-0.0002998,0
2984.01,168405330,APC,9.1622680,0.0000082,-0.0000082,0
2985.01,168384845,PC,3.8996784,0.0017630,-0.0017630,0
2986.01,148497855,PC,3.2783445,0.0000151,-0.0000151,0
2987.01,141631253,FP,1.6709011,0.0001722,-0.0001722,0
2988.01,105759569,PC,1.8865581,0.0000078,-0.0000078,0
2989.01,97825640,PC,3.1228396,0.0000024,-0.0000024,0
299.01,156075294,PC,5.7217124,0.0000121,-0.0000121,0
2990.01,73433128,PC,7.4659746,0.0000492,-0.0000492,0
2991.01,49046332,PC,5.5809252,0.0000150,-0.0000150,0
2992.01,49045066,PC,3.0078200,0.0000053,-0.0000053,0
2993.01,48768158,PC,2.3378096,0.0007971,-0.0007971,0
2994.01,36718161,PC,4.0257967,0.0000091,-0.0000091,0
2995.01,36381058,PC,1.6566182,0.0000028,-0.0000028,0
2996.01,35855047,PC,2.3627442,0.0000155,-0.0000155,0
2997.01,35652085,PC,2.2060441,0.0001130,-0.0001130,0
2998.01,34737413,PC,1.5297119,0.0000146,-0.0000146,0
2999.01,34505005,FP,5.1627718,0.0000105,-0.0000105,0
300.01,166697854,FP,2.7575300,0.0004600,-0.0004600,0
3000.01,23435610,PC,5.2080700,0.0000067,-0.0000067,0
3001.01,468977648,FP,2.0902180,0.0000107,-0.0000107,0
3002.01,402053027,PC,7.7971071,0.0000153,-0.0000153,0
3003.01,400762242,PC,1.6224281,0.0000117,-0.0000117,0
3004.01,400395395,FP,3.2891219,0.0000105,-0.0000105,0
3005.01,386297468,FP,2.0958074,0.0000160,-0.0000160,0
3006.01,386161311,PC,8.6134600,0.0000155,-0.0000155,0
3007.01,384034837,PC,4.2768515,0.0000397,-0.0000397,0
3008.01,383666033,FP,3.9678136,0.0000434,-0.0000434,0
3009.01,357634632,PC,3.3653430,0.0000087,-0.0000087,0
301.01,144301052,PC,3.7440143,0.0000166,-0.0000166,0
3010.01,357202877,PC,9.5537684,0.0000110,-0.0000110,0
3011.01,356461227,FP,1.8418712,0.0000031,-0.0000031,0
3012.01,437560683,PC,3.0920297,0.0001531,-0.0001531,0
3013.01,383949205,PC,5.4722557,0.0000615,-0.0000615,0
3014.01,383806208,PC,1.7946783,0.0000163,-0.0000163,0
3015.01,357801293,PC,4.2745762,0.0000318,-0.0000318,0
3016.01,356200601,PC,5.1139634,0.0000171,-0.0000171,0
3017.01,122418622,PC,3.0525290,0.0000057,-0.0000057,0
3018.01,45684223,FP,6.5832019,0.0000300,-0.0000300,0
3019.01,45296362,PC,5.9594909,0.0000170,-0.0000170,0
302.01,229111835,PC,6.7014500,0.0010100,-0.0010100,0
3020.01,45191604,PC,3.0327366,0.0000094,-0.0000094,0
3021.01,45054849,PC,11.2645152,0.0022978,-0.0022978,0
3022.01,287721202,PC,8.9909040,0.0001340,-0.0001340,0
3023.01,454248975,CP,3.9014904,0.0000039,-0.0000039,0
3024.01,452576848,PC,2.5071775,0.0000642,-0.0000642,0
3025.01,452464529,PC,3.6794732,0.0000142,-0.0000142,0
3026.01,449491381,PC,4.8206566,0.0000107,-0.0000107,0
3027.01,282091492,PC,3.3794034,0.0000107,-0.0000107,0
3028.01,467955232,PC,3.0525705,0.0000149,-0.0000149,0
3029.01,465540915,PC,2.0252285,0.0002303,-0.0002303,0
303.01,145750719,KP,3.5608112,0.0000079,-0.0000079,0
3030.01,465275307,PC,2.1510781,0.0000054,-0.0000054,0
3031.01,460686828,PC,3.9935853,0.0000088,-0.0000088,0
3032.01,401283491,PC,3.4677103,0.0003593,-0.0003593,0
3033.01,398725538,APC,3.9982381,0.0001275,-0.0001275,0
3034.01,391645374,PC,1.4032876,0.0000084,-0.0000084,0
3035.01,390444761,PC,5.2803048,0.0000196,-0.0000196,0
3036.01,390157607,FP,0.3859142,0.0000366,-0.0000366,0
3037.01,376209245,PC,2.1357662,0.0000059,-0.0000059,0
3038.01,376036292,PC,2.9677851,0.0002377,-0.0002377,0
3039.01,373033374,PC,3.4128930,0.0000038,-0.0000038,0
304.01,262530873,FP,2.2417200,0.0009100,-0.0009100,0
3040.01,372596795,PC,3.5366051,0.0000040,-0.0000040,0
3041.01,371864043,PC,2.9599541,0.0000025,-0.0000025,0
3042.01,361219651,PC,2.7559464,0.0000118,-0.0000118,0
3043.01,360706000,PC,2.3725483,0.0000108,-0.0000108,0
3044.01,357538688,FP,13.2681095,0.0000765,-0.0000765,0
3045.01,344568128,PC,2.3304358,0.0000036,-0.0000036,0
3046.01,323966987,PC,4.1343989,0.0000146,-0.0000146,0
3047.01,316652224,PC,2.7020875,0.0000130,-0.0000130,0
3048.01,304426002,PC,5.7672677,0.0000102,-0.0000102,0
3049.01,303867090,FP,1.3168344,0.0000018,-0.0000018,0
305.01,102030574,PC,9.9491500,0.0000100,-0.0000100,0
3050.01,302003748,PC,5.9397250,0.0000144,-0.0000144,0
3051.01,288224503,PC,2.9489639,0.0000149,-0.0000149,0
3052.01,287584141,PC,2.3097953,0.0000128,-0.0000128,0
3053.01,269859655,PC,2.9919962,0.0000023,-0.0000023,0
3054.01,267712001,PC,2.8281656,0.0000045,-0.0000045,0
3055.01,160522555,PC,1.3071566,0.0001038,-0.0001038,0
3056.01,67798337,PC,1.8092906,0.0000039,-0.0000039,0
3057.01,67622702,APC,0.5800700,0.0000015,-0.0000015,0
3058.01,464711858,PC,2.3483946,0.0000191,-0.0000191,0
3059.01,464067218,FP,1.3934565,0.0001512,-0.0001512,0
306.01,114749636,KP,4.6027498,0.0000048,-0.0000048,0
3060.01,463681005,FP,0.5465391,0.0000517,-0.0000517,0
3061.01,463590116,PC,1.3185787,0.0000063,-0.0000063,0
3062.01,463343283,PC,4.8659280,0.0009961,-0.0009961,0
3063.01,463103749,PC,1.9512921,0.0000144,-0.0000144,0
3064.01,463070290,PC,0.6771668,0.0000010,-0.0000010,0
3065.01,462135459,PC,1.6995805,0.0000073,-0.0000073,0
3066.01,461968320,PC,12.2027867,0.0000353,-0.0000353,0
3067.01,459157691,APC,7.4365725,0.0000421,-0.0000421,0
3068.01,458995583,PC,1.5959199,0.0000027,-0.0000027,0
3069.01,457268255,PC,3.8277062,0.0000083,-0.0000083,0
307.01,9100874,PC,6.1668344,0.0000118,-0.0000118,0
3070.01,452049244,PC,0.6587178,0.0000025,-0.0000025,0
3071.01,452006073,CP,1.2669382,0.0000044,-0.0000044,0
3072.01,451084885,PC,2.9828061,0.0000217,-0.0000217,0
3073.01,448744179,PC,3.1420872,0.0000056,-0.0000056,0
3074.01,447976172,PC,5.3583725,0.0000456,-0.0000456,0
3075.01,447891218,PC,1.8030565,0.0000134,-0.0000134,0
3076.01,447593267,PC,7.8595931,0.0000191,-0.0000191,0
3077.01,443341002,PC,6.3599636,0.0000442,-0.0000442,0
3078.01,443042089,FP,0.5496848,0.0000019,-0.0000019,0
3079.01,441444262,PC,1.9892499,0.0003103,-0.0003103,0
308.01,281710229,APC,8.3092965,0.0000070,-0.0000070,0
3080.01,439926641,PC,4.5744909,0.0000162,-0.0000162,0
3081.01,432467894,PC,3.4365075,0.0000388,-0.0000388,0
3082.01,428699140,CP,1.9268037,0.0000071,-0.0000071,0
3083.01,405620289,PC,2.1532179,0.0000061,-0.0000061,0
3084.01,397423462,PC,5.1057571,0.0000179,-0.0000179,0
3085.01,376740324,FP,4.5300175,0.0000050,-0.0000050,0
3086.01,374158843,PC,10.9506335,0.0000604,-0.0000604,0
3087.01,364427226,PC,4.1414861,0.0000244,-0.0000244,0
3088.01,362607799,PC,2.6337971,0.0000154,-0.0000154,0
3089.01,347715478,PC,9.3096136,0.0000249,-0.0000249,0
309.01,228507250,PC,6.1573300,0.0000081,-0.0000081,0
3090.01,309913305,PC,6.3272169,0.0000454,-0.0000454,0
3091.01,306255021,PC,2.7499877,0.0000032,-0.0000032,0
3092.01,274911536,PC,4.4163989,0.0000205,-0.0000205,0
3093.01,272885406,PC,4.3653308,0.0000182,-0.0000182,0
3094.01,272645619,PC,2.8396238,0.0000087,-0.0000087,0
3095.01,270075071,PC,4.2839945,0.0000258,-0.0000258,0
3096.01,229465678,PC,4.4282303,0.0000108,-0.0000108,0
3097.01,163262555,PC,1.3683875,0.0000029,-0.0000029,0
3098.01,163260812,PC,4.7323433,0.0000875,-0.0000875,0
3099.01,163030461,PC,2.5543095,0.0000023,-0.0000023,0
310.01,175477257,PC,4.2695675,0.0000056,-0.0000056,0
3100.01,162620529,PC,3.2907468,0.0000063,-0.0000063,0
3101.01,157213708,PC,4.0467915,0.0000348,-0.0000348,0
3102.01,147092818,PC,3.8769776,0.0000237,-0.0000237,0
3103.01,133129971,PC,4.3437796,0.0000235,-0.0000235,0
3104.01,132963419,PC,10.3069451,0.0019728,-0.0019728,0
3105.01,124454726,PC,5.3332571,0.0000516,-0.0000516,0
3106.01,124453339,PC,1.4851630,0.0000020,-0.0000020,0
3107.01,124174267,PC,4.7343852,0.0000127,-0.0000127,0
3108.01,124146529,PC,6.9003520,0.0000278,-0.0000278,0
3109.01,120723776,FP,2.8831285,0.0000026,-0.0000026,0
311.01,434105231,APC,0.7962992,0.0000004,-0.0000004,0
3110.01,104022675,FP,0.7428708,0.0000019,-0.0000019,0
3111.01,103832313,PC,4.6406360,0.0008758,-0.0008758,0
3112.01,98662211,PC,4.2842284,0.0000055,-0.0000055,0
3113.01,94346376,PC,3.1339232,0.0018819,-0.0018819,0
3114.01,94011343,PC,4.4071110,0.0000069,-0.0000069,0
3115.01,93093765,PC,2.7961137,0.0000108,-0.0000108,0
3116.01,80778619,PC,1.6484941,0.0000792,-0.0000792,0
3117.01,73082014,PC,3.2689953,0.0000082,-0.0000082,0
3118.01,58461209,PC,3.8098324,0.0009063,-0.0009063,0
3119.01,57793060,PC,8.9075160,0.0000525,-0.0000525,0
312.01,180145006,APC,3.5412310,0.0000076,-0.0000076,0
3120.01,22384839,PC,7.0235956,0.0030712,-0.0030712,0
3121.01,14715294,PC,5.5167527,0.0000199,-0.0000199,0
3122.01,61117473,FP,6.1836211,0.0000102,-0.0000102,0
3123.01,60768923,APC,1.8703411,0.0000028,-0.0000028,0
3124.01,454918388,PC,2.2545904,0.0000038,-0.0000038,0
3125.01,160023,PC,6.7565519,0.0000417,-0.0000417,0
3126.01,454876465,PC,1.8246123,0.0000023,-0.0000023,0
3127.01,17361,APC,3.6065570,0.0000031,-0.0000031,0
3128.01,453677947,PC,2.3155132,0.0000072,-0.0000072,0
3129.01,4711,PC,2.3348152,0.0000056,-0.0000056,0
313.01,9102327,FP,3.2615000,0.0008600,-0.0008600,0
3130.01,453396346,PC,0.4415174,0.0000319,-0.0000319,0
3131.01,2876,PC,2.6274574,0.0000061,-0.0000061,0
3132.01,448923766,PC,2.2664085,0.0000055,-0.0000055,0
3133.01,448775221,PC,4.0902788,0.0000164,-0.0000164,0
3134.01,448688668,PC,2.2308431,0.0002863,-0.0002863,0
3135.01,448098793,PC,3.7065603,0.0000021,-0.0000021,0
3136.01,418471796,PC,2.6841894,0.0000018,-0.0000018,0
3137.01,395514100,PC,1.8823821,0.0000021,-0.0000021,0
3138.01,270347814,PC,2.8740048,0.0003641,-0.0003641,0
3139.01,48661942,PC,3.9628496,0.0000150,-0.0000150,0
314.01,316769613,PC,10.1810800,0.0001100,-0.0001100,0
3140.01,394900138,PC,3.0932735,0.0000075,-0.0000075,0
3141.01,394443982,PC,4.4338805,0.0000102,-0.0000102,0
3142.01,387791274,PC,1.1536561,0.0000045,-0.0000045,0
3143.01,384244834,PC,2.9902369,0.0000170,-0.0000170,0
3144.01,361176558,PC,3.7724947,0.0000096,-0.0000096,0
3145.01,360816296,PC,3.5505931,0.0000049,-0.0000049,0
3146.01,360816293,FP,3.5506084,0.0000995,-0.0000995,0
3147.01,359572563,PC,1.5256634,0.0000018,-0.0000018,0
3148.01,323980895,PC,4.2814436,0.0000098,-0.0000098,0
3149.01,296670796,PC,1.1542402,0.0000058,-0.0000058,0
315.01,66356824,FP,3.5556200,0.0000100,-0.0000100,0
3150.01,195256633,PC,5.3430663,0.0000382,-0.0000382,0
3151.01,36607746,PC,1.7257597,0.0000030,-0.0000030,0
3152.01,467484304,PC,0.7815064,0.0000033,-0.0000033,0
3153.01,466318137,FP,1.1216021,0.0000780,-0.0000780,0
3154.01,465176038,PC,4.0333818,0.0004968,-0.0004968,0
3155.01,457272901,APC,4.6492201,0.0000093,-0.0000093,0
3156.01,457110913,APC,0.7463239,0.0000010,-0.0000010,0
3157.01,456962262,PC,2.8823183,0.0002083,-0.0002083,0
3158.01,451254008,PC,6.8561604,0.0000836,-0.0000836,0
3159.01,449549170,FP,1.4753526,0.0000151,-0.0000151,0
316.01,8988289,APC,13.3237900,,,0
3160.01,440872576,PC,3.9712794,0.0000064,-0.0000064,0
3161.01,438777551,PC,1.4010338,0.0000024,-0.0000024,0
3162.01,433546897,PC,1.5755252,0.0001569,-0.0001569,0
3163.01,425316308,PC,3.0749168,0.0000040,-0.0000040,0
3164.01,419946164,FP,1.7765395,0.0001501,-0.0001501,0
3165.01,419858461,FP,2.5433707,0.0001232,-0.0001232,0
3166.01,412371819,PC,1.8750200,0.0000044,-0.0000044,0
3167.01,411796826,PC,3.0959309,0.0000100,-0.0000100,0
3168.01,410554986,PC,5.1745185,0.0000105,-0.0000105,0
3169.01,403911354,PC,4.4814049,0.0000120,-0.0000120,0
317.01,402319411,PC,3.3262977,0.0000020,-0.0000020,0
3170.01,400712525,PC,1.8923031,0.0000060,-0.0000060,0
3171.01,399058051,PC,1.5706704,0.0000854,-0.0000854,0
3172.01,398502253,PC,3.0031058,0.0003533,-0.0003533,0
3173.01,398466662,PC,8.7719993,0.0000347,-0.0000347,0
3174.01,392112968,FP,1.1960086,0.0000078,-0.0000078,0
3175.01,391510223,PC,1.6546269,0.0001118,-0.0001118,0
3176.01,389999924,FP,4.7606207,0.0009677,-0.0009677,0
3177.01,383410746,PC,2.1146550,0.0000049,-0.0000049,0
3178.01,381996371,PC,2.9331094,0.0000159,-0.0000159,0
3179.01,378227267,PC,4.7076648,0.0000087,-0.0000087,0
318.01,206352378,PC,3.7463765,0.0000026,-0.0000026,0
3180.01,372960748,PC,2.0963263,0.0000051,-0.0000051,0
3181.01,372596796,FP,3.5366743,0.0001518,-0.0001518,0
3182.01,372448111,PC,5.0700956,0.0000563,-0.0000563,0
3183.01,370385007,PC,4.2174286,0.0000290,-0.0000290,0
3184.01,366248595,PC,3.6071588,0.0000164,-0.0000164,0
3185.01,363661031,PC,3.5601365,0.0000063,-0.0000063,0
3186.01,363632843,PC,3.6130857,0.0002737,-0.0002737,0
3187.01,245027119,PC,2.0084283,0.0000074,-0.0000074,0
3188.01,363202582,PC,1.5659063,0.0000038,-0.0000038,0
3189.01,361998994,FP,1.8499600,0.0001401,-0.0001401,0
319.01,389753172,APC,0.7135373,0.0000003,-0.0000003,0
3190.01,344745774,PC,2.6698560,0.0000150,-0.0000150,0
3191.01,342375120,PC,4.4367891,0.0000250,-0.0000250,0
3192.01,336613507,PC,2.2350331,0.0000056,-0.0000056,0
3193.01,334757798,PC,2.3019268,0.0009268,-0.0009268,0
3194.01,333511802,PC,3.6179419,0.0000322,-0.0000322,0
3195.01,332880327,PC,0.6676722,0.0000018,-0.0000018,0
3196.01,331297805,PC,4.9816829,0.0000155,-0.0000155,0
3197.01,331160996,PC,2.1972485,0.0005637,-0.0005637,0
3198.01,121625070,PC,2.1271199,0.0000030,-0.0000030,0
3199.01,330885564,PC,0.6756067,0.0000026,-0.0000026,0
320.01,188593930,FP,1.4650300,0.0002900,-0.0002900,0
3200.01,330014070,PC,6.3087809,0.0000173,-0.0000173,0
3201.01,329921262,PC,2.3631898,0.0001870,-0.0001870,0
3202.01,329691586,PC,1.5169786,0.0000071,-0.0000071,0
3203.01,329609449,PC,4.2442882,0.0000273,-0.0000273,0
3204.01,326662822,PC,4.0446543,0.0000210,-0.0000210,0
3205.01,322862882,FP,1.2361087,0.0000016,-0.0000016,0
3206.01,321802774,PC,1.9405161,0.0000134,-0.0000134,0
3207.01,320994166,PC,4.0996864,0.0000177,-0.0000177,0
3208.01,319949055,PC,2.3577049,0.0000142,-0.0000142,0
3209.01,319806044,PC,1.3509356,0.0000084,-0.0000084,0
321.01,175476629,FP,1.1405700,0.0005300,-0.0005300,0
3210.01,318668441,PC,2.2364485,0.0000053,-0.0000053,0
3211.01,323002911,PC,3.5949457,0.0000154,-0.0000154,0
3212.01,316236118,PC,4.1943867,0.0000085,-0.0000085,0
3213.01,314013231,APC,2.5395579,0.0000077,-0.0000077,0
3214.01,312508092,PC,5.7759952,0.0000320,-0.0000320,0
3215.01,307888842,PC,1.2008331,0.0000056,-0.0000056,0
3216.01,306547699,FP,2.6985136,0.0000196,-0.0000196,0
3217.01,309436531,FP,3.2136333,0.0000042,-0.0000042,0
3218.01,305739565,CP,3.3704313,0.0000230,-0.0000230,0
3219.01,305492348,PC,3.2969977,0.0000166,-0.0000166,0
322.01,198077394,PC,3.9905330,0.0000039,-0.0000039,0
3220.01,304950588,FP,7.4316274,0.0000659,-0.0000659,0
3221.01,303883880,FP,0.8970184,0.0000027,-0.0000027,0
3222.01,303686889,PC,5.6320791,0.0000284,-0.0000284,0
3223.01,297668572,PC,4.6337350,0.0000122,-0.0000122,0
3224.01,297457992,PC,2.8317721,0.0000077,-0.0000077,0
3225.01,401952328,PC,9.1509453,0.0000534,-0.0000534,0
3226.01,295233473,PC,2.3720554,0.0000212,-0.0000212,0
3227.01,294385899,PC,8.9522767,0.0000873,-0.0000873,0
3228.01,294365631,PC,1.8118703,0.0000036,-0.0000036,0
3229.01,290263093,PC,5.2122800,0.0000346,-0.0000346,0
323.01,251852984,PC,2.7723915,0.0005797,-0.0005797,0
3230.01,289445553,PC,1.8200065,0.0000018,-0.0000018,0
3231.01,280857321,PC,2.1738256,0.0000086,-0.0000086,0
3232.01,269439355,PC,3.3898234,0.0006084,-0.0006084,0
3233.01,265633507,APC,0.9787891,0.0000046,-0.0000046,0
3234.01,260776145,PC,10.7012764,0.0000200,-0.0000200,0
3235.01,243641947,CP,2.5926199,0.0000012,-0.0000012,0
3236.01,242460075,FP,2.9098435,0.0000101,-0.0000101,0
3237.01,242389810,PC,3.0271374,0.0000050,-0.0000050,0
3238.01,241752370,PC,3.2247460,0.0006871,-0.0006871,0
3239.01,241569046,PC,2.2310803,0.0001292,-0.0001292,0
324.01,156002449,PC,5.2848691,0.0000053,-0.0000053,0
3240.01,241514551,PC,3.8600722,0.0000080,-0.0000080,0
3241.01,241326434,PC,6.8380862,0.0000046,-0.0000046,0
3242.01,209923610,PC,3.0001627,0.0000111,-0.0000111,0
3243.01,209707800,PC,2.0519085,0.0000029,-0.0000029,0
3244.01,208091447,PC,4.6606892,0.0017508,-0.0017508,0
3245.01,203476998,PC,2.8977031,0.0000072,-0.0000072,0
3246.01,179715231,PC,4.3197540,0.0000082,-0.0000082,0
3247.01,167597352,PC,5.3305676,0.0000482,-0.0000482,0
3248.01,165667705,PC,3.2782956,0.0000096,-0.0000096,0
3249.01,159262969,PC,3.2420704,0.0000154,-0.0000154,0
325.01,66413476,PC,4.3690700,0.0000100,-0.0000100,0
3250.01,125424836,PC,3.2806578,0.0000044,-0.0000044,0
3251.01,121194926,PC,2.0694143,0.0000087,-0.0000087,0
3252.01,112037211,PC,4.3636327,0.0000096,-0.0000096,0
3253.01,112037203,FP,4.3622356,0.0008529,-0.0008529,0
3254.01,107506563,PC,1.6832809,0.0000034,-0.0000034,0
3255.01,83395136,PC,2.2458338,0.0000059,-0.0000059,0
3256.01,322901324,PC,6.3096313,0.0000225,-0.0000225,0
3257.01,76505260,FP,2.5336422,0.0000090,-0.0000090,0
3258.01,369789627,PC,1.2279610,0.0000052,-0.0000052,0
3259.01,68523365,PC,3.4470312,0.0000105,-0.0000105,0
326.01,144336525,APC,0.2473250,0.0000052,-0.0000052,0
3260.01,370138999,PC,11.4520097,0.0000849,-0.0000849,0
3261.01,358070912,CP,0.8831279,0.0000024,-0.0000024,0
3262.01,280096473,PC,12.8770845,0.0001253,-0.0001253,0
3263.01,469821652,PC,5.6155837,0.0000636,-0.0000636,0
3264.01,468055102,PC,3.3133491,0.0000196,-0.0000196,0
3265.01,466167563,PC,3.3792968,0.0000235,-0.0000235,0
3266.01,451566438,PC,3.7462806,0.0000069,-0.0000069,0
3267.01,410372968,PC,2.7674682,0.0000185,-0.0000185,0
3268.01,410358456,PC,1.8641295,0.0000036,-0.0000036,0
3269.01,410314178,PC,4.1320310,0.0000148,-0.0000148,0
327.01,206669860,PC,10.0550764,0.0000410,-0.0000410,0
3270.01,407922734,PC,6.4751256,0.0000218,-0.0000218,0
3271.01,406236094,PC,4.1394473,0.0000165,-0.0000165,0
3272.01,388280249,PC,3.1467140,0.0000098,-0.0000098,0
3273.01,372443687,PC,4.2955192,0.0000155,-0.0000155,0
3274.01,360822008,PC,2.9075077,0.0000232,-0.0000232,0
3275.01,325275736,PC,20.5020769,0.0009525,-0.0009525,0
3276.01,320327056,PC,7.0327412,0.0000283,-0.0000283,0
3277.01,319568619,PC,1.5265889,0.0000018,-0.0000018,0
3278.01,304130406,PC,3.2464257,0.0013149,-0.0013149,0
3279.01,179987678,PC,0.4191451,0.0000153,-0.0000153,0
328.01,139357541,PC,4.4781603,0.0000102,-0.0000102,0
3280.01,290302491,PC,3.8348994,0.0000451,-0.0000451,0
3281.01,254142310,PC,9.3108074,0.0001245,-0.0001245,0
3282.01,219924802,APC,2.9478339,0.0000153,-0.0000153,0
3283.01,201660996,PC,3.5022210,0.0000107,-0.0000107,0
3284.01,166220082,PC,0.8102219,0.0000062,-0.0000062,0
3285.01,114181798,PC,2.7022764,0.0000107,-0.0000107,0
3286.01,113648563,PC,2.0325685,0.0000051,-0.0000051,0
3287.01,113117112,PC,2.7176413,0.0000120,-0.0000120,0
3288.01,79920467,PC,1.4338615,0.0000023,-0.0000023,0
3289.01,31786438,PC,1.4259934,0.0000123,-0.0000123,0
329.01,169765334,CP,5.7042858,0.0000185,-0.0000185,0
3290.01,31697707,FP,3.9109460,0.0000290,-0.0000290,0
3291.01,464593883,PC,9.0653768,0.0020656,-0.0020656,0
3292.01,464481762,PC,4.2545208,0.0004338,-0.0004338,0
3293.01,464445045,PC,2.5896590,0.0008789,-0.0008789,0
3294.01,464280516,PC,2.5658729,0.0002602,-0.0002602,0
3295.01,456574511,PC,3.4379994,0.0010391,-0.0010391,0
3296.01,456560485,PC,5.9493696,0.0012285,-0.0012285,0
3297.01,451538240,PC,3.9349141,0.0000118,-0.0000118,0
3298.01,407772585,PC,3.0537856,0.0000047,-0.0000047,0
3299.01,390723664,PC,2.9264345,0.0015390,-0.0015390,0
330.01,27966179,PC,4.2794669,0.0000031,-0.0000031,0
3300.01,384299730,PC,6.6926834,0.0000633,-0.0000633,0
3301.01,384016413,PC,5.4515930,0.0000483,-0.0000483,0
3302.01,383299778,PC,1.5570251,0.0000040,-0.0000040,0
3303.01,381982417,PC,8.6187455,0.0000225,-0.0000225,0
3304.01,381789320,PC,3.4930546,0.0000112,-0.0000112,0
3305.01,380775661,PC,2.0252890,0.0000024,-0.0000024,0
3306.01,369861731,FP,3.8780401,0.0000108,-0.0000108,0
3307.01,369861728,PC,3.8784358,0.0002987,-0.0002987,0
3308.01,365554300,APC,0.7614693,0.0000019,-0.0000019,0
3309.01,365021641,PC,7.4832824,0.0000157,-0.0000157,0
331.01,262531275,FP,2.4843369,0.0000234,-0.0000234,0
3310.01,364072092,PC,1.3828196,0.0000036,-0.0000036,0
3311.01,337274055,FP,4.8435717,0.0000335,-0.0000335,0
3312.01,332314607,PC,5.3890264,0.0013376,-0.0013376,0
3313.01,327210623,FP,2.1284230,0.0000203,-0.0000203,0
3314.01,315398848,PC,1.3677581,0.0002321,-0.0002321,0
3315.01,312030014,PC,5.2330803,0.0000132,-0.0000132,0
3316.01,311565540,PC,4.0668012,0.0000185,-0.0000185,0
3317.01,311292015,PC,2.9519989,0.0000109,-0.0000109,0
3318.01,310854881,PC,12.8777188,0.0001864,-0.0001864,0
3319.01,310267134,FP,0.5438807,0.0000438,-0.0000438,0
332.01,139285832,CP,0.7768500,0.0000300,-0.0000300,0
3320.01,307320565,PC,2.6257480,0.0000193,-0.0000193,0
3321.01,306648160,CP,3.6525305,0.0000752,-0.0000752,0
3322.01,306357884,APC,1.0571733,0.0000024,-0.0000024,0
3323.01,305512837,FP,3.0223957,0.0000070,-0.0000070,0
3324.01,304695574,PC,2.8090597,0.0000123,-0.0000123,0
3325.01,303617735,PC,4.2732096,0.0000259,-0.0000259,0
3326.01,301455423,PC,1.0664194,0.0000018,-0.0000018,0
3327.01,292477426,PC,4.1794516,0.0000162,-0.0000162,0
3328.01,276647494,PC,10.1923252,0.0001567,-0.0001567,0
3329.01,256158543,PC,5.0648278,0.0000054,-0.0000054,0
333.01,224245334,CP,3.7852328,0.0000170,-0.0000170,0
3330.01,255768108,PC,1.0815202,0.0000017,-0.0000017,0
3331.01,194795551,CP,2.0180196,0.0000034,-0.0000034,0
3332.01,194179013,FP,3.1785277,0.0000595,-0.0000595,0
3333.01,193782529,PC,3.9823479,0.0035580,-0.0035580,0
3334.01,160930264,PC,1.9242952,0.0002792,-0.0002792,0
3335.01,120033290,PC,2.2653940,0.0005670,-0.0005670,0
3336.01,119950057,PC,10.1822686,0.0028618,-0.0028618,0
3337.01,119089245,PC,1.2436504,0.0000038,-0.0000038,0
3338.01,86419190,PC,1.4893582,0.0000047,-0.0000047,0
3339.01,86021841,PC,3.7465541,0.0000090,-0.0000090,0
334.01,233964642,APC,17.9160113,0.0000035,-0.0000035,0
3340.01,76761591,APC,11.9680280,0.0000260,-0.0000260,0
3341.01,75919790,PC,8.6369598,0.0000396,-0.0000396,0
3342.01,75076261,PC,5.9709305,0.0000110,-0.0000110,0
3343.01,58046864,FP,2.3651663,0.0010118,-0.0010118,0
3344.01,57093805,PC,3.2229781,0.0011213,-0.0011213,0
3345.01,21997420,PC,2.1917701,0.0000094,-0.0000094,0
3346.01,6404965,PC,4.8692603,0.0013765,-0.0013765,0
3347.01,131581531,FP,3.0591641,0.0000276,-0.0000276,0
3348.01,131347421,PC,2.6156239,0.0000120,-0.0000120,0
3349.01,50909831,APC,2.0272642,0.0000064,-0.0000064,0
335.01,41865539,FP,1.2609200,0.0004000,-0.0004000,0
3350.01,4959676,PC,2.2358979,0.0000114,-0.0000114,0
3351.01,941340744,PC,4.3115290,0.0001052,-0.0001052,0
3352.01,33840683,PC,13.8198702,0.0001136,-0.0001136,0
3353.01,391903064,CP,4.6658007,0.0000033,-0.0000033,0
3353.02,391903064,PC,8.8176457,0.0000081,-0.0000081,0
3354.01,260367888,PC,46.3810093,0.0005605,-0.0005605,0
3355.01,382045742,PC,15.6600896,0.0001737,-0.0001737,0
3356.01,229138584,PC,2.9122454,0.0000170,-0.0000170,0
3357.01,412259468,FP,2.6535777,0.0003826,-0.0003826,0
3358.01,146244533,FP,8.8088443,0.0000358,-0.0000358,0
3359.01,360714300,PC,15.8118347,0.0000987,-0.0000987,0
336.01,55452495,FP,17.7082945,0.0002741,-0.0002741,0
3360.01,342343963,APC,16.7375044,0.0000559,-0.0000559,0
3361.01,440324561,APC,10.5634342,0.0000126,-0.0000126,0
3362.01,464300749,CP,18.0953159,0.0000448,-0.0000448,0
3363.01,385858569,PC,9.7433732,0.0000543,-0.0000543,0
3364.01,280655495,CP,5.8769438,0.0001851,-0.0001851,0
3365.01,34297761,PC,5.3928876,0.0000402,-0.0000402,0
3366.01,220547837,PC,8.4562659,0.0000127,-0.0000127,0
3367.01,131730580,PC,3.7493233,0.0000274,-0.0000274,0
3368.01,131419624,PC,7.2611991,0.0000863,-0.0000863,0
3369.01,190981760,FP,3.5463582,0.0000197,-0.0000197,0
337.01,155986102,FP,6.8716800,0.0011200,-0.0011200,0
3370.01,131250246,PC,2.3506831,0.0000123,-0.0000123,0
3371.01,186470510,PC,3.5071842,0.0002187,-0.0002187,0
3372.01,131036011,FP,11.0701242,0.0000649,-0.0000649,0
3373.01,186459119,PC,6.5346050,0.0000591,-0.0000591,0
3374.01,131025778,PC,2.6543295,0.0000043,-0.0000043,0
3375.01,185482513,FP,1.2368321,0.0000105,-0.0000105,0
3376.01,130797885,PC,4.7260751,0.0000519,-0.0000519,0
3377.01,184670625,FP,0.5241284,0.0000021,-0.0000021,0
3378.01,133655284,PC,2.6101478,0.0000112,-0.0000112,0
3379.01,130191319,FP,1.6117444,0.0000058,-0.0000058,0
338.01,116156517,KP,5.3677700,0.0000100,-0.0000100,0
3380.01,176148945,APC,2.0086823,0.0000242,-0.0000242,0
3381.01,129881395,FP,3.3630421,0.0000165,-0.0000165,0
3382.01,13737885,PC,4.4575332,0.0000170,-0.0000170,0
3383.01,175317833,PC,9.7325799,0.0000609,-0.0000609,0
3384.01,118603213,PC,1.8592079,0.0000063,-0.0000063,0
3385.01,175079720,FP,2.2623261,0.0000114,-0.0000114,0
3386.01,174426662,PC,0.8855539,0.0001508,-0.0001508,0
3387.01,118072143,PC,2.7678404,0.0000104,-0.0000104,0
3388.01,173860688,FP,0.8456570,0.0002605,-0.0002605,0
3389.01,419419534,FP,1.6801480,0.0000059,-0.0000059,0
339.01,69838258,FP,6.7306900,0.0007200,-0.0007200,0
3390.01,96055535,APC,5.4033373,0.0000151,-0.0000151,0
3391.01,173824688,PC,4.7131119,0.0017496,-0.0017496,0
3392.01,80174172,FP,1.1104301,0.0000060,-0.0000060,0
3393.01,173260345,PC,5.2059716,0.0006831,-0.0006831,0
3394.01,59536337,PC,7.8373997,0.0000463,-0.0000463,0
3395.01,170405772,PC,3.2730247,0.0000118,-0.0000118,0
3396.01,56630436,PC,6.4700007,0.0004138,-0.0004138,0
3397.01,154616309,PC,3.6250244,0.0000163,-0.0000163,0
3398.01,46999289,PC,6.2088405,0.0016611,-0.0016611,0
3399.01,153197346,FP,2.6424470,0.0007137,-0.0007137,0
340.01,80439101,PC,14.8499717,0.0000802,-0.0000802,0
3400.01,437215469,PC,3.8036198,0.0000045,-0.0000045,0
3401.01,26051436,PC,3.6689529,0.0000102,-0.0000102,0
3402.01,152685831,FP,3.4714171,0.0000278,-0.0000278,0
3403.01,133107143,PC,11.2205176,0.0000190,-0.0000190,0
3404.01,18795429,PC,2.5087868,0.0000042,-0.0000042,0
3405.01,152326573,PC,6.1458884,0.0000217,-0.0000217,0
3406.01,410159011,PC,2.6233540,0.0000079,-0.0000079,0
3407.01,152005053,PC,1.3847905,0.0000081,-0.0000081,0
3408.01,7904580,FP,15.8346011,0.0000716,-0.0000716,0
3409.01,405485201,PC,7.7605254,0.0000819,-0.0000819,0
341.01,33911302,PC,1.8138300,0.0002400,-0.0002400,0
3410.01,238012337,PC,3.9791023,0.0000052,-0.0000052,0
3411.01,150424946,PC,7.0628019,0.0000255,-0.0000255,0
3412.01,396794358,PC,3.1405783,0.0000086,-0.0000086,0
3413.01,149745822,PC,4.7114264,0.0000183,-0.0000183,0
3414.01,131348451,PC,9.7355768,0.0000750,-0.0000750,0
3415.01,386456916,PC,3.5714448,0.0000175,-0.0000175,0
3416.01,145910571,PC,2.3626917,0.0000082,-0.0000082,0
3417.01,332710679,PC,2.7194615,0.0000052,-0.0000052,0
3418.01,437144507,PC,7.3039869,0.0015307,-0.0015307,0
3419.01,145904365,PC,7.9969538,0.0000245,-0.0000245,0
342.01,415969574,FP,10.4577600,0.0038800,-0.0038800,0
3420.01,293978434,FP,1.5971426,0.0004152,-0.0004152,0
3421.01,145023816,PC,2.8389301,0.0000235,-0.0000235,0
3422.01,286099128,KP,3.7788779,0.0000082,-0.0000082,0
3423.01,144970275,FP,2.5313424,0.0000104,-0.0000104,0
3424.01,283702603,FP,0.6691882,0.0000020,-0.0000020,0
3425.01,144682439,PC,0.7654150,0.0000042,-0.0000042,0
3426.01,277833423,PC,6.1786733,0.0000092,-0.0000092,0
3427.01,144467913,PC,2.9526508,0.0000078,-0.0000078,0
3428.01,271486001,PC,5.3945125,0.0001230,-0.0001230,0
3429.01,134551640,PC,13.9311096,0.0000657,-0.0000657,0
343.01,66497310,PC,1.7563116,0.0000052,-0.0000052,0
3430.01,118329434,APC,5.0949767,0.0000153,-0.0000153,0
3431.01,270649648,PC,3.9196950,0.0000136,-0.0000136,0
3432.01,133849258,PC,9.1480740,0.0016616,-0.0016616,0
3433.01,270471065,PC,2.7765784,0.0000094,-0.0000094,0
3434.01,270457662,PC,3.1510024,0.0000081,-0.0000081,0
3435.01,238162973,FP,11.8885643,0.0000176,-0.0000176,0
3436.01,132320310,FP,1.3955317,0.0000077,-0.0000077,0
3437.01,132313173,PC,4.9873145,0.0000150,-0.0000150,0
3438.01,455272393,PC,1.6660179,0.0000046,-0.0000046,0
3439.01,394338713,PC,5.9349921,0.0000237,-0.0000237,0
344.01,13023378,PC,6.0672187,0.0000054,-0.0000054,0
3440.01,208030798,FP,1.7167587,0.0013282,-0.0013282,0
3441.01,393196631,PC,4.2594558,0.0000126,-0.0000126,0
3442.01,207981861,PC,3.4569274,0.0000161,-0.0000161,0
3443.01,392995938,PC,1.0078907,0.0000075,-0.0000075,0
3444.01,161299119,PC,2.7188122,0.0000052,-0.0000052,0
3445.01,364431259,PC,2.9866836,0.0000083,-0.0000083,0
3446.01,149022647,PC,1.8528946,0.0000052,-0.0000052,0
3447.01,363749415,PC,3.6562554,0.0000190,-0.0000190,0
3448.01,143934343,PC,2.1642912,0.0000085,-0.0000085,0
3449.01,363083571,PC,3.8249546,0.0000140,-0.0000140,0
345.01,308208458,PC,11.2237372,0.0000312,-0.0000312,0
3450.01,126125073,PC,3.6387748,0.0000063,-0.0000063,0
3451.01,361710792,PC,8.7234738,0.0000315,-0.0000315,0
3452.01,360475034,PC,2.8372178,0.0000210,-0.0000210,0
3453.01,360473750,PC,4.3618031,0.0000355,-0.0000355,0
3454.01,359426909,PC,3.9415006,0.0000149,-0.0000149,0
3455.01,358938714,APC,0.4224250,0.0000295,-0.0000295,0
3456.01,357661805,PC,17.0298529,0.0000248,-0.0000248,0
3457.01,357312511,PC,32.6012979,0.0029076,-0.0029076,0
3458.01,340228388,PC,3.1726875,0.0000042,-0.0000042,0
3459.01,335860261,PC,8.4893234,0.0000603,-0.0000603,0
346.01,118327533,PC,16.5630800,0.0009900,-0.0009900,0
3460.01,39858507,PC,4.6288384,0.0000292,-0.0000292,0
3461.01,334080358,PC,11.4483792,0.0001209,-0.0001209,0
3462.01,324116813,PC,6.3885628,0.0000333,-0.0000333,0
3463.01,292889298,PC,2.2538878,0.0008573,-0.0008573,0
3464.01,290504044,PC,3.6515704,0.0000136,-0.0000136,0
3465.01,454361389,PC,3.9563671,0.0000183,-0.0000183,0
3466.01,284254253,FP,1.8629080,0.0020072,-0.0020072,0
3467.01,453289469,FP,0.7799194,0.0000530,-0.0000530,0
3468.01,282091493,FP,3.3789946,0.0002786,-0.0002786,0
3469.01,447192619,PC,2.6566986,0.0000064,-0.0000064,0
347.01,224271611,PC,4.0400030,0.0000107,-0.0000107,0
3470.01,277538491,PC,3.2404614,0.0000077,-0.0000077,0
3471.01,407166076,PC,8.7520247,0.0000243,-0.0000243,0
3472.01,275562670,FP,1.5810556,0.0003538,-0.0003538,0
3473.01,406861922,PC,4.0358074,0.0000113,-0.0000113,0
3474.01,274367763,PC,3.8795023,0.0000101,-0.0000101,0
3475.01,403507814,PC,2.7812908,0.0000036,-0.0000036,0
3476.01,272983172,PC,4.3205081,0.0000148,-0.0000148,0
3477.01,402391147,PC,3.3626798,0.0000261,-0.0000261,0
3478.01,255909950,PC,1.8285600,0.0000023,-0.0000023,0
3479.01,402219289,PC,2.1970052,0.0000118,-0.0000118,0
348.01,70785910,PC,0.4947938,0.0000063,-0.0000063,0
3480.01,254909777,PC,2.1301227,0.0002630,-0.0002630,0
3481.01,396316939,PC,4.9214799,0.0000380,-0.0000380,0
3482.01,254629854,FP,0.9714298,0.0000029,-0.0000029,0
3483.01,395926728,PC,1.4466788,0.0000046,-0.0000046,0
3484.01,221882319,PC,5.1890769,0.0000162,-0.0000162,0
3485.01,394672497,PC,11.8413467,0.0000607,-0.0000607,0
3485.02,394672497,PC,6.0379203,0.0000399,-0.0000399,0
3486.01,221861843,PC,2.2177820,0.0000021,-0.0000021,0
3487.01,301160638,APC,16.0085751,0.0008264,-0.0008264,0
3488.01,394570569,PC,6.9625419,0.0000993,-0.0000993,0
3489.01,221785300,PC,3.7833369,0.0000073,-0.0000073,0
349.01,382474101,FP,2.6520851,0.0000013,-0.0000013,0
3490.01,394492339,PC,9.1317488,0.0000096,-0.0000096,0
3491.01,208719443,PC,2.4038651,0.0000024,-0.0000024,0
3492.01,81077799,PC,9.2224171,0.0000098,-0.0000098,0
3493.01,203377303,PC,8.1594870,0.0000250,-0.0000250,0
3494.01,165827520,PC,7.7486120,0.0000223,-0.0000223,0
3495.01,272167060,PC,8.4130034,0.0000253,-0.0000253,0
3496.01,448358913,PC,1.5505494,0.0000014,-0.0000014,0
3497.01,21113347,KP,4.2180760,0.0000064,-0.0000064,0
3498.01,310294189,PC,4.8768783,0.0000539,-0.0000539,0
3499.01,446370039,PC,4.5992844,0.0000155,-0.0000155,0
350.01,199731190,APC,2.5130547,0.0000062,-0.0000062,0
3500.01,443666343,PC,7.3436151,0.0001444,-0.0001444,0
3500.02,443666343,PC,,,,0
3501.01,98957720,APC,15.3502505,0.0000072,-0.0000072,0
3502.01,452281203,PC,3.4468018,0.0000078,-0.0000078,0
3503.01,459850897,FP,1.1882681,0.0000020,-0.0000020,0
3504.01,117689799,FP,2.1570462,0.0000367,-0.0000367,0
3505.01,390988385,PC,2.9151556,0.0000117,-0.0000117,0
3506.01,102159710,PC,4.4961387,0.0005752,-0.0005752,0
3507.01,86451883,FP,1.7561019,0.0010410,-0.0010410,0
3508.01,278968371,FP,1.2997811,0.0003363,-0.0003363,0
3509.01,244912396,PC,5.1108509,0.0000214,-0.0000214,0
351.01,228381868,KP,3.4654953,0.0000052,-0.0000052,0
3510.01,57753734,PC,2.8724894,0.0000109,-0.0000109,0
3511.01,416368336,APC,1.0848133,0.0000024,-0.0000024,0
3512.01,40779013,FP,1.7113115,0.0002522,-0.0002522,0
3513.01,244487927,PC,2.9817237,0.0000158,-0.0000158,0
3514.01,1870990135,PC,1.5039495,0.0000052,-0.0000052,0
3515.01,198725468,PC,3.0415724,0.0000110,-0.0000110,0
3516.01,30254887,PC,2.5015310,0.0000073,-0.0000073,0
3517.01,123007594,PC,3.3687307,0.0000111,-0.0000111,0
3518.01,1712954983,PC,2.9661661,0.0010404,-0.0010404,0
3519.01,417129824,PC,3.5008690,0.0000073,-0.0000073,0
352.01,47423120,APC,11.6235000,0.0002200,-0.0002200,0
3520.01,120101789,PC,3.0086349,0.0000146,-0.0000146,0
3521.01,429036977,PC,3.0002348,0.0063870,-0.0063870,0
3522.01,106224627,PC,3.3412415,0.0000083,-0.0000083,0
3523.01,417047499,PC,2.3045830,0.0000034,-0.0000034,0
3524.01,106224626,FP,3.3418892,0.0004222,-0.0004222,0
3525.01,373576942,FP,0.8912218,0.0003058,-0.0003058,0
3526.01,89876424,FP,1.5380702,0.0003362,-0.0003362,0
3527.01,355748785,PC,1.7551150,0.0001138,-0.0001138,0
3528.01,67247610,FP,1.9740614,0.0003061,-0.0003061,0
3529.01,326203952,PC,2.5850398,0.0000032,-0.0000032,0
353.01,100099031,PC,1.2979921,0.0000034,-0.0000034,0
3530.01,64214215,APC,1.3570332,0.0000031,-0.0000031,0
3531.01,316038054,APC,3.8099858,0.0000426,-0.0000426,0
3532.01,42484503,PC,2.4563456,0.0001116,-0.0001116,0
3533.01,313408643,PC,4.3167817,0.0000065,-0.0000065,0
3534.01,27916356,KP,3.2346944,0.0000060,-0.0000060,0
3535.01,304514922,PC,1.9115371,0.0000064,-0.0000064,0
3536.01,27844066,FP,1.8532983,0.0000998,-0.0000998,0
3537.01,294599100,FP,5.6133922,0.0000157,-0.0000157,0
3538.01,27459498,PC,7.3105415,0.0000252,-0.0000252,0
3539.01,294594423,PC,6.0978165,0.0000173,-0.0000173,0
354.01,100097716,APC,3.0002084,0.0000022,-0.0000022,0
3540.01,17865622,CP,3.1198404,0.0001282,-0.0001282,0
3541.01,291147951,FP,2.5313956,0.0000136,-0.0000136,0
3542.01,16187321,FP,4.2021893,0.0000044,-0.0000044,0
3543.01,275887811,PC,6.4816660,0.0000105,-0.0000105,0
3544.01,15460993,PC,2.2020405,0.0000029,-0.0000029,0
3545.01,274641986,PC,3.1872086,0.0000762,-0.0000762,0
3546.01,13424053,PC,5.2019364,0.0000289,-0.0000289,0
3547.01,274075364,PC,4.1632657,0.0000097,-0.0000097,0
3548.01,271167979,FP,0.3093954,0.0000104,-0.0000104,0
3549.01,269269740,FP,1.8639309,0.0000139,-0.0000139,0
355.01,183593642,APC,1.0372587,0.0000067,-0.0000067,0
3550.01,248058363,PC,1.1239202,0.0000023,-0.0000023,0
3551.01,247283596,PC,3.1940809,0.0000097,-0.0000097,0
3552.01,247283054,PC,0.9277787,0.0000022,-0.0000022,0
3553.01,239628993,PC,1.9410635,0.0000989,-0.0000989,0
3554.01,239585909,PC,1.6127665,0.0000055,-0.0000055,0
3555.01,233415701,PC,5.2718130,0.0000096,-0.0000096,0
3556.01,230840853,APC,4.1184180,0.0000093,-0.0000093,0
3557.01,271042173,FP,0.4768730,0.0000442,-0.0000442,0
3558.01,195750008,PC,2.5650361,0.0000155,-0.0000155,0
3559.01,184468386,PC,2.5402287,0.0000052,-0.0000052,0
356.01,369336146,PC,5.7694373,0.0000272,-0.0000272,0
3560.01,184295571,PC,1.9804293,0.0000091,-0.0000091,0
3561.01,172754786,FP,4.1273472,0.0000234,-0.0000234,0
3562.01,193708920,FP,1.3298469,0.0003009,-0.0003009,0
3563.01,169461816,KP,17.8552322,0.0000343,-0.0000343,0
3564.01,193482096,PC,4.0875563,0.0000947,-0.0000947,0
3565.01,1965256662,FP,4.3170598,0.0002595,-0.0002595,0
3566.01,169187982,FP,1.7645340,0.0000048,-0.0000048,0
3567.01,452658846,PC,1.9990323,0.0000025,-0.0000025,0
3568.01,160390955,CP,4.4178042,0.0001971,-0.0001971,0
3569.01,436314778,PC,4.5956692,0.0000039,-0.0000039,0
357.01,220016044,FP,0.9399664,0.0000403,-0.0000403,0
3570.01,136122328,PC,2.1083693,0.0000055,-0.0000055,0
3571.01,2010186093,PC,3.0079250,0.0000030,-0.0000030,0
3572.01,1976308113,FP,2.7568649,0.0001438,-0.0001438,0
3573.01,407905370,PC,9.8170028,0.0006140,-0.0006140,0
3574.01,407694390,PC,3.6691817,0.0000117,-0.0000117,0
3575.01,407658979,PC,8.0845540,0.0017143,-0.0017143,0
3576.01,405897415,PC,4.6387689,0.0000071,-0.0000071,0
3577.01,396133015,CP,5.2667367,0.0000214,-0.0000214,0
3578.01,358186451,FP,1.3176767,0.0000089,-0.0000089,0
3579.01,316606244,FP,3.3106360,0.0014244,-0.0014244,0
358.01,321982642,PC,9.1032600,0.0000300,-0.0000300,0
3580.01,305478010,FP,3.1213390,0.0001901,-0.0001901,0
3581.01,295413003,FP,3.0373017,0.0003588,-0.0003588,0
3582.01,290308758,PC,4.4168832,0.0000107,-0.0000107,0
3583.01,289895191,PC,5.2462501,0.0004508,-0.0004508,0
3584.01,289100911,PC,2.7567478,0.0000029,-0.0000029,0
3585.01,287591638,PC,3.5410781,0.0000061,-0.0000061,0
3586.01,286080865,PC,11.3201226,0.0000166,-0.0000166,0
3587.01,267373896,PC,4.1584817,0.0000054,-0.0000054,0
3588.01,265242905,PC,3.7037478,0.0000133,-0.0000133,0
3589.01,260761464,PC,3.0827487,0.0000014,-0.0000014,0
359.01,80432617,PC,16.4520900,,,0
3590.01,236638487,APC,4.4064273,0.0000074,-0.0000074,0
3591.01,190479710,PC,8.4843917,0.0000645,-0.0000645,0
3592.01,162387333,PC,5.5280331,0.0000576,-0.0000576,0
3593.01,162289289,PC,3.8212977,0.0001557,-0.0001557,0
3594.01,162179096,PC,9.3236885,0.0000235,-0.0000235,0
3595.01,440113053,KP,1.8053760,0.0000544,-0.0000544,0
3596.01,352690548,PC,4.9056578,0.0000142,-0.0000142,0
3597.01,267650535,KP,4.0088245,0.0000965,-0.0000965,0
3598.01,352469839,PC,3.7026941,0.0000055,-0.0000055,0
3599.01,194461202,PC,3.2523102,0.0006564,-0.0006564,0
360.01,13023738,FP,8.0635000,0.0000600,-0.0000600,0
3600.01,343726435,PC,5.0166410,0.0000138,-0.0000138,0
3601.01,191202679,PC,4.0517972,0.0000100,-0.0000100,0
3602.01,331146317,PC,2.3874731,0.0000299,-0.0000299,0
3603.01,13961554,PC,1.2678043,0.0000025,-0.0000025,0
3604.01,330135981,PC,1.0666963,0.0000064,-0.0000064,0
3605.01,329373799,PC,3.6554335,0.0000033,-0.0000033,0
3606.01,315907220,PC,9.3121670,0.0000322,-0.0000322,0
3607.01,277505161,PC,3.5884855,0.0000141,-0.0000141,0
3608.01,267867517,FP,2.6816329,0.0007150,-0.0007150,0
3609.01,267861788,PC,6.3854622,0.0000265,-0.0000265,0
361.01,144276942,APC,1.5351652,0.0000739,-0.0000739,0
3610.01,267484653,FP,1.7384809,0.0000126,-0.0000126,0
3611.01,252549844,PC,3.0789699,0.0000063,-0.0000063,0
3612.01,233948455,KP,1.4822451,0.0000011,-0.0000011,0
3613.01,233795794,PC,3.1493729,0.0000033,-0.0000033,0
3614.01,233831759,FA,2.9708603,0.0000545,-0.0000545,0
3615.01,173711153,PC,3.1315583,0.0000108,-0.0000108,0
3616.01,173298412,PC,2.4188647,0.0000046,-0.0000046,0
3617.01,173176491,PC,3.2337884,0.0000059,-0.0000059,0
3618.01,65981892,PC,3.4898546,0.0000054,-0.0000054,0
3619.01,64938667,PC,3.1988858,0.0004347,-0.0004347,0
362.01,305048116,PC,14.2337615,0.0000512,-0.0000512,0
3620.01,620780629,PC,4.8893985,0.0000192,-0.0000192,0
3621.01,435861696,FP,5.6902814,0.0005800,-0.0005800,0
3622.01,432761635,PC,3.2131823,0.0000090,-0.0000090,0
3623.01,422881018,PC,5.7456862,0.0000212,-0.0000212,0
3624.01,414922696,PC,7.6460931,0.0000346,-0.0000346,0
3625.01,1980725947,PC,2.9708659,0.0000604,-0.0000604,0
3626.01,398912927,FP,19.8875338,0.0035690,-0.0035690,0
3627.01,1979500576,FP,2.6342729,0.0004907,-0.0004907,0
3628.01,238624131,PC,3.4945148,0.0000043,-0.0000043,0
3629.01,455784423,CP,3.9365629,0.0000061,-0.0000061,0
363.01,262530780,APC,8.2238800,0.0000200,-0.0000200,0
3630.01,189380158,KP,1.9617969,0.0001487,-0.0001487,0
3631.01,429414530,FP,2.6340964,0.0006795,-0.0006795,0
3632.01,186292194,PC,3.2403602,0.0000045,-0.0000045,0
3633.01,429218084,PC,2.5266409,0.0000105,-0.0000105,0
3634.01,80478272,FP,5.0859432,0.0000072,-0.0000072,0
3635.01,428003305,PC,1.8048106,0.0002666,-0.0002666,0
3636.01,61205803,KP,4.2186625,0.0002546,-0.0002546,0
3637.01,370981403,PC,3.7330471,0.0000074,-0.0000074,0
3638.01,47094691,PC,4.9276886,0.0000080,-0.0000080,0
3639.01,365447203,PC,5.7208592,0.0000120,-0.0000120,0
364.01,47425697,PC,0.4941631,0.0000006,-0.0000006,0
3640.01,200917197,PC,1.2205315,0.0000027,-0.0000027,0
3641.01,192878624,PC,5.7361495,0.0000260,-0.0000260,0
3642.01,186614891,PC,4.0844470,0.0000034,-0.0000034,0
3643.01,453230066,FP,1.5492212,0.0006720,-0.0006720,0
3644.01,445496795,PC,1.8317330,0.0000086,-0.0000086,0
3645.01,184733148,PC,2.9598420,0.0000056,-0.0000056,0
3646.01,445407434,PC,2.1795448,0.0000027,-0.0000027,0
3647.01,149855074,PC,3.1116107,0.0014249,-0.0014249,0
3648.01,433144048,PC,2.9234610,0.0000174,-0.0000174,0
3649.01,139559780,PC,3.2637419,0.0012015,-0.0012015,0
365.01,118586896,APC,12.1102800,0.0000300,-0.0000300,0
3650.01,139507260,PC,1.7556768,0.0002993,-0.0002993,0
3651.01,415976665,PC,1.5244603,0.0000063,-0.0000063,0
3652.01,116848450,PC,3.4796904,0.0000089,-0.0000089,0
3653.01,410552165,PC,4.6017262,0.0000098,-0.0000098,0
3654.01,396556650,PC,2.2771820,0.0006275,-0.0006275,0
3655.01,94609570,APC,3.3325651,0.0000064,-0.0000064,0
3656.01,77258279,PC,5.5122277,0.0000199,-0.0000199,0
3657.01,381544766,PC,4.0898871,0.0000045,-0.0000045,0
3658.01,71854732,FP,3.1004285,0.0000238,-0.0000238,0
3659.01,374778982,FP,2.3882776,0.0000096,-0.0000096,0
366.01,251878904,PC,1.7025848,0.0000066,-0.0000066,0
3660.01,67517533,PC,3.9497635,0.0005688,-0.0005688,0
3661.01,370123525,PC,2.6480838,0.0000071,-0.0000071,0
3662.01,65446983,PC,9.9908116,0.0020103,-0.0020103,0
3663.01,354151219,FP,3.5639862,0.0000144,-0.0000144,0
3664.01,348437470,PC,3.2975093,0.0000094,-0.0000094,0
3665.01,65440953,PC,0.8746494,0.0004607,-0.0004607,0
3666.01,346626688,KP,4.4085194,0.0002461,-0.0002461,0
3667.01,63717709,PC,5.4439776,0.0012798,-0.0012798,0
3668.01,467580267,PC,0.7415247,0.0000012,-0.0000012,0
3669.01,63470437,PC,1.2126653,0.0000048,-0.0000048,0
367.01,9033144,FP,4.7150255,0.0000024,-0.0000024,0
3670.01,331854794,PC,2.1947767,0.0003173,-0.0003173,0
3671.01,312345863,PC,1.7266138,0.0000036,-0.0000036,0
3672.01,50943163,FP,2.4254068,0.0013362,-0.0013362,0
3673.01,452964680,PC,2.2390796,0.0000029,-0.0000029,0
3674.01,308613965,PC,4.4619426,0.0000145,-0.0000145,0
3675.01,34646336,PC,5.9577768,0.0000179,-0.0000179,0
3676.01,302470965,PC,1.9341469,0.0000041,-0.0000041,0
3677.01,458876004,FP,3.6923071,0.0002290,-0.0002290,0
3678.01,34551972,FP,4.8542148,0.0000580,-0.0000580,0
3679.01,285354178,PC,5.9664078,0.0000067,-0.0000067,0
368.01,77031413,FP,1.3866500,,,0
3680.01,311703724,APC,1.7054246,0.0000023,-0.0000023,0
3681.01,285272237,KP,4.6401269,0.0002793,-0.0002793,0
3682.01,28961316,PC,3.3462671,0.0000082,-0.0000082,0
3683.01,264912889,PC,1.3697115,0.0000024,-0.0000024,0
3684.01,28873762,FP,3.1056540,0.0000087,-0.0000087,0
3685.01,252118701,PC,4.9777448,0.0000150,-0.0000150,0
3686.01,13533330,PC,5.0778064,0.0001727,-0.0001727,0
3687.01,250803548,PC,4.4543921,0.0000128,-0.0000128,0
3688.01,245509452,CP,3.2462080,0.0001879,-0.0001879,0
3689.01,241135327,PC,2.4145007,0.0000061,-0.0000061,0
369.01,175482273,PC,5.4640119,0.0000062,-0.0000062,0
3690.01,240989628,PC,10.0755592,0.0000173,-0.0000173,0
3691.01,240959810,PC,3.3411398,0.0000043,-0.0000043,0
3692.01,240864953,PC,3.3210331,0.0000107,-0.0000107,0
3693.01,240823272,CP,9.0881638,0.0003139,-0.0003139,0
3694.01,470822809,PC,2.5400911,0.0012765,-0.0012765,0
3695.01,203096531,APC,0.6041576,0.0000015,-0.0000015,0
3696.01,202872757,PC,4.4236103,0.0000193,-0.0000193,0
3697.01,470783598,APC,9.9441709,0.0000156,-0.0000156,0
3698.01,266425782,PC,2.3467263,0.0003722,-0.0003722,0
3699.01,266401846,PC,3.0423931,0.0003830,-0.0003830,0
370.01,251855940,PC,4.0463709,0.0000036,-0.0000036,0
3700.01,417676091,PC,4.4184429,0.0006178,-0.0006178,0
3701.01,266213232,PC,4.2605739,0.0007174,-0.0007174,0
3702.01,385400633,PC,2.2842184,0.0000026,-0.0000026,0
3703.01,260962960,PC,3.8901335,0.0005858,-0.0005858,0
3704.01,367616146,PC,1.3944879,0.0001573,-0.0001573,0
3705.01,259506033,KP,1.9025032,0.0001160,-0.0001160,0
3706.01,252430813,PC,4.3701795,0.0008390,-0.0008390,0
3707.01,366311757,PC,4.9107194,0.0000392,-0.0000392,0
3708.01,251652214,PC,7.2729900,0.0000088,-0.0000088,0
3709.01,356322454,PC,3.2509846,0.0006395,-0.0006395,0
371.01,156016136,PC,3.4813814,0.0000071,-0.0000071,0
3710.01,174826170,PC,2.4802272,0.0008213,-0.0008213,0
3711.01,355008856,PC,3.0108217,0.0008003,-0.0008003,0
3712.01,354442783,PC,1.5224706,0.0001972,-0.0001972,0
3713.01,171160885,PC,10.4401778,0.0000321,-0.0000321,0
3714.01,155867025,CP,2.1547472,0.0000612,-0.0000612,0
3715.01,354293303,PC,2.4713543,0.0004767,-0.0004767,0
3716.01,155351556,PC,6.0985856,0.0006831,-0.0006831,0
3717.01,348099535,APC,10.1182835,0.0055293,-0.0055293,0
3718.01,417942201,PC,4.2305960,0.0020719,-0.0020719,0
3719.01,150074121,PC,1.2222265,0.0000811,-0.0000811,0
372.01,441075486,APC,1.1202752,0.0000006,-0.0000006,0
3720.01,347051112,PC,4.7378265,0.0010818,-0.0010818,0
3721.01,143687316,PC,3.5411235,0.0004452,-0.0004452,0
3722.01,346015394,PC,1.0788649,0.0000740,-0.0000740,0
3723.01,3027681,PC,3.9442027,0.0000124,-0.0000124,0
3724.01,143642240,PC,,,,0
3725.01,339250695,FP,4.7262208,0.0013113,-0.0013113,0
3726.01,122695048,PC,4.8404431,0.0004120,-0.0004120,0
3727.01,339207847,PC,13.3988634,0.0027077,-0.0027077,0
3728.01,116257066,FP,6.5019596,0.0000376,-0.0000376,0
3729.01,322160664,PC,8.1744382,0.0009745,-0.0009745,0
373.01,9032368,FP,1.6320000,0.0004200,-0.0004200,0
3730.01,417844678,PC,2.5404529,0.0005831,-0.0005831,0
3731.01,115457180,APC,5.6619072,0.0000159,-0.0000159,0
3732.01,321894059,PC,2.9594651,0.0021098,-0.0021098,0
3733.01,321436679,FP,2.1263167,0.0003576,-0.0003576,0
3734.01,105135774,PC,2.1411860,0.0002917,-0.0002917,0
3735.01,317252733,PC,3.3526843,0.0001661,-0.0001661,0
3736.01,98620619,PC,2.2091186,0.0003740,-0.0003740,0
3737.01,96074951,PC,5.5609997,0.0000143,-0.0000143,0
3738.01,312689217,PC,4.3847594,0.0000048,-0.0000048,0
3739.01,311441461,PC,3.4471559,0.0006088,-0.0006088,0
374.01,183675732,PC,5.4820954,0.0000189,-0.0000189,0
3740.01,87597187,FA,2.0449361,0.0001222,-0.0001222,0
3741.01,701926762,PC,2.0449545,0.0001213,-0.0001213,0
3742.01,286696848,FP,8.9279009,0.0009795,-0.0009795,0
3743.01,87091417,PC,2.1186344,0.0009396,-0.0009396,0
3744.01,86075481,PC,3.9010509,0.0013504,-0.0013504,0
3745.01,666567477,PC,1.6883103,0.0007907,-0.0007907,0
3746.01,284747017,FP,1.8012697,0.0009280,-0.0009280,0
3747.01,647636934,PC,1.5503072,0.0003488,-0.0003488,0
3748.01,82622707,PC,2.3753009,0.0003826,-0.0003826,0
3749.01,284174392,PC,1.8751894,0.0000080,-0.0000080,0
375.01,280097543,PC,9.4546478,0.0000248,-0.0000248,0
3750.01,468777766,PC,12.4844641,0.0014759,-0.0014759,0
3751.01,284173938,PC,2.9157041,0.0000074,-0.0000074,0
3752.01,81597356,PC,2.8054221,0.0002457,-0.0002457,0
3753.01,467783290,FP,3.6502527,0.0000112,-0.0000112,0
3754.01,81593515,PC,2.5312823,0.0009511,-0.0009511,0
3755.01,281196902,CP,5.5455798,0.0009983,-0.0009983,0
3756.01,67300566,APC,4.4236732,0.0002957,-0.0002957,0
3757.01,445751830,CP,3.4391954,0.0001572,-0.0001572,0
3758.01,280254984,PC,3.4177514,0.0000071,-0.0000071,0
3759.01,27244707,FP,1.6882863,0.0008722,-0.0008722,0
376.01,144301273,PC,2.7509863,0.0000024,-0.0000024,0
3760.01,440186528,APC,0.5318566,0.0000845,-0.0000845,0
3761.01,275703182,PC,25.8944827,0.0005207,-0.0005207,0
3762.01,9833284,PC,0.6843601,0.0001334,-0.0001334,0
3763.01,432114158,PC,2.0042661,0.0001815,-0.0001815,0
3764.01,275702126,PC,6.5718534,0.0017040,-0.0017040,0
3765.01,432078760,PC,3.1479532,0.0001924,-0.0001924,0
3766.01,9830791,PC,3.5414573,0.0015465,-0.0015465,0
3767.01,274545328,PC,2.3907751,0.0005889,-0.0005889,0
3768.01,268172361,PC,2.1803154,0.0002645,-0.0002645,0
3769.01,428251130,PC,10.3380912,0.0008853,-0.0008853,0
377.01,139285736,FP,1.5502800,0.0000500,-0.0000500,0
3770.01,8621049,APC,0.9183768,0.0003760,-0.0003760,0
3771.01,3364732,PC,3.6238662,0.0000101,-0.0000101,0
3772.01,426319499,PC,4.1689145,0.0005913,-0.0005913,0
3773.01,266772500,PC,2.9508097,0.0003578,-0.0003578,0
3774.01,704012376,PC,1.5970752,0.0003327,-0.0003327,0
3775.01,68850908,PC,5.3868381,0.0000126,-0.0000126,0
3776.01,68388114,APC,1.3312309,0.0000036,-0.0000036,0
3777.01,802227190,PC,2.3365744,0.0009253,-0.0009253,0
3778.01,53307409,PC,5.6089886,0.0000398,-0.0000398,0
3779.01,742648307,PC,1.6180578,0.0000077,-0.0000077,0
378.01,20892672,FP,3.1092600,0.0004500,-0.0004500,0
3780.01,468832904,PC,1.4005308,0.0000014,-0.0000014,0
3781.01,470974162,FP,3.2583798,0.0000124,-0.0000124,0
3782.01,396813816,APC,10.3918699,0.0008908,-0.0008908,0
3783.01,459755750,PC,6.1080224,0.0000286,-0.0000286,0
3784.01,339503267,PC,4.9386676,0.0006581,-0.0006581,0
3785.01,458419328,CP,4.6747218,0.0000112,-0.0000112,0
3786.01,321250206,APC,2.1040634,0.0005391,-0.0005391,0
3787.01,457104362,PC,4.8163162,0.0000210,-0.0000210,0
3788.01,312811620,PC,3.0923729,0.0003416,-0.0003416,0
3789.01,453410966,PC,4.1200040,0.0000129,-0.0000129,0
379.01,220396259,FP,0.9167700,0.0000100,-0.0000100,0
3790.01,29117085,FP,13.2477770,0.0002440,-0.0002440,0
3791.01,400432230,PC,3.1833919,0.0000023,-0.0000023,0
3792.01,453348525,APC,0.7729066,0.0002411,-0.0002411,0
3793.01,29105766,PC,3.2551315,0.0000129,-0.0000129,0
3794.01,416539317,FA,2.2019606,0.0000468,-0.0000468,0
3795.01,253030300,FP,2.8300213,0.0009204,-0.0009204,0
3796.01,393251073,FP,14.9857436,0.0009352,-0.0009352,0
3797.01,252912175,PC,17.6229161,0.0000506,-0.0000506,0
3798.01,22683951,PC,2.6797436,0.0000101,-0.0000101,0
3799.01,373614579,FP,8.2064867,0.0000166,-0.0000166,0
380.01,100014359,PC,0.5045539,0.0000024,-0.0000024,0
3800.01,21291176,PC,1.6667559,0.0006260,-0.0006260,0
3801.01,373612558,PC,5.8677921,0.0000241,-0.0000241,0
3802.01,190250689,PC,1.4658218,0.0001651,-0.0001651,0
3803.01,353498819,PC,2.5492773,0.0000089,-0.0000089,0
3804.01,312991501,PC,3.2905683,0.0000190,-0.0000190,0
3805.01,189852832,PC,3.8960447,0.0009340,-0.0009340,0
3806.01,16076354,APC,2.9859012,0.0000075,-0.0000075,0
3807.01,289661991,CP,2.8989758,0.0000050,-0.0000050,0
3808.01,138497780,FP,3.6754815,0.0000097,-0.0000097,0
3809.01,252876117,PC,3.6346303,0.0003175,-0.0003175,0
381.01,207084429,FP,4.8957700,0.0000400,-0.0000400,0
3810.01,239136269,FP,1.0590994,0.0000123,-0.0000123,0
3811.01,138475192,PC,2.9594596,0.0000053,-0.0000053,0
3812.01,239134248,PC,3.8850001,0.0000053,-0.0000053,0
3813.01,4605846,PC,3.7178656,0.0000095,-0.0000095,0
3814.01,155873992,PC,4.9513106,0.0000150,-0.0000150,0
3815.01,149995163,PC,4.8709815,0.0000108,-0.0000108,0
3816.01,102848207,PC,1.0358225,0.0000038,-0.0000038,0
3817.01,99572130,PC,4.8504819,0.0000508,-0.0000508,0
3818.01,99097200,PC,3.2371501,0.0000161,-0.0000161,0
3819.01,95660472,CP,3.2442990,0.0000044,-0.0000044,0
382.01,229091748,FP,0.4568000,0.0000400,-0.0000400,0
3820.01,95234976,PC,5.4290781,0.0000093,-0.0000093,0
3821.01,88485645,PC,2.5972551,0.0000198,-0.0000198,0
3822.01,88385463,PC,3.1235179,0.0000056,-0.0000056,0
3823.01,81212289,APC,0.6848358,0.0000022,-0.0000022,0
3824.01,71134735,FA,2.3378945,0.0000233,-0.0000233,0
3825.01,39077574,FP,7.1404043,0.0000551,-0.0000551,0
3826.01,9346507,APC,4.9807125,0.0000063,-0.0000063,0
3827.01,8677530,FA,2.9146300,0.0003169,-0.0003169,0
3828.01,841226526,PC,19.5105608,0.0001253,-0.0001253,0
3829.01,801354155,PC,2.9150294,0.0000047,-0.0000047,0
383.01,167418898,FP,10.9803025,0.0000093,-0.0000093,0
3830.01,445807396,PC,3.2493152,0.0000104,-0.0000104,0
3831.01,393853275,PC,1.7088305,0.0000045,-0.0000045,0
3832.01,356736743,PC,24.0819851,0.0000971,-0.0000971,0
3833.01,356539624,APC,0.4399856,0.0000007,-0.0000007,0
3834.01,355953198,PC,3.3952015,0.0000089,-0.0000089,0
3835.01,330795142,PC,1.3460633,0.0000014,-0.0000014,0
3836.01,900240532,PC,2.5733766,0.0000117,-0.0000117,0
3837.01,308073360,CP,11.8886495,0.0000273,-0.0000273,0
3838.01,307915084,APC,0.8275646,0.0000025,-0.0000025,0
3839.01,298074043,PC,3.0193545,0.0000141,-0.0000141,0
384.01,155995204,FP,9.3073400,0.0021800,-0.0021800,0
3840.01,287231664,PC,3.6217624,0.0000176,-0.0000176,0
3841.01,252474634,PC,4.1124956,0.0000230,-0.0000230,0
3842.01,165985431,PC,3.6566206,0.0002678,-0.0002678,0
3843.01,841226527,FP,19.5112506,0.0006207,-0.0006207,0
3844.01,165885558,APC,0.8962710,0.0000013,-0.0000013,0
3845.01,156816238,FP,2.1461672,0.0000034,-0.0000034,0
3846.01,149918151,KP,1.5407760,0.0000007,-0.0000007,0
3847.01,149917086,PC,11.0783748,0.0000228,-0.0000228,0
3848.01,147994863,PC,15.9544918,0.0000684,-0.0000684,0
3849.01,147890655,PC,1.2220437,0.0000009,-0.0000009,0
385.01,300810086,FP,0.6680065,0.0000003,-0.0000003,0
3850.01,143008050,PC,14.4832964,0.0000541,-0.0000541,0
3851.01,142739544,PC,3.3834660,0.0000110,-0.0000110,0
3852.01,142635225,PC,16.1020097,0.0000323,-0.0000323,0
3853.01,142618165,PC,5.6922342,0.0000374,-0.0000374,0
3854.01,142562395,PC,3.2693612,0.0000052,-0.0000052,0
3855.01,126325149,PC,3.4952497,0.0000081,-0.0000081,0
3856.01,125552076,PC,2.0436029,0.0000013,-0.0000013,0
3857.01,105379013,PC,3.2956376,0.0004862,-0.0004862,0
3858.01,86273567,PC,16.5968329,0.0001088,-0.0001088,0
3859.01,1122079,APC,1.8460997,0.0005517,-0.0005517,0
386.01,238059180,PC,5.1119781,0.0000041,-0.0000041,0
3860.01,416542079,PC,3.0012386,0.0000067,-0.0000067,0
3861.01,396950329,PC,1.7763987,0.0000027,-0.0000027,0
3862.01,141205978,PC,1.5574603,0.0000019,-0.0000019,0
3863.01,383531543,PC,10.9543562,0.0000711,-0.0000711,0
3864.01,1001477809,FP,7.6605425,0.0002271,-0.0002271,0
3865.01,376688393,PC,3.0115930,0.0000103,-0.0000103,0
3866.01,376632626,PC,2.1371195,0.0000034,-0.0000034,0
3867.01,320208949,PC,5.7310859,0.0000128,-0.0000128,0
3868.01,310994622,PC,18.5658130,0.0000479,-0.0000479,0
3869.01,253044312,APC,11.2005651,0.0000260,-0.0000260,0
387.01,92359850,FP,4.1550000,,,0
3870.01,165989915,PC,2.6292572,0.0000060,-0.0000060,0
3871.01,165468291,PC,4.7544320,0.0000076,-0.0000076,0
3872.01,165431806,PC,4.4100654,0.0000179,-0.0000179,0
3873.01,154126149,PC,3.8951475,0.0000051,-0.0000051,0
3874.01,154105890,PC,5.5822739,0.0000099,-0.0000099,0
3875.01,153978165,PC,6.0835972,0.0000080,-0.0000080,0
3876.01,150388393,PC,6.5846694,0.0000103,-0.0000103,0
3877.01,144310492,PC,4.1225477,0.0006274,-0.0006274,0
3878.01,141275395,PC,0.8377576,0.0000026,-0.0000026,0
3879.01,139086171,PC,4.8104679,0.0000300,-0.0000300,0
388.01,422655579,KP,2.9036816,0.0000010,-0.0000010,0
3880.01,138973825,PC,2.1614819,0.0004185,-0.0004185,0
3881.01,136998882,PC,3.3401814,0.0000097,-0.0000097,0
3882.01,101643582,APC,2.0713330,0.0008772,-0.0008772,0
3883.01,99330090,FP,7.0080817,0.0000059,-0.0000059,0
3884.01,86263325,CP,4.5445569,0.0000072,-0.0000072,0
3885.01,55748194,FA,2.5227786,0.0000072,-0.0000072,0
3886.01,48220826,PC,3.0215428,0.0000276,-0.0000276,0
3887.01,21549805,PC,4.2441117,0.0000153,-0.0000153,0
3888.01,18067025,PC,5.3298577,0.0000205,-0.0000205,0
3889.01,950525831,PC,2.5228506,0.0000011,-0.0000011,0
389.01,271900960,FP,13.4591300,0.0011300,-0.0011300,0
3890.01,18017227,FP,0.6203033,0.0000023,-0.0000023,0
3891.01,459215281,PC,2.7694074,0.0000322,-0.0000322,0
3892.01,3896759,PC,4.5808535,0.0000076,-0.0000076,0
3893.01,458424950,PC,9.0576962,0.0000400,-0.0000400,0
3894.01,165464482,CP,4.3345378,0.0000037,-0.0000037,0
3895.01,3808740,PC,6.6713748,0.0000376,-0.0000376,0
3896.01,445837596,PC,4.3773113,0.0000208,-0.0000208,0
3897.01,154181821,PC,7.6607094,0.0000444,-0.0000444,0
3898.01,450337675,PC,8.6789911,0.0000528,-0.0000528,0
3899.01,441697509,PC,5.2077671,0.0001814,-0.0001814,0
390.01,250386181,FP,1.4702580,0.0000790,-0.0000790,0
3900.01,366755319,PC,14.7802661,0.0030347,-0.0030347,0
3901.01,357373216,PC,9.5469720,0.0000218,-0.0000218,0
3902.01,310094771,PC,2.9406027,0.0000131,-0.0000131,0
3903.01,288434231,PC,14.8496574,0.0001249,-0.0001249,0
3904.01,233462817,APC,10.1614815,0.0000241,-0.0000241,0
3905.01,180672438,PC,5.3599361,0.0000182,-0.0000182,0
3906.01,180607846,APC,0.6451059,0.0000013,-0.0000013,0
3907.01,165723070,PC,1.7213564,0.0000014,-0.0000014,0
3908.01,165412561,APC,1.4680992,0.0000140,-0.0000140,0
3909.01,161003569,PC,3.5115357,0.0000046,-0.0000046,0
391.01,382391899,KP,1.9550932,0.0000005,-0.0000005,0
3910.01,158617175,PC,5.7158895,0.0000029,-0.0000029,0
3911.01,158497525,PC,9.3517097,0.0000601,-0.0000601,0
3912.01,156648452,CP,3.4936188,0.0000049,-0.0000049,0
3913.01,155898758,PC,4.0384773,0.0000054,-0.0000054,0
3914.01,139118482,FP,6.7136512,0.0004760,-0.0004760,0
3915.01,81247877,PC,2.2012625,0.0000016,-0.0000016,0
3916.01,68074302,PC,3.4014954,0.0000111,-0.0000111,0
3917.01,68035558,FA,8.3289771,0.0018843,-0.0018843,0
3918.01,23815847,PC,3.0654283,0.0000126,-0.0000126,0
3919.01,23769326,CP,7.4332642,0.0000235,-0.0000235,0
392.01,328350926,APC,0.8490674,0.0000008,-0.0000008,0
3920.01,2016376984,FA,2.3179390,0.0000165,-0.0000165,0
3921.01,1101909431,FP,23.2556119,0.0003044,-0.0003044,0
3922.01,1101855081,PC,3.8960617,0.0000026,-0.0000026,0
3923.01,467265105,PC,4.1377886,0.0001164,-0.0001164,0
3924.01,456042145,FP,2.0474832,0.0000637,-0.0000637,0
3925.01,435167167,FP,3.0330919,0.0001788,-0.0001788,0
3926.01,434171145,PC,2.7873223,0.0000063,-0.0000063,0
3927.01,434171113,PC,4.4921154,0.0000039,-0.0000039,0
3928.01,427153307,PC,2.2035349,0.0000049,-0.0000049,0
3929.01,422554579,PC,3.4608812,0.0000043,-0.0000043,0
393.01,29960109,FP,2.4922100,0.0006100,-0.0006100,0
3930.01,422514153,PC,2.9284231,0.0000067,-0.0000067,0
3931.01,421336001,PC,7.6644000,0.0000740,-0.0000740,0
3932.01,408094424,APC,2.4892754,0.0000059,-0.0000059,0
3933.01,388393034,PC,1.9754900,0.0000081,-0.0000081,0
3934.01,375981105,PC,11.7512673,0.0000410,-0.0000410,0
3935.01,372207084,PC,1.2257683,0.0000033,-0.0000033,0
3936.01,371676181,PC,1.4858906,0.0000027,-0.0000027,0
3937.01,367425982,PC,1.6923573,0.0000206,-0.0000206,0
3938.01,367333043,FP,2.8778095,0.0001002,-0.0001002,0
3939.01,366115856,PC,2.3466472,0.0000015,-0.0000015,0
394.01,9858404,APC,0.3914900,0.0000200,-0.0000200,0
3940.01,346081845,PC,3.4895723,0.0000070,-0.0000070,0
3941.01,345697569,PC,2.8817718,0.0000057,-0.0000057,0
3942.01,345329200,PC,3.1082514,0.0002286,-0.0002286,0
3943.01,343330330,PC,5.5613023,0.0000393,-0.0000393,0
3944.01,338065029,PC,2.3151015,0.0000067,-0.0000067,0
3945.01,336824844,PC,4.4638411,0.0000181,-0.0000181,0
3946.01,336399144,PC,5.7033411,0.0000384,-0.0000384,0
3947.01,336092760,PC,6.7716021,0.0000367,-0.0000367,0
3948.01,335489455,FP,2.1176601,0.0000764,-0.0000764,0
3949.01,334493051,PC,2.2297524,0.0000059,-0.0000059,0
395.01,38541473,APC,6.0613441,0.0000038,-0.0000038,0
3950.01,334394274,PC,3.4488281,0.0000072,-0.0000072,0
3951.01,334385701,PC,2.1861455,0.0000058,-0.0000058,0
3952.01,321861405,PC,2.9897732,0.0000020,-0.0000020,0
3953.01,320503729,PC,2.9873441,0.0000054,-0.0000054,0
3954.01,316453500,PC,3.4043154,0.0000071,-0.0000071,0
3955.01,314375831,PC,3.1274951,0.0002643,-0.0002643,0
3956.01,309849817,PC,2.6686464,0.0000055,-0.0000055,0
3957.01,305550963,FP,1.5891628,0.0000062,-0.0000062,0
3958.01,279383896,PC,12.0031646,0.0020471,-0.0020471,0
3959.01,275421144,PC,3.8426038,0.0000122,-0.0000122,0
396.01,178155732,CP,5.9739124,0.0000187,-0.0000187,0
396.02,178155732,CP,3.5852900,0.0000100,-0.0000100,0
396.03,178155732,CP,11.2304605,0.0000455,-0.0000455,0
3960.01,272785423,PC,3.2399875,0.0000020,-0.0000020,0
3961.01,272219353,PC,3.5434689,0.0000052,-0.0000052,0
3962.01,271761420,PC,3.3501179,0.0000097,-0.0000097,0
3963.01,271439193,FP,6.2329571,0.0000443,-0.0000443,0
3964.01,270435047,FA,1.8011961,0.0001854,-0.0001854,0
3965.01,269043098,PC,4.7253516,0.0000122,-0.0000122,0
3966.01,262880826,APC,3.9967263,0.0000069,-0.0000069,0
3967.01,256867493,PC,4.6709424,0.0000137,-0.0000137,0
3968.01,252071095,APC,2.2171904,0.0000057,-0.0000057,0
3969.01,252049912,PC,3.8522402,0.0000082,-0.0000082,0
397.01,219379012,FP,1.5464949,0.0000064,-0.0000064,0
3970.01,237221436,PC,10.6001229,0.0000641,-0.0000641,0
3971.01,237077180,PC,3.2292942,0.0000117,-0.0000117,0
3972.01,284206913,PC,10.5113620,0.0000049,-0.0000049,0
3973.01,233654042,PC,2.0615575,0.0000091,-0.0000091,0
3974.01,156007004,PC,1.7922888,0.0000019,-0.0000019,0
3975.01,155947004,FP,9.4258906,0.0001267,-0.0001267,0
3976.01,154293917,CP,6.6080989,0.0000570,-0.0000570,0
3977.01,116382006,PC,23.2547644,0.0000941,-0.0000941,0
3978.01,468329664,PC,3.5472157,0.0000200,-0.0000200,0
3979.01,444523623,FP,2.0416590,0.0001213,-0.0001213,0
398.01,1129033,KP,1.3600283,0.0000002,-0.0000002,0
3980.01,312548829,PC,3.6089193,0.0000078,-0.0000078,0
3981.01,312548415,FP,2.2437501,0.0001412,-0.0001412,0
3982.01,25773352,PC,5.3438948,0.0000231,-0.0000231,0
3983.01,20303110,FA,3.8961515,0.0001082,-0.0001082,0
3984.01,20182780,CP,4.3533211,0.0000086,-0.0000086,0
3985.01,604863428,FP,3.2358535,0.0001731,-0.0001731,0
3986.01,470911286,FP,1.6212474,0.0000863,-0.0000863,0
3987.01,452972453,FA,3.2358247,0.0001465,-0.0001465,0
3988.01,452938965,PC,2.8744227,0.0000070,-0.0000070,0
3989.01,444413256,FP,4.0104917,0.0000095,-0.0000095,0
399.01,219388773,FP,1.5716819,0.0000958,-0.0000958,0
3990.01,420446142,FP,5.8423636,0.0002217,-0.0002217,0
3991.01,418133917,PC,2.2774846,0.0001184,-0.0001184,0
3992.01,403347341,PC,6.3978860,0.0000105,-0.0000105,0
3993.01,403340402,PC,2.2237067,0.0001775,-0.0001775,0
3994.01,372505528,FP,3.8974136,0.0000779,-0.0000779,0
3995.01,347210614,APC,6.4219775,0.0000081,-0.0000081,0
3996.01,347011522,FP,17.2045725,0.0008618,-0.0008618,0
3997.01,327004130,PC,3.4600026,0.0000071,-0.0000071,0
3998.01,320281287,PC,1.8145100,0.0000012,-0.0000012,0
3999.01,284528889,FP,4.1123850,0.0001344,-0.0001344,0
400.01,35857242,KP,3.6344447,0.0000042,-0.0000042,0
4000.01,283015592,FP,3.7027104,0.0000058,-0.0000058,0
4001.01,83148519,PC,4.8982659,0.0000200,-0.0000200,0
4002.01,83053699,FP,3.3378852,0.0000163,-0.0000163,0
4003.01,399346877,PC,3.9606593,0.0000212,-0.0000212,0
4004.01,397924314,PC,5.3798996,0.0000222,-0.0000222,0
4005.01,395773226,FP,3.8471662,0.0001144,-0.0001144,0
4006.01,390048041,FA,3.0491667,0.0006844,-0.0006844,0
4007.01,389910188,PC,4.5432349,0.0000072,-0.0000072,0
4008.01,379629854,FP,2.8278059,0.0000235,-0.0000235,0
4009.01,368734712,PC,4.3271416,0.0000167,-0.0000167,0
401.01,259701242,FP,2.4854800,0.0000200,-0.0000200,0
4010.01,352682207,CP,5.4146235,0.0000551,-0.0000551,0
4010.02,352682207,CP,14.7091662,0.0002341,-0.0002341,0
4010.03,352682207,CP,1.3483075,0.0000208,-0.0000208,0
4011.01,289264348,PC,4.3359117,0.0000301,-0.0000301,0
4012.01,280315875,PC,1.8254400,0.0000023,-0.0000023,0
4013.01,279265701,PC,2.6325313,0.0000189,-0.0000189,0
4014.01,85791385,PC,2.8067423,0.0000062,-0.0000062,0
4015.01,85429139,PC,4.7427131,0.0000030,-0.0000030,0
4016.01,461491274,PC,1.8137851,0.0000082,-0.0000082,0
4016.02,461491274,PC,4.3962009,0.0000387,-0.0000387,0
4017.01,407313319,PC,7.0423707,0.0000365,-0.0000365,0
4018.01,407243316,PC,3.0755983,0.0000105,-0.0000105,0
4019.01,284305328,FP,2.2963814,0.0000219,-0.0000219,0
402.01,120896927,CP,4.7559737,0.0000185,-0.0000185,0
402.02,120896927,CP,17.1807214,0.0000458,-0.0000458,0
4020.01,10974783,FA,3.2174446,0.0000369,-0.0000369,0
4021.01,10507330,PC,5.1175439,0.0000178,-0.0000178,0
4022.01,1271152446,PC,7.2089041,0.0000235,-0.0000235,0
4023.01,470678283,PC,2.7991658,0.0000055,-0.0000055,0
4024.01,470169396,PC,6.3262148,0.0000297,-0.0000297,0
4025.01,441730540,PC,16.2840915,0.0001063,-0.0001063,0
4026.01,428963229,PC,3.1239771,0.0000363,-0.0000363,0
4027.01,427866520,PC,3.6074546,0.0000248,-0.0000248,0
4028.01,406634633,PC,3.9589142,0.0000088,-0.0000088,0
4029.01,393633044,PC,5.8850401,0.0000522,-0.0000522,0
403.01,257567854,KP,3.5328220,0.0001380,-0.0001380,0
4030.01,390021939,PC,2.5089892,0.0000092,-0.0000092,0
4031.01,389968080,PC,10.0462596,0.0000411,-0.0000411,0
4032.01,387603144,FP,2.4567112,0.0000792,-0.0000792,0
4033.01,387330895,PC,3.6142971,0.0000036,-0.0000036,0
4034.01,375654303,PC,1.8020923,0.0000028,-0.0000028,0
4035.01,372392226,PC,3.0295916,0.0000046,-0.0000046,0
4036.01,367913453,FP,2.7761628,0.0001338,-0.0001338,0
4037.01,367287018,FP,4.7257129,0.0000286,-0.0000286,0
4038.01,366580825,PC,4.2989288,0.0000163,-0.0000163,0
4039.01,366120401,PC,4.7308142,0.0000167,-0.0000167,0
404.01,166833457,KP,2.9626402,0.0000015,-0.0000015,0
4040.01,356786657,PC,7.1357259,0.0001205,-0.0001205,0
4041.01,345645749,PC,7.8808589,0.0000193,-0.0000193,0
4042.01,332393279,PC,2.3238426,0.0005122,-0.0005122,0
4043.01,322262448,PC,5.1191172,0.0000085,-0.0000085,0
4044.01,307956396,FP,4.1508803,0.0000206,-0.0000206,0
4045.01,298264260,PC,7.9927894,0.0000223,-0.0000223,0
4046.01,284760740,PC,0.7583741,0.0000022,-0.0000022,0
4047.01,279769094,PC,4.5029619,0.0001865,-0.0001865,0
4048.01,279605855,FP,1.9724010,0.0000300,-0.0000300,0
4049.01,259274960,PC,31.4001189,0.0002609,-0.0002609,0
405.01,176984236,FP,1.7560902,0.0000011,-0.0000011,0
4050.01,255865833,PC,4.6546139,0.0000259,-0.0000259,0
4051.01,237101326,PC,1.5373948,0.0000030,-0.0000030,0
4052.01,236775063,FP,0.7409429,0.0000070,-0.0000070,0
4053.01,235684392,FP,21.7894491,0.0002604,-0.0002604,0
4054.01,233719215,PC,17.3567190,0.0000945,-0.0000945,0
4055.01,233053554,PC,4.5679250,0.0000061,-0.0000061,0
4056.01,232567319,PC,5.0518907,0.0000132,-0.0000132,0
4057.01,230388132,PC,2.4076941,0.0000046,-0.0000046,0
4058.01,229639351,PC,2.8668029,0.0000044,-0.0000044,0
4059.01,229605891,PC,2.0381761,0.0000006,-0.0000006,0
406.01,153065527,CP,13.1757294,0.0000313,-0.0000313,0
406.02,153065527,CP,6.6149110,0.0000313,-0.0000313,0
4060.01,229508727,PC,23.1315739,0.0000885,-0.0000885,0
4061.01,224601047,FA,7.2087245,0.0001288,-0.0001288,0
4062.01,219866209,PC,6.7473822,0.0000072,-0.0000072,0
4063.01,219499488,APC,1.6323062,0.0000348,-0.0000348,0
4064.01,219489550,PC,3.8823511,0.0002694,-0.0002694,0
4065.01,219485050,PC,3.5908038,0.0000101,-0.0000101,0
4066.01,193556520,PC,6.7201811,0.0000143,-0.0000143,0
4067.01,162577466,FP,3.6772391,0.0008793,-0.0008793,0
4068.01,159334269,FP,1.1578392,0.0000072,-0.0000072,0
4069.01,143009290,PC,2.7240303,0.0000081,-0.0000081,0
407.01,349518800,APC,2.1654694,0.0000021,-0.0000021,0
4070.01,115270627,PC,3.1504798,0.0000074,-0.0000074,0
4071.01,115182469,PC,6.5169955,0.0012892,-0.0012892,0
4072.01,85459171,PC,2.1390271,0.0003762,-0.0003762,0
4073.01,648958344,PC,2.3079651,0.0000663,-0.0000663,0
4074.01,628103717,PC,3.2175013,0.0000067,-0.0000067,0
4075.01,627323667,PC,3.0492435,0.0000095,-0.0000095,0
4076.01,57193198,PC,4.3965758,0.0007443,-0.0007443,0
4077.01,57159675,PC,5.5679111,0.0003430,-0.0003430,0
4078.01,444724127,PC,3.1639309,0.0000118,-0.0000118,0
4079.01,444558604,PC,1.9872259,0.0000073,-0.0000073,0
408.01,176778112,FP,1.3367900,,,0
4080.01,428892437,PC,3.7519831,0.0000062,-0.0000062,0
4081.01,421973253,PC,9.2584055,0.0001608,-0.0001608,0
4082.01,400899926,PC,4.6255680,0.0000170,-0.0000170,0
4083.01,399444057,FP,2.0714803,0.0000563,-0.0000563,0
4084.01,346673534,PC,15.6341830,0.0001548,-0.0001548,0
4085.01,336840314,PC,2.8285323,0.0000911,-0.0000911,0
4086.01,328814605,PC,5.6917579,0.0000187,-0.0000187,0
4087.01,310002617,CP,3.1774814,0.0000009,-0.0000009,0
4088.01,302381397,PC,2.7284428,0.0000036,-0.0000036,0
4089.01,298752252,PC,3.2462849,0.0000072,-0.0000072,0
409.01,167754523,FP,6.7992776,0.0000402,-0.0000402,0
4090.01,289373041,PC,3.1775140,0.0000180,-0.0000180,0
4091.01,289316336,FP,3.0038696,0.0001132,-0.0001132,0
4092.01,288242606,PC,7.4959730,0.0000155,-0.0000155,0
4093.01,284454822,PC,10.4722034,0.0000428,-0.0000428,0
4093.02,284454822,PC,17.7046155,0.0004409,-0.0004409,0
4094.01,280035202,PC,4.9111786,0.0000557,-0.0000557,0
4095.01,274974693,PC,4.1539244,0.0000120,-0.0000120,0
4096.01,272782321,PC,10.1045108,0.0000624,-0.0000624,0
4097.01,264295655,PC,2.7741864,0.0000111,-0.0000111,0
4098.01,264223828,PC,1.1789842,0.0000035,-0.0000035,0
4099.01,264173803,PC,4.3954123,0.0000333,-0.0000333,0
410.01,206466531,FP,1.4274400,0.0000100,-0.0000100,0
4100.01,243297296,PC,3.5859820,0.0000060,-0.0000060,0
4101.01,243280335,PC,4.3202706,0.0000142,-0.0000142,0
4102.01,237235093,FP,2.6834113,0.0000448,-0.0000448,0
4103.01,235902467,PC,12.2740928,0.0000066,-0.0000066,0
4104.01,235664497,PC,2.3757662,0.0000105,-0.0000105,0
4105.01,233576159,PC,5.7152049,0.0000309,-0.0000309,0
4106.01,233535738,APC,16.3558787,0.0000766,-0.0000766,0
4107.01,232632239,PC,3.5322939,0.0000138,-0.0000138,0
4108.01,232603560,PC,14.4348737,0.0000814,-0.0000814,0
4109.01,230084146,PC,12.3203310,0.0000313,-0.0000313,0
411.01,100990000,CP,9.5730706,0.0000275,-0.0000275,0
411.02,100990000,CP,4.0404130,0.0000226,-0.0000226,0
4110.01,230075120,FP,0.7676706,0.0000031,-0.0000031,0
4111.01,230006888,PC,12.2788421,0.0000595,-0.0000595,0
4112.01,229976631,FA,10.7166249,0.0000995,-0.0000995,0
4113.01,229786610,PC,22.1575175,0.0001375,-0.0001375,0
4114.01,229408913,PC,4.8038539,0.0000902,-0.0000902,0
4115.01,199610140,PC,2.9855843,0.0000026,-0.0000026,0
4116.01,198616607,FP,3.6311186,0.0000157,-0.0000157,0
4117.01,198189972,PC,25.0930011,0.0002710,-0.0002710,0
4118.01,193773468,PC,2.5551882,0.0000033,-0.0000033,0
4119.01,160618074,PC,5.2019750,0.0000110,-0.0000110,0
412.01,7624182,FP,1.1096992,0.0000022,-0.0000022,0
4120.01,159438097,PC,4.8952783,0.0000120,-0.0000120,0
4121.01,157218656,PC,2.8622679,0.0000030,-0.0000030,0
4122.01,156215204,APC,2.4307782,0.0000199,-0.0000199,0
4123.01,153896150,PC,2.7879450,0.0000166,-0.0000166,0
4124.01,150761163,PC,3.4138019,0.0000062,-0.0000062,0
4125.01,147761049,PC,4.7155974,0.0000238,-0.0000238,0
4126.01,141616639,FP,3.2428744,0.0001546,-0.0001546,0
4127.01,141488193,CP,56.4043748,0.0002054,-0.0002054,0
4128.01,137420801,PC,1.9795413,0.0000071,-0.0000071,0
4129.01,123357034,PC,3.2724973,0.0000065,-0.0000065,0
413.01,170634116,KP,3.6623918,0.0000007,-0.0000007,0
4130.01,71396541,FP,6.2697160,0.0002671,-0.0002671,0
4131.01,47937361,PC,2.3382502,0.0000039,-0.0000039,0
4132.01,335655755,PC,11.7647926,0.0000501,-0.0000501,0
4133.01,468396217,PC,4.1571604,0.0000147,-0.0000147,0
4134.01,420803693,FP,0.9135968,0.0000236,-0.0000236,0
4135.01,288471040,FP,2.5139764,0.0000070,-0.0000070,0
4136.01,420680343,PC,3.7630305,0.0000201,-0.0000201,0
4137.01,417646390,CP,3.8016217,0.0000026,-0.0000026,0
4138.01,257060897,CP,3.6600320,0.0000044,-0.0000044,0
4139.01,408729765,FP,4.6200781,0.0001123,-0.0001123,0
414.01,325680697,FP,1.8248800,,,0
4140.01,400103802,PC,4.2511214,0.0000057,-0.0000057,0
4141.01,400093775,PC,3.6022715,0.0000081,-0.0000081,0
4142.01,39573090,PC,3.6593967,0.0000242,-0.0000242,0
4143.01,371711170,FP,9.8482192,0.0007348,-0.0007348,0
4144.01,313194972,PC,16.9020565,0.0000231,-0.0000231,0
4145.01,279947414,CP,4.0664446,0.0000013,-0.0000013,0
4146.01,23124038,APC,0.7011578,0.0000009,-0.0000009,0
4147.01,138329479,PC,2.3745416,0.0000032,-0.0000032,0
4148.01,137157546,FP,3.6841446,0.0000721,-0.0000721,0
4149.01,103096524,PC,3.2928068,0.0000054,-0.0000054,0
415.01,152476657,KP,3.6112621,0.0000022,-0.0000022,0
4150.01,102719996,PC,9.7938352,0.0025257,-0.0025257,0
4151.01,406926040,PC,11.6999152,0.0000295,-0.0000295,0
4152.01,1813844121,PC,1.5822588,0.0000028,-0.0000028,0
4153.01,470171739,CP,4.6174254,0.0000126,-0.0000126,0
4154.01,470156846,PC,7.3446285,0.0000360,-0.0000360,0
4155.01,467331291,CP,3.3207642,0.0000134,-0.0000134,0
4156.01,462553953,PC,4.4618780,0.0000292,-0.0000292,0
4156.02,462553953,PC,12.8226390,0.0000546,-0.0000546,0
4157.01,461538935,FP,5.2898350,0.0000190,-0.0000190,0
4158.01,441797394,PC,13.4167713,0.0000643,-0.0000643,0
4159.01,441600335,APC,0.8659846,0.0000029,-0.0000029,0
416.01,49899799,FP,7.0114000,0.0000100,-0.0000100,0
4160.01,441580526,PC,4.4427146,0.0000108,-0.0000108,0
4161.01,441572821,PC,4.2607797,0.0000411,-0.0000411,0
4162.01,420114036,PC,4.3744258,0.0000033,-0.0000033,0
4163.01,420112217,PC,21.5615248,0.0001040,-0.0001040,0
4164.01,420108587,PC,3.5228430,0.0000230,-0.0000230,0
4165.01,398371628,PC,7.1406422,0.0000102,-0.0000102,0
4166.01,389777651,PC,5.2361240,0.0000580,-0.0000580,0
4167.01,377165123,FP,14.7939010,0.0000323,-0.0000323,0
4168.01,372758077,PC,29.3821476,0.0002436,-0.0002436,0
4169.01,372747949,PC,3.4026932,0.0000159,-0.0000159,0
417.01,339733013,FP,5.6216200,0.0000700,-0.0000700,0
4170.01,366972162,PC,2.1902250,0.0000026,-0.0000026,0
4171.01,362223355,PC,3.7453991,0.0000708,-0.0000708,0
4172.01,359388309,PC,4.1915095,0.0000303,-0.0000303,0
4173.01,358613376,PC,8.2713274,0.0000115,-0.0000115,0
4174.01,356822426,PC,1.5569519,0.0000060,-0.0000060,0
4175.01,952046774,PC,2.1632835,0.0000143,-0.0000143,0
4176.01,58533991,APC,3.2089372,0.0014808,-0.0014808,0
4177.01,130981260,APC,3.6928289,0.0000034,-0.0000034,0
4178.01,289988797,FP,2.2042212,0.0000013,-0.0000013,0
4179.01,297148017,PC,2.5485772,0.0000238,-0.0000238,0
418.01,178284730,KP,2.2359865,0.0000005,-0.0000005,0
4180.01,126737992,APC,1.5954319,0.0000052,-0.0000052,0
4181.01,426017070,FP,0.5992533,0.0000035,-0.0000035,0
4182.01,31637479,PC,27.8486970,0.0001969,-0.0001969,0
4183.01,421951960,PC,11.7915574,0.0000428,-0.0000428,0
4184.01,394357918,CP,4.9019938,0.0000140,-0.0000140,0
4185.01,152563846,PC,16.5414219,0.0001269,-0.0001269,0
4186.01,300579472,PC,12.7503356,0.0000740,-0.0000740,0
4187.01,176780257,PC,30.8812601,0.0004428,-0.0004428,0
4188.01,424747720,FP,10.2813284,0.0000297,-0.0000297,0
4189.01,7422496,PC,46.9621053,0.0002138,-0.0002138,0
419.01,279251651,FP,0.4038426,0.0000315,-0.0000315,0
4190.01,65416038,PC,15.6062307,0.0001220,-0.0001220,0
4191.01,167905035,PC,742.8561164,0.0060448,-0.0060448,0
4192.01,41995709,PC,4.2300182,0.0009736,-0.0009736,0
4193.01,382419744,PC,6.5081212,0.0005307,-0.0005307,0
4194.01,299176311,APC,1.0432995,0.0002818,-0.0002818,0
4195.01,67598139,PC,5.4447698,0.0016530,-0.0016530,0
4196.01,67566164,PC,3.1259240,0.0002101,-0.0002101,0
4197.01,332579116,PC,3.9017499,0.0002889,-0.0002889,0
4198.01,459913687,PC,4.7463180,0.0008478,-0.0008478,0
4199.01,220144363,PC,4.4466179,0.0007335,-0.0007335,0
420.01,408159788,FP,2.3006980,0.0000243,-0.0000243,0
4200.01,53593542,PC,1.0276410,0.0002127,-0.0002127,0
4201.01,95057860,CP,3.5809733,0.0003732,-0.0003732,0
4202.01,237603062,PC,2.6689906,0.0008983,-0.0008983,0
4203.01,72494421,PC,2.9531039,0.0006847,-0.0006847,0
4204.01,158697949,PC,3.9592516,0.0007277,-0.0007277,0
4205.01,280645209,PC,5.9056572,0.0000269,-0.0000269,0
4206.01,281242007,PC,2.4170503,0.0011611,-0.0011611,0
4207.01,37242226,FP,1.0681394,0.0004473,-0.0004473,0
4208.01,280304556,PC,1.7232800,0.0006888,-0.0006888,0
4209.01,200090347,PC,0.8631737,0.0001986,-0.0001986,0
421.01,94986319,CP,16.0675220,0.0000173,-0.0000173,0
421.02,94986319,CP,5.1976858,0.0000294,-0.0000294,0
4210.01,409315469,APC,1.0754208,0.0000031,-0.0000031,0
4211.01,385654601,PC,2.2715616,0.0000084,-0.0000084,0
4212.01,126864892,APC,2.3485025,0.0000125,-0.0000125,0
4213.01,32408928,FP,1.0435229,0.0000026,-0.0000026,0
4214.01,409594381,PC,3.4913830,0.0000054,-0.0000054,0
4215.01,7274938,PC,1.0994412,0.0000050,-0.0000050,0
4216.01,187861378,FP,2.1816809,0.0000140,-0.0000140,0
4217.01,108939482,FP,1.1870337,0.0002351,-0.0002351,0
4218.01,142628514,PC,2.6269521,0.0004542,-0.0004542,0
4219.01,114103136,FP,1.1471548,0.0001725,-0.0001725,0
422.01,117979455,APC,0.6333372,0.0000180,-0.0000180,0
4220.01,346995484,PC,1.9138779,0.0000034,-0.0000034,0
4221.01,334252687,PC,2.8395663,0.0000093,-0.0000093,0
4222.01,318054782,FP,0.8335712,0.0000035,-0.0000035,0
4223.01,157088184,PC,7.2654708,0.0000145,-0.0000145,0
4224.01,148667071,PC,1.1613470,0.0000069,-0.0000069,0
4225.01,141405814,FP,1.1355457,0.0000032,-0.0000032,0
4226.01,127328218,PC,2.9628955,0.0000096,-0.0000096,0
4227.01,99081059,PC,3.4169475,0.0000108,-0.0000108,0
4228.01,415143674,PC,6.0219203,0.0025413,-0.0025413,0
4229.01,319282294,FP,1.1385671,0.0004625,-0.0004625,0
423.01,43647325,KP,3.1615697,0.0000007,-0.0000007,0
4230.01,128127712,PC,1.9401022,0.0005386,-0.0005386,0
4231.01,127895118,PC,3.2970252,0.0009910,-0.0009910,0
4232.01,126357909,FP,1.2247985,0.0005312,-0.0005312,0
4233.01,113295476,FP,1.8204430,0.0009277,-0.0009277,0
4234.01,81055189,PC,0.9082320,0.0004065,-0.0004065,0
4235.01,157528286,FP,1.6562803,0.0000036,-0.0000036,0
4236.01,36227841,PC,0.4021401,0.0000212,-0.0000212,0
4237.01,30825828,PC,3.0482015,0.0000126,-0.0000126,0
4238.01,24615998,PC,1.2732245,0.0000016,-0.0000016,0
4239.01,22121296,PC,2.8123314,0.0006850,-0.0006850,0
424.01,117979694,FP,1.9784257,0.0000110,-0.0000110,0
4240.01,19547831,PC,10.1238604,0.0000824,-0.0000824,0
4241.01,4102368,PC,3.1118943,0.0004132,-0.0004132,0
4242.01,445582110,PC,3.0579913,0.0000040,-0.0000040,0
4243.01,400683848,PC,1.0886286,0.0001350,-0.0001350,0
4244.01,393340920,PC,1.8665254,0.0000062,-0.0000062,0
4245.01,52928939,PC,3.1527177,0.0001811,-0.0001811,0
4246.01,291465998,PC,12.8860009,0.0000373,-0.0000373,0
4247.01,286153328,PC,4.3539599,0.0001106,-0.0001106,0
4248.01,190986054,PC,5.1442317,0.0005085,-0.0005085,0
4249.01,269568703,PC,6.7726260,0.0007917,-0.0007917,0
425.01,169532369,FP,3.6036400,0.0003200,-0.0003200,0
4250.01,269249506,PC,4.0185922,0.0000217,-0.0000217,0
4251.01,192520375,FP,0.9109508,0.0000033,-0.0000033,0
4252.01,145038729,PC,2.6085023,0.0000058,-0.0000058,0
4253.01,145249556,PC,3.4192373,0.0000064,-0.0000064,0
4254.01,92744152,PC,1.1462769,0.0000037,-0.0000037,0
4255.01,82302240,FP,2.5057108,0.0000150,-0.0000150,0
4256.01,77102895,FP,1.0962372,0.0000065,-0.0000065,0
4257.01,75208638,FP,4.6512523,0.0000163,-0.0000163,0
4258.01,74484886,FP,3.8505662,0.0000274,-0.0000274,0
4259.01,268643535,PC,8.9612626,0.0004191,-0.0004191,0
426.01,189013224,PC,1.3205037,0.0000121,-0.0000121,0
4260.01,74967390,PC,5.4588359,0.0000274,-0.0000274,0
4261.01,74197917,FP,1.5040804,0.0002519,-0.0002519,0
4262.01,53365065,PC,5.9977892,0.0000115,-0.0000115,0
4263.01,48276576,FP,0.8334976,0.0001330,-0.0001330,0
4264.01,45996325,PC,3.1580472,0.0001701,-0.0001701,0
4265.01,118308828,FP,3.7353995,0.0007280,-0.0007280,0
4266.01,442050698,PC,0.8118585,0.0000031,-0.0000031,0
4267.01,80783538,APC,1.2125595,0.0000042,-0.0000042,0
4268.01,341272282,FP,0.8133123,0.0000043,-0.0000043,0
4269.01,178657161,PC,4.5766182,0.0000211,-0.0000211,0
427.01,70914192,APC,0.6090253,0.0000002,-0.0000002,0
4270.01,151920165,CP,3.4671474,0.0008057,-0.0008057,0
4271.01,146842334,PC,4.5016988,0.0000088,-0.0000088,0
4272.01,146664561,PC,2.7302636,0.0000067,-0.0000067,0
4273.01,133331642,PC,2.9346956,0.0000114,-0.0000114,0
4274.01,290388627,PC,0.4459299,0.0000010,-0.0000010,0
4275.01,363635669,FP,0.7617828,0.0000463,-0.0000463,0
4276.01,469811655,PC,11.8511620,0.0001708,-0.0001708,0
4277.01,466682238,PC,3.2738129,0.0000180,-0.0000180,0
4278.01,466222485,PC,1.7519943,0.0000116,-0.0000116,0
4279.01,407146536,FP,2.0976705,0.0000059,-0.0000059,0
428.01,117979850,APC,0.6333315,0.0000015,-0.0000015,0
4280.01,387193925,PC,3.5189720,0.0000183,-0.0000183,0
4281.01,384386061,FP,5.7626055,0.0000338,-0.0000338,0
4282.01,374348168,PC,13.5098037,0.0000365,-0.0000365,0
4283.01,343952976,PC,3.0131053,0.0000014,-0.0000014,0
4284.01,280726137,PC,3.5008785,0.0000212,-0.0000212,0
4285.01,310105752,APC,1.1703152,0.0000032,-0.0000032,0
4286.01,294097592,PC,1.0268508,0.0000561,-0.0000561,0
4287.01,290407621,PC,4.2337624,0.0000153,-0.0000153,0
4288.01,278821913,PC,6.0597000,0.0000094,-0.0000094,0
4289.01,278540265,PC,2.9757428,0.0000041,-0.0000041,0
429.01,259592689,PC,,,,0
4290.01,278196907,PC,1.1771655,0.0000049,-0.0000049,0
4291.01,257520272,PC,12.1525595,0.0001805,-0.0001805,0
4292.01,255918903,FP,1.7201092,0.0000056,-0.0000056,0
4293.01,101696403,PC,1.6242109,0.0000041,-0.0000041,0
4294.01,30499203,PC,2.4330551,0.0008361,-0.0008361,0
4295.01,325527653,PC,11.3929129,0.0001444,-0.0001444,0
4296.01,72668830,PC,19.9706574,0.0001222,-0.0001222,0
4297.01,28116365,PC,16.5272651,0.0001483,-0.0001483,0
4298.01,146282666,PC,722.2619756,0.0073364,-0.0073364,0
4299.01,67535663,PC,6.6019866,0.0000983,-0.0000983,0
430.01,459942762,FP,0.5864400,0.0000600,-0.0000600,0
4300.01,266843799,FP,0.8062768,0.0000028,-0.0000028,0
4301.01,307079330,PC,6.5445251,0.0000392,-0.0000392,0
4302.01,182078202,PC,38.7619532,0.0001249,-0.0001249,0
4303.01,200296137,PC,8.6110844,0.0000370,-0.0000370,0
4304.01,366443426,KP,15.5718552,0.0000291,-0.0000291,0
4304.03,366443426,KP,31.7180208,0.0001297,-0.0001297,0
4305.01,372068780,PC,183.0019106,0.0019672,-0.0019672,0
4305.02,372068780,PC,374.3644315,0.0055730,-0.0055730,0
4306.01,44898913,CP,2.7299049,0.0000120,-0.0000120,0
4307.01,141186075,PC,32.6966660,0.0000999,-0.0000999,0
4307.02,141186075,PC,4.6545798,0.0000246,-0.0000246,0
4308.01,144193715,CP,9.1512776,0.0000339,-0.0000339,0
4309.01,56662591,PC,,,,0
431.01,31374837,CP,12.4610086,0.0000132,-0.0000132,0
431.02,31374837,CP,0.4900589,0.0000055,-0.0000055,0
4310.01,303317324,PC,739.1670007,0.0040522,-0.0040522,0
4311.01,122617317,PC,15.0700779,0.0001525,-0.0001525,0
4311.02,122617317,PC,0.9902892,0.0000121,-0.0000121,0
4312.01,251086776,FA,726.1175225,0.0004216,-0.0004216,0
4313.01,294324819,PC,6.8227645,0.0000313,-0.0000313,0
4314.01,459952217,FA,73.5809820,0.0004779,-0.0004779,0
4315.01,139148528,PC,8.2861614,0.0000296,-0.0000296,0
4316.01,7020254,KP,20.2730282,0.0000073,-0.0000073,0
4317.01,422914082,PC,358.2825093,0.0007189,-0.0007189,0
4318.01,311130133,PC,1.1343824,0.0000131,-0.0000131,0
4319.01,157115010,PC,,,,0
432.01,38686737,FP,2.2470400,0.0001400,-0.0001400,0
4320.01,404518509,CP,25.1290153,0.0004454,-0.0004454,0
4320.02,404518509,FA,46.4093732,0.0003648,-0.0003648,0
4321.01,325081244,PC,,,,0
4322.01,13883872,PC,13.4190972,0.0001467,-0.0001467,0
4323.01,143022742,FA,14.6762658,0.0003254,-0.0003254,0
4323.02,143022742,FA,21.9692578,0.0002594,-0.0002594,0
4324.01,408416746,PC,6.2509468,0.0000122,-0.0000122,0
4325.01,202185707,PC,1.6500673,0.0000127,-0.0000127,0
4326.01,303586471,PC,1826.0790324,0.0002671,-0.0002671,0
4327.01,140687214,PC,0.8303285,0.0000020,-0.0000020,0
4328.01,77175217,PC,703.7936700,0.0016714,-0.0016714,0
4329.01,256722647,CP,2.9224661,0.0000241,-0.0000241,0
433.01,188989177,FP,1.1740900,0.0000400,-0.0000400,0
4330.01,47617038,FP,3.3513304,0.0000277,-0.0000277,0
4331.01,148833828,PC,2.9034242,0.0013211,-0.0013211,0
4332.01,178959058,FP,5.4468377,0.0000216,-0.0000216,0
4333.01,144645881,PC,8.9021443,0.0000276,-0.0000276,0
4334.01,128531633,PC,8.2197647,0.0000572,-0.0000572,0
4335.01,443658196,FP,4.5006638,0.0000564,-0.0000564,0
4336.01,166184428,CP,16.3363665,0.0000592,-0.0000592,0
4337.01,399642071,FP,2.2887763,0.0000159,-0.0000159,0
4338.01,253434221,APC,7.4997158,0.0000165,-0.0000165,0
4339.01,7439481,FP,1.2540806,0.0000398,-0.0000398,0
434.01,78055054,KP,4.3888516,0.0000033,-0.0000033,0
4340.01,454038613,PC,2.6680587,0.0000223,-0.0000223,0
4341.01,62301521,FA,18.4043334,0.0124587,-0.0124587,0
4342.01,354944123,CP,5.5383290,0.0000380,-0.0000380,0
4342.02,354944123,CP,10.6886084,0.0001147,-0.0001147,0
4343.01,278988097,PC,11.5418525,0.0000378,-0.0000378,0
4344.01,38939275,PC,731.4808779,0.0203508,-0.0203508,0
4345.01,469791892,PC,12.8910022,0.0002806,-0.0002806,0
4346.01,389371332,FP,3.9077116,0.0000462,-0.0000462,0
4347.01,32498058,PC,35.3573239,0.0003555,-0.0003555,0
4348.01,350299588,PC,602.2450921,0.0176213,-0.0176213,0
4349.01,313889049,PC,749.1605231,0.0080429,-0.0080429,0
435.01,44647437,PC,3.3529070,0.0000142,-0.0000142,0
4350.01,50379036,PC,4.8759656,0.0000255,-0.0000255,0
4351.01,358253047,PC,20.1459438,0.0001216,-0.0001216,0
4352.01,237332812,PC,11.8918633,0.0001531,-0.0001531,0
4353.01,176797879,PC,718.1809317,0.0005498,-0.0005498,0
4354.01,332715376,PC,10.6306165,0.0000554,-0.0000554,0
4355.01,260655847,PC,,,,0
4356.01,149389419,PC,579.6472035,0.0065463,-0.0065463,0
4357.01,300011941,FP,1.8141215,0.0000172,-0.0000172,0
4358.01,273418421,PC,97.6087634,0.0004083,-0.0004083,0
4359.01,133505138,FP,2.4360845,0.0000170,-0.0000170,0
436.01,44745077,FP,1.8756000,0.0001700,-0.0001700,0
4360.01,52307802,PC,3.0749507,0.0000086,-0.0000086,0
4361.01,334632624,PC,741.4238314,0.0026039,-0.0026039,0
4362.01,238164799,PC,7.5480709,0.0000217,-0.0000217,0
4363.01,325682877,PC,2.1186590,0.0000168,-0.0000168,0
4364.01,4070275,PC,5.4240691,0.0000209,-0.0000209,0
4365.01,413343957,PC,3.3784364,0.0000124,-0.0000124,0
4366.01,297361900,PC,2.6374449,0.0000128,-0.0000128,0
4367.01,313675203,FP,2.5025812,0.0000129,-0.0000129,0
4368.01,314724818,FP,4.4518604,0.0000086,-0.0000086,0
4369.01,278862750,PC,13.5768580,0.0000866,-0.0000866,0
437.01,32499655,KP,2.7439029,0.0000043,-0.0000043,0
4370.01,335040423,PC,2.5610662,0.0000722,-0.0000722,0
4371.01,450649506,PC,1.0604139,0.0000039,-0.0000039,0
4372.01,401980624,PC,3.2751914,0.0000132,-0.0000132,0
4373.01,315350812,PC,5.9422824,0.0000229,-0.0000229,0
4374.01,308191940,PC,13.2689495,0.0001896,-0.0001896,0
4375.01,343708863,FP,5.9685742,0.0000746,-0.0000746,0
4376.01,250306572,PC,1.6089592,0.0000207,-0.0000207,0
4377.01,394918211,CP,4.3780194,0.0000149,-0.0000149,0
4378.01,394721720,PC,1.0690665,0.0000041,-0.0000041,0
4379.01,97766057,CP,3.2535266,0.0000076,-0.0000076,0
438.01,468880077,PC,5.8123508,0.0000056,-0.0000056,0
4380.01,169958952,PC,1.3290008,0.0000057,-0.0000057,0
4381.01,305767364,PC,1.4974223,0.0000213,-0.0000213,0
4382.01,32460142,PC,10.6895417,0.0029701,-0.0029701,0
4383.01,384744828,FP,3.0421334,0.0002668,-0.0002668,0
4384.01,259230140,PC,14.3171998,0.0000918,-0.0000918,0
4385.01,22186226,PC,9.2172172,0.0000499,-0.0000499,0
4386.01,350575997,PC,2.0134389,0.0000048,-0.0000048,0
4387.01,33350443,PC,3.5620380,0.0000080,-0.0000080,0
4388.01,313554509,PC,4.4742339,0.0000108,-0.0000108,0
4389.01,41387532,APC,11.4041935,0.0027605,-0.0027605,0
439.01,13021029,KP,3.8558900,0.0000033,-0.0000033,0
4390.01,369345064,PC,4.3954444,0.0000078,-0.0000078,0
4391.01,66620917,PC,5.2910096,0.0000457,-0.0000457,0
4392.01,429791387,PC,3.9693722,0.0000351,-0.0000351,0
4393.01,107440797,PC,2.2676081,0.0010669,-0.0010669,0
4394.01,341805908,FP,1.4919160,0.0002552,-0.0002552,0
4395.01,218483943,PC,3.7590079,0.0000248,-0.0000248,0
4396.01,379723086,FP,7.4398211,0.0000269,-0.0000269,0
4397.01,107728509,FP,2.6646183,0.0028351,-0.0028351,0
4398.01,214243287,APC,5.7525195,0.0000034,-0.0000034,0
4399.01,464646604,CP,7.7121208,0.0011261,-0.0011261,0
440.01,143350972,FP,1.0817000,0.0001400,-0.0001400,0
4400.01,231630147,PC,7.0642486,0.0000115,-0.0000115,0
4401.01,178170828,PC,0.4502640,0.0000345,-0.0000345,0
4402.01,197807778,PC,3.6989939,0.0000211,-0.0000211,0
4403.01,350931281,PC,4.4620528,0.0000209,-0.0000209,0
4404.01,342314656,PC,39.6251926,0.0013516,-0.0013516,0
4405.01,177254988,PC,5.9214231,0.0000187,-0.0000187,0
4405.02,177254988,PC,1.0929203,0.0000098,-0.0000098,0
4406.01,206541859,CP,30.0835030,0.0000534,-0.0000534,0
4407.01,207238953,PC,7.1366507,0.0000354,-0.0000354,0
4408.01,260189643,PC,2.0542380,0.0000059,-0.0000059,0
4409.01,382200986,PC,92.4918048,0.0001695,-0.0001695,0
441.01,316916655,FP,2.8743600,0.0002100,-0.0002100,0
4410.01,280803800,PC,26.0179101,0.0000781,-0.0000781,0
4411.01,366484980,KP,13.7748361,0.0000199,-0.0000199,0
4412.01,35315453,FP,2.0340967,0.0000114,-0.0000114,0
4413.01,142019343,PC,4.4719937,0.0000158,-0.0000158,0
4414.01,1405997635,FP,1.8697825,0.0006838,-0.0006838,0
4415.01,1234810324,APC,1.8301080,0.0000034,-0.0000034,0
4416.01,79605791,PC,9.3305377,0.0000214,-0.0000214,0
4417.01,208297760,PC,5.2574854,0.0000315,-0.0000315,0
4418.01,295593712,PC,7.6247217,0.0000337,-0.0000337,0
4418.02,295593712,PC,25.7086236,0.0001967,-0.0001967,0
4419.01,352229268,PC,16.1551340,0.0002826,-0.0002826,0
442.01,70899085,CP,4.0520368,0.0000044,-0.0000044,0
4420.01,362709886,PC,4.7259317,0.0000041,-0.0000041,0
4421.01,141412823,FP,21.7004042,0.0001822,-0.0001822,0
4422.01,263748033,PC,4.9082600,0.0000180,-0.0000180,0
4423.01,344600402,FP,1.3875331,0.0000097,-0.0000097,0
4424.01,326386495,PC,17.7424733,0.0002131,-0.0002131,0
4425.01,106940971,PC,5.4128020,0.0000124,-0.0000124,0
4426.01,271354351,KP,3.9051260,0.0000359,-0.0000359,0
4427.01,207339000,PC,4.6182631,0.0000030,-0.0000030,0
4428.01,271042217,KP,1.8555745,0.0000113,-0.0000113,0
4429.01,233188747,PC,3.4505658,0.0000050,-0.0000050,0
443.01,117979897,KP,3.3106692,0.0000035,-0.0000035,0
4430.01,362222177,PC,6.6363577,0.0000169,-0.0000169,0
4431.01,121660904,KP,4.8854844,0.0000184,-0.0000184,0
4432.01,198610218,PC,3.0413391,0.0001071,-0.0001071,0
4433.01,158551257,FP,0.9023951,0.0000061,-0.0000061,0
4434.01,63452790,KP,2.6843081,0.0000108,-0.0000108,0
4435.01,122596693,KP,3.5256535,0.0000159,-0.0000159,0
4436.01,420268415,PC,1.7590566,0.0000010,-0.0000010,0
4437.01,237205154,PC,5.8929985,0.0000062,-0.0000062,0
4438.01,22233480,CP,7.4463034,0.0000230,-0.0000230,0
4439.01,267545252,PC,3.3792358,0.0001425,-0.0001425,0
444.01,179034327,CP,17.9635083,0.0000930,-0.0000930,0
4440.01,164786087,KP,4.0822894,0.0000254,-0.0000254,0
4441.01,23982469,PC,4.3745757,0.0000075,-0.0000075,0
4442.01,446158352,PC,4.0434287,0.0000170,-0.0000170,0
4443.01,158241252,CP,1.8498567,0.0000148,-0.0000148,0
4443.02,158241252,PC,10.3088724,0.0000848,-0.0000848,0
4444.01,158167408,PC,5.2410659,0.0004901,-0.0004901,0
4445.01,158388163,KP,4.2253498,0.0000221,-0.0000221,0
4446.01,137899948,KP,2.4552388,0.0000081,-0.0000081,0
4447.01,153937417,PC,4.1596197,0.0000047,-0.0000047,0
4448.01,138359318,KP,1.0186989,0.0000039,-0.0000039,0
4449.01,322046084,PC,2.7519172,0.0000012,-0.0000012,0
445.01,14091704,PC,0.7649571,0.0000004,-0.0000004,0
4450.01,373017346,PC,10.6925011,0.0000388,-0.0000388,0
4451.01,23229805,PC,8.8517354,0.0000225,-0.0000225,0
4452.01,229581160,PC,3.4149091,0.0000083,-0.0000083,0
4453.01,243333538,FP,2.9985667,0.0000047,-0.0000047,0
4454.01,48217457,KP,3.1208396,0.0000159,-0.0000159,0
4455.01,138644215,KP,1.5449334,0.0000059,-0.0000059,0
4456.01,27774415,KP,4.9427985,0.0000220,-0.0000220,0
4457.01,299220166,KP,3.2175184,0.0000122,-0.0000122,0
4458.01,229671380,PC,3.9393710,0.0000043,-0.0000043,0
4459.01,230129753,PC,5.7475343,0.0000645,-0.0000645,0
446.01,1449640,APC,3.5018023,0.0000024,-0.0000024,0
4460.01,461635621,PC,28.6648749,0.0002615,-0.0002615,0
4461.01,149282072,FP,3.7006742,0.0001122,-0.0001122,0
4462.01,76420654,CP,4.9133022,0.0000214,-0.0000214,0
4463.01,8599009,CP,2.8806900,0.0000314,-0.0000314,0
4464.01,441589581,PC,8.0379975,0.0001662,-0.0001662,0
4465.01,157236902,CP,,,,0
4466.01,268604331,KP,5.0141991,0.0000581,-0.0000581,0
4467.01,48506505,KP,7.7942155,0.0000300,-0.0000300,0
4468.01,441763252,PC,2.7708596,0.0000011,-0.0000011,0
4468.02,441763252,PC,7.0140010,0.0001299,-0.0001299,0
4469.01,75262942,KP,2.6634154,0.0000090,-0.0000090,0
447.01,14091633,APC,5.5292743,0.0000907,-0.0000907,0
4470.01,256364928,KP,2.2185748,0.0000002,-0.0000002,0
4471.01,27318774,KP,3.2432488,0.0000187,-0.0000187,0
4472.01,63211674,KP,8.6004516,0.0001895,-0.0001895,0
4473.01,122441491,KP,3.7970076,0.0000230,-0.0000230,0
4474.01,264508014,KP,3.3119026,0.0000205,-0.0000205,0
4475.01,159098316,KP,3.5787570,0.0000165,-0.0000165,0
4476.01,399794420,KP,1.5947535,0.0000121,-0.0000121,0
4477.01,64531556,FP,7.8127906,0.0000136,-0.0000136,0
4478.01,233823679,PC,2.7586362,0.0000042,-0.0000042,0
4479.01,126606859,CP,1.1589013,0.0000077,-0.0000077,0
448.01,1528696,CP,0.8820624,0.0000052,-0.0000052,0
4480.01,377873569,KP,3.8493846,0.0000322,-0.0000322,0
4481.01,239332587,CP,0.9263237,0.0000004,-0.0000004,0
4482.01,27990610,KP,2.8164979,0.0000163,-0.0000163,0
4483.01,209752908,KP,1.7522170,0.0000130,-0.0000130,0
4484.01,272707711,PC,2.6890703,0.0005542,-0.0005542,0
4485.01,137903329,KP,7.3405675,0.0000925,-0.0000925,0
4486.01,99224131,KP,2.6915408,0.0000117,-0.0000117,0
4487.01,193754373,PC,3.9540617,0.0000071,-0.0000071,0
4488.01,269269546,KP,4.4541700,0.0000360,-0.0000360,0
4489.01,267572272,KP,2.7974757,0.0000031,-0.0000031,0
449.01,139528693,KP,2.1751729,0.0000019,-0.0000019,0
4490.01,268924036,KP,2.0523417,0.0000151,-0.0000151,0
4491.01,193336820,CP,5.0066220,0.0000066,-0.0000066,0
4492.01,298297931,PC,4.4331838,0.0000027,-0.0000027,0
4493.01,263218688,PC,1.5076298,0.0000123,-0.0000123,0
4494.01,40466976,PC,32.5350160,0.0000584,-0.0000584,0
4495.01,120826158,CP,5.1830043,0.0000325,-0.0000325,0
4495.02,120826158,PC,2.5693728,0.0000254,-0.0000254,0
4496.01,275758701,PC,1.1880300,0.0000004,-0.0000004,0
4497.01,436166416,PC,3.6001959,0.0000101,-0.0000101,0
4498.01,305943739,FP,5.3073459,0.0001065,-0.0001065,0
4499.01,120183168,PC,3.4902115,0.0000166,-0.0000166,0
4499.02,120183168,PC,5.5387718,0.0000355,-0.0000355,0
450.01,77951245,APC,10.7148661,0.0005979,-0.0005979,0
4500.01,406190563,FP,1.7733460,0.0000228,-0.0000228,0
4501.01,22069559,PC,2.0348789,0.0000178,-0.0000178,0
4502.01,239372503,FP,0.8560277,0.0000044,-0.0000044,0
4503.01,167719618,PC,710.6982018,0.0018930,-0.0018930,0
4504.01,349972412,CP,82.9294114,0.0030095,-0.0030095,0
4504.02,349972412,CP,2.4261538,0.0000109,-0.0000109,0
4505.01,150299840,PC,19.4723789,0.0000139,-0.0000139,0
4506.01,434105094,PC,5.4107024,0.0000073,-0.0000073,0
4507.01,179582003,CP,104.6162557,0.0000920,-0.0000920,0
4508.01,170789802,PC,3.4672779,0.0000091,-0.0000091,0
4509.01,319610598,PC,,,,0
451.01,257605131,CP,16.3648730,0.0000492,-0.0000492,0
451.02,257605131,CP,1.8586624,0.0000135,-0.0000135,0
451.03,257605131,CP,9.1910792,0.0000969,-0.0000969,0
4510.01,340458804,PC,194.2432864,0.0111118,-0.0111118,0
4511.01,333674399,PC,20.9040576,0.0002191,-0.0002191,0
4511.02,333674399,PC,10.9776867,0.0000800,-0.0000800,0
4512.01,243014114,KP,19.5620458,0.0002866,-0.0002866,0
4513.01,408261725,PC,9.7607632,0.0021508,-0.0021508,0
4514.01,436875934,KP,2.7535993,0.0000053,-0.0000053,0
4515.01,456862677,CP,15.2664658,0.0000269,-0.0000269,0
4516.01,85593751,KP,3.7224626,0.0000693,-0.0000693,0
4517.01,301289516,KP,1.2089755,0.0000003,-0.0000003,0
4518.01,398572544,KP,3.4088330,0.0000005,-0.0000005,0
4519.01,419957393,PC,5.8903558,0.0005131,-0.0005131,0
452.01,139733308,KP,4.7633952,0.0000034,-0.0000034,0
4520.01,404243877,KP,3.2047072,0.0000023,-0.0000023,0
4521.01,439842788,KP,3.0717182,0.0000043,-0.0000043,0
4522.01,369480087,FP,0.3643225,0.0000156,-0.0000156,0
4523.01,427332229,KP,2.7186256,0.0000415,-0.0000415,0
4524.01,333657795,CP,0.9260632,0.0000026,-0.0000026,0
4525.01,36592530,KP,2.4841975,0.0000020,-0.0000020,0
4526.01,39926974,KP,2.2602655,0.0004324,-0.0004324,0
4527.01,380887434,CP,0.3994445,0.0000134,-0.0000134,0
4528.01,376981340,FA,4.0249712,0.0002929,-0.0002929,0
4529.01,384888319,PC,5.8795752,0.0000187,-0.0000187,0
453.01,452808876,KP,2.7058200,0.0000800,-0.0000800,0
4530.01,35022727,KP,3.6528112,0.0000017,-0.0000017,0
4531.01,262662119,KP,4.5334700,0.0000050,-0.0000050,0
4532.01,376939759,KP,5.8176452,0.0000372,-0.0000372,0
4533.01,418761354,KP,2.1747824,0.0000063,-0.0000063,0
4534.01,437704321,KP,2.8492820,0.0000033,-0.0000033,0
4535.01,26017005,KP,4.0984741,0.0000030,-0.0000030,0
4536.01,380907135,KP,4.0460644,0.0000132,-0.0000132,0
4537.01,251039147,PC,6.6629951,0.0000094,-0.0000094,0
4538.01,262715204,KP,7.1385672,0.0000073,-0.0000073,0
4538.02,262715204,KP,3.4715644,0.0000059,-0.0000059,0
4539.01,102264230,KP,4.1591488,0.0000018,-0.0000018,0
454.01,153077621,APC,18.0826084,0.0000279,-0.0000279,0
4540.01,388816604,PC,2.5048178,0.0000038,-0.0000038,0
4541.01,293432942,APC,1.1339769,0.0000783,-0.0000783,0
4542.01,4464022,PC,5.9167817,0.0000018,-0.0000018,0
4543.01,435336785,PC,5.7740318,0.0000630,-0.0000630,0
4544.01,435339847,KP,8.2000875,0.0000189,-0.0000189,0
4545.01,610976842,KP,4.0248735,0.0000046,-0.0000046,0
4546.01,25911962,PC,0.7456370,0.0000015,-0.0000015,0
4547.01,206284139,KP,3.0026215,0.0000186,-0.0000186,0
4548.01,21130820,PC,4.6003967,0.0000096,-0.0000096,0
4549.01,9030119,PC,3.3129214,0.0000078,-0.0000078,0
455.01,98796344,CP,5.3587760,0.0000075,-0.0000075,0
4550.01,400972123,PC,1.8868756,0.0000143,-0.0000143,0
4551.01,204650483,CP,9.9562960,0.0002540,-0.0002540,0
4552.01,248250955,PC,0.3011506,0.0000290,-0.0000290,0
4553.01,383721338,PC,20.3129649,0.0010463,-0.0010463,0
4554.01,369768787,PC,39.1076478,0.0005529,-0.0005529,0
4555.01,141770198,PC,522.6272677,0.0096960,-0.0096960,0
4556.01,107018378,PC,3.7924560,0.0000110,-0.0000110,0
4557.01,258917846,PC,32.2919010,0.0001394,-0.0001394,0
4558.01,220414682,PC,6.5812768,0.0000433,-0.0000433,0
4559.01,271169413,CP,3.9649053,0.0000093,-0.0000093,0
456.01,77228304,FP,0.3368260,0.0000170,-0.0000170,0
4560.01,307716123,PC,3.7634028,0.0000119,-0.0000119,0
4561.01,33716474,PC,8.9356558,0.0000256,-0.0000256,0
4562.01,349576261,CP,225.1037885,0.0003469,-0.0003469,0
4563.01,418255064,PC,743.4843888,0.0002530,-0.0002530,0
4564.01,400786146,FP,22.1536777,0.0001317,-0.0001317,0
4565.01,381897917,PC,692.5150646,0.0007927,-0.0007927,0
4566.01,269728501,PC,2.0844882,0.0000096,-0.0000096,0
4567.01,307849973,PC,0.8409429,0.0000096,-0.0000096,0
4567.02,307849973,PC,23.5422422,0.0000938,-0.0000938,0
4568.01,447088034,PC,14.0063765,0.0000578,-0.0000578,0
4569.01,149126400,FP,1.2253159,0.0000339,-0.0000339,0
457.01,89256802,PC,1.1759834,0.0000046,-0.0000046,0
4570.01,137402055,KP,1.9737719,0.0000188,-0.0000188,0
4571.01,48451130,KP,30.3599812,0.0003132,-0.0003132,0
4572.01,154940895,PC,13.4755461,0.0000714,-0.0000714,0
4573.01,362103298,PC,10.7155521,0.0000488,-0.0000488,0
4574.01,298428237,PC,0.7689880,0.0000023,-0.0000023,0
4575.01,372759746,PC,27.9815639,0.0004046,-0.0004046,0
4576.01,157667414,PC,10.4834062,0.0000656,-0.0000656,0
4577.01,138364831,KP,1.6255124,0.0000159,-0.0000159,0
4578.01,154474036,PC,8.6239097,0.0000634,-0.0000634,0
4579.01,27769688,KP,88.4956830,0.0109785,-0.0109785,0
458.01,64071894,PC,17.5288347,0.0000525,-0.0000525,0
4580.01,219742885,PC,0.9167992,0.0000123,-0.0000123,0
4581.01,273231214,KP,22.3428773,0.0000863,-0.0000863,0
4581.02,273231214,KP,,,,0
4582.01,219854519,CP,31.0343214,0.0002833,-0.0002833,0
4583.01,103604037,FA,19.5202386,0.0025304,-0.0025304,0
4584.01,120255950,KP,31.5786847,0.0001792,-0.0001792,0
4585.01,233529335,PC,,,,0
4586.01,416534875,PC,5.3909915,0.0000679,-0.0000679,0
4587.01,137683938,KP,3.2903136,0.0000267,-0.0000267,0
4588.01,48031665,PC,13.1187746,0.0000633,-0.0000633,0
4589.01,164458714,KP,17.8335899,0.0003153,-0.0003153,0
459.01,38603673,APC,4.4291253,0.0000029,-0.0000029,0
4590.01,154923406,PC,25.9213509,0.0000916,-0.0000916,0
4591.01,356868487,FP,27.9102929,0.0001073,-0.0001073,0
4592.01,122785299,KP,8.8849511,0.0001548,-0.0001548,0
4593.01,399954349,KP,7.8344688,0.0000269,-0.0000269,0
4593.02,399954349,KP,3.0051929,0.0000131,-0.0000131,0
4594.01,158555987,FP,5.5460893,0.0000082,-0.0000082,0
4595.01,159725995,KP,3.7705865,0.0000452,-0.0000452,0
4596.01,86951294,PC,4.1194175,0.0000094,-0.0000094,0
4597.01,68573534,PC,4.6663795,0.0005406,-0.0005406,0
4598.01,29017001,PC,8.2003748,0.0000164,-0.0000164,0
4599.01,307809773,CP,2.7694936,0.0000036,-0.0000036,0
4599.02,307809773,CP,5.7060868,0.0000063,-0.0000063,0
460.01,9804616,FP,0.5168347,0.0000164,-0.0000164,0
4600.01,232608943,CP,82.6901439,0.0008791,-0.0008791,0
4600.02,232608943,CP,482.8191000,,,0
4601.01,349071261,PC,2.7875233,0.0001179,-0.0001179,0
4602.01,467651916,CP,3.9813082,0.0000088,-0.0000088,0
4603.01,437856897,CP,7.2455997,0.0000174,-0.0000174,0
4604.01,27039476,KP,2.2251639,0.0000244,-0.0000244,0
4605.01,19155785,FP,3.1442556,0.0000089,-0.0000089,0
4606.01,68577662,KP,11.1684037,0.0000126,-0.0000126,0
4607.01,28294709,PC,5.5109534,0.0000627,-0.0000627,0
4608.01,427740976,PC,2.3494903,0.0000007,-0.0000007,0
4609.01,118820486,PC,2.6921752,0.0000038,-0.0000038,0
461.01,4646810,CP,10.9245478,0.0000397,-0.0000397,0
4610.01,1950736,FP,3.1129681,0.0000171,-0.0000171,0
4611.01,68646526,PC,5.2289874,0.0000121,-0.0000121,0
4612.01,97735908,KP,4.1137862,0.0000034,-0.0000034,0
4613.01,436652523,APC,4.5461685,0.0000032,-0.0000032,0
4614.01,408809625,PC,13.8338893,0.0003857,-0.0003857,0
4615.01,84599716,PC,5.3193755,0.0001805,-0.0001805,0
4616.01,258796169,PC,1.5538188,0.0000074,-0.0000074,0
4617.01,18373995,PC,3.4878754,0.0000027,-0.0000027,0
4618.01,284326455,KP,3.7998536,0.0000014,-0.0000014,0
4619.01,238586172,PC,3.4732399,0.0002512,-0.0002512,0
462.01,420049884,PC,4.1074291,0.0000084,-0.0000084,0
4620.01,171160243,PC,1.3887494,0.0000050,-0.0000050,0
4621.01,293457754,KP,4.5195089,0.0000041,-0.0000041,0
4622.01,94727308,APC,1.2969404,0.0002736,-0.0002736,0
4623.01,56399553,KP,3.2588316,0.0000009,-0.0000009,0
4624.01,84339983,KP,2.7908285,0.0000014,-0.0000014,0
4625.01,58472992,PC,2.1913420,0.0000067,-0.0000067,0
4626.01,241442273,PC,17.4756122,0.0000791,-0.0000791,0
4627.01,89702406,FP,23.1438551,0.0000978,-0.0000978,0
4628.01,404421005,KP,6.3266800,0.0000358,-0.0000358,0
4629.01,304339227,PC,714.6970956,0.0033424,-0.0033424,0
463.01,176831592,FP,2.5340500,,,0
4630.01,292202337,PC,721.5622191,0.0017130,-0.0017130,0
4631.01,313006381,PC,33.6356252,0.0000929,-0.0000929,0
4632.01,336075472,PC,63.1448519,0.0004250,-0.0004250,0
4633.01,307958020,CP,271.9386390,0.0067325,-0.0067325,0
4634.01,17150865,FP,0.8706763,0.0000006,-0.0000006,0
4635.01,337129672,FP,49.1077047,0.0003962,-0.0003962,0
4636.01,405484221,FP,42.8289152,0.0042720,-0.0042720,0
4637.01,306485267,PC,14.3540583,0.0018017,-0.0018017,0
4638.01,58824746,CP,10.2829583,0.0020126,-0.0020126,0
4639.01,91251292,PC,3.9906790,0.0000184,-0.0000184,0
4639.02,91251292,PC,13.0780555,0.0000918,-0.0000918,0
464.01,398733009,FP,0.8185672,0.0000775,-0.0000775,0
4640.01,337216118,PC,2.6857229,0.0003569,-0.0003569,0
4641.01,436873727,CP,22.0933922,0.0000194,-0.0000194,0
4642.01,336961891,PC,3.6022377,0.0003135,-0.0003135,0
4643.01,270355392,PC,5.0256637,0.0000119,-0.0000119,0
4643.02,270355392,PC,10.7387039,0.0000284,-0.0000284,0
4644.01,387423096,PC,0.3181853,0.0000181,-0.0000181,0
4645.01,46698351,PC,5.0872348,0.0000128,-0.0000128,0
4646.01,286696849,PC,8.9299483,0.0005745,-0.0005745,0
4647.01,303204165,PC,8.8346147,0.0000462,-0.0000462,0
4647.02,303204165,PC,11.0696104,0.0000794,-0.0000794,0
4648.01,257774438,KP,15.3886607,0.0001563,-0.0001563,0
4649.01,404713783,PC,15.0758735,0.0001800,-0.0001800,0
465.01,270380593,KP,3.8361623,0.0000011,-0.0000011,0
4650.01,60646268,PC,2.6672418,0.0000132,-0.0000132,0
4651.01,147302550,PC,11.1878978,0.0001038,-0.0001038,0
4652.01,139877968,PC,18.6224802,0.0000743,-0.0000743,0
4653.01,238854767,PC,16.3764188,0.0003377,-0.0003377,0
4654.01,99648579,PC,10.6936683,0.0000614,-0.0000614,0
4655.01,209310912,PC,3.6749802,0.0004913,-0.0004913,0
4656.01,120523488,PC,3.4392210,0.0000392,-0.0000392,0
4657.01,434110695,PC,8.1156670,0.0007487,-0.0007487,0
4658.01,224279091,PC,6.0142432,0.0000777,-0.0000777,0
4659.01,178215634,PC,1.0451165,0.0000026,-0.0000026,0
466.01,4616072,KP,4.1876154,0.0000070,-0.0000070,0
4660.01,435259601,PC,1.5090806,0.0000030,-0.0000030,0
4661.01,441135051,PC,8.8085782,0.0000263,-0.0000263,0
4662.01,166778944,PC,4.7034187,0.0000314,-0.0000314,0
4663.01,237358490,PC,5.2916448,0.0000077,-0.0000077,0
4664.01,299551666,PC,3.0002713,0.0000080,-0.0000080,0
4665.01,165201455,PC,3.6831574,0.0000249,-0.0000249,0
4666.01,165202476,CP,2.9093856,0.0001922,-0.0001922,0
4667.01,422884521,PC,17.9450925,0.0000698,-0.0000698,0
4668.01,142938659,PC,1.0049552,0.0002556,-0.0002556,0
4669.01,71401634,FP,0.2476684,0.0000285,-0.0000285,0
467.01,20178111,FP,1.7344220,0.0002650,-0.0002650,0
4670.01,404506270,PC,15.5014296,0.0027010,-0.0027010,0
4671.01,439873430,PC,17.1470323,0.0001936,-0.0001936,0
4672.01,332911893,PC,6.6132132,0.0000165,-0.0000165,0
4673.01,118573065,PC,4.8667353,0.0000213,-0.0000213,0
4674.01,89062142,PC,4.2430633,0.0000222,-0.0000222,0
4675.01,279095914,PC,3.5779775,0.0000333,-0.0000333,0
4676.01,219225319,PC,13.2919660,0.0000660,-0.0000660,0
4677.01,100974694,PC,4.0589926,0.0000187,-0.0000187,0
4678.01,206717400,PC,4.7743169,0.0000239,-0.0000239,0
4679.01,283605976,PC,6.8170909,0.0000255,-0.0000255,0
468.01,33521996,KP,3.3252703,0.0000018,-0.0000018,0
4680.01,31258738,PC,17.4314043,0.0001512,-0.0001512,0
4681.01,248689510,PC,3.0421828,0.0003832,-0.0003832,0
4682.01,449197624,FP,6.7934811,0.0000265,-0.0000265,0
4683.01,264460005,FP,3.0929206,0.0000183,-0.0000183,0
4684.01,399757537,PC,6.4879123,0.0000284,-0.0000284,0
4685.01,431693152,PC,7.0308254,0.0000881,-0.0000881,0
4686.01,316875094,PC,7.9461192,0.0000401,-0.0000401,0
4687.01,302759417,PC,3.3133580,0.0000149,-0.0000149,0
4688.01,245793479,PC,7.7688831,0.0000186,-0.0000186,0
4689.01,396935099,PC,2.4337374,0.0001529,-0.0001529,0
469.01,33692729,CP,13.6308024,0.0000353,-0.0000353,0
4690.01,455033897,APC,11.5341529,0.0000860,-0.0000860,0
4691.01,200321577,PC,8.5725884,0.0000708,-0.0000708,0
4692.01,153723304,PC,4.0519584,0.0001320,-0.0001320,0
4693.01,117843365,APC,1.9113216,0.0001204,-0.0001204,0
4694.01,50745119,PC,5.6293180,0.0001422,-0.0001422,0
4695.01,139550876,PC,35.7861915,0.0000767,-0.0000767,0
4696.01,243011228,PC,4.1249095,0.0000118,-0.0000118,0
4697.01,250189842,PC,5.0274739,0.0000984,-0.0000984,0
4698.01,411781649,PC,4.2333233,0.0013356,-0.0013356,0
4699.01,34395020,PC,10.1766089,0.0001030,-0.0001030,0
470.01,37770169,CP,12.1914558,0.0000408,-0.0000408,0
4700.01,468911753,APC,2.2964514,0.0000123,-0.0000123,0
4701.01,9344899,PC,8.5821795,0.0000605,-0.0000605,0
4702.01,248690688,PC,3.1217020,0.0002565,-0.0002565,0
4703.01,293514367,PC,5.1155806,0.0000212,-0.0000212,0
4704.01,455030519,APC,2.6875966,0.0000118,-0.0000118,0
4705.01,436637677,PC,11.9140328,0.0000491,-0.0000491,0
4706.01,37117064,PC,735.9823630,0.0000953,-0.0000953,0
4707.01,322825139,PC,0.4709937,0.0000664,-0.0000664,0
4708.01,232194097,PC,3.3560085,0.0008467,-0.0008467,0
4709.01,317328621,APC,6.2397532,0.0000309,-0.0000309,0
471.01,47911178,KP,3.5857076,0.0000010,-0.0000010,0
4710.01,144486060,PC,1.4798437,0.0000063,-0.0000063,0
4711.01,177718896,PC,3.7081082,0.0000835,-0.0000835,0
4712.01,317089770,PC,8.8720052,0.0000620,-0.0000620,0
4713.01,102542376,APC,2.9532479,0.0000126,-0.0000126,0
4714.01,251111783,PC,7.9144674,0.0000553,-0.0000553,0
4715.01,268372005,FP,6.4274159,0.0000342,-0.0000342,0
4716.01,268689126,PC,5.2376102,0.0000849,-0.0000849,0
4717.01,269190305,PC,4.1583367,0.0000301,-0.0000301,0
4718.01,234958949,PC,5.1409029,0.0000346,-0.0000346,0
4719.01,306363166,PC,14.3953055,0.0000450,-0.0000450,0
472.01,52280468,APC,0.5682596,0.0000012,-0.0000012,0
4720.01,124322274,PC,3.7810832,0.0000235,-0.0000235,0
4721.01,229210014,PC,4.0086493,0.0000160,-0.0000160,0
4722.01,142530031,PC,10.8910909,0.0000978,-0.0000978,0
4723.01,322824542,PC,3.6590997,0.0009724,-0.0009724,0
4724.01,119638424,PC,3.5723590,0.0000312,-0.0000312,0
4725.01,26587613,PC,2.0763072,0.0000034,-0.0000034,0
4726.01,409009431,PC,4.2971136,0.0002266,-0.0002266,0
4727.01,39824732,PC,7.1516530,0.0000281,-0.0000281,0
4728.01,270716565,PC,6.0879495,0.0000140,-0.0000140,0
4729.01,52738649,PC,6.9279673,0.0000331,-0.0000331,0
473.01,52640302,KP,1.5732848,0.0000010,-0.0000010,0
4730.01,97866515,PC,4.0681112,0.0000186,-0.0000186,0
4731.01,438368981,PC,1.4553693,0.0000009,-0.0000009,0
4732.01,78489364,PC,1.8911553,0.0002379,-0.0002379,0
4733.01,438149332,PC,5.3054422,0.0000155,-0.0000155,0
4734.01,97714451,PC,6.2356356,0.0000298,-0.0000298,0
4735.01,280292434,PC,3.5410530,0.0000064,-0.0000064,0
4736.01,265619984,PC,2.8564778,0.0000502,-0.0000502,0
4737.01,142532090,CP,9.3202467,0.0000915,-0.0000915,0
4738.01,247873937,FP,4.6498719,0.0000081,-0.0000081,0
4739.01,281716779,APC,8.1703609,0.0000166,-0.0000166,0
474.01,59843967,KP,2.5167257,0.0000023,-0.0000023,0
4740.01,72097808,PC,5.7728793,0.0005881,-0.0005881,0
4741.01,291198795,PC,2.4849639,0.0004804,-0.0004804,0
4742.01,237637903,PC,4.1034672,0.0000338,-0.0000338,0
4743.01,23725901,PC,6.2185453,0.0000579,-0.0000579,0
4744.01,293931909,PC,4.8013522,0.0000420,-0.0000420,0
4745.01,269278156,PC,4.4139350,0.0000221,-0.0000221,0
4746.01,160180298,PC,7.5395871,0.0000450,-0.0000450,0
4747.01,235078021,PC,5.2192426,0.0000343,-0.0000343,0
4748.01,59770954,PC,4.1018859,0.0000144,-0.0000144,0
4749.01,153412485,PC,1.3832999,0.0000088,-0.0000088,0
475.01,100608026,PC,8.2617663,0.0000229,-0.0000229,0
4750.01,317189702,PC,3.2141617,0.0000063,-0.0000063,0
4751.01,291580615,PC,3.6014534,0.0000077,-0.0000077,0
4752.01,237700098,PC,5.0467874,0.0000690,-0.0000690,0
4753.01,306604742,PC,5.3970484,0.0000493,-0.0000493,0
4754.01,61344769,PC,3.6307276,0.0000115,-0.0000115,0
4755.01,267197567,PC,22.7273078,0.0000959,-0.0000959,0
4756.01,119556803,PC,8.0823172,0.0000408,-0.0000408,0
4757.01,53744258,PC,2.0804611,0.0000227,-0.0000227,0
4758.01,34524670,PC,5.7627112,0.0000383,-0.0000383,0
4759.01,49705089,CP,9.6578504,0.0001249,-0.0001249,0
476.01,156987351,PC,3.0629783,0.0000026,-0.0000026,0
4760.01,291332861,PC,7.7223185,0.0000716,-0.0000716,0
4761.01,440849210,PC,3.7863767,0.0000150,-0.0000150,0
4762.01,119069946,PC,4.3591525,0.0000561,-0.0000561,0
4763.01,143072696,PC,5.8679992,0.0000354,-0.0000354,0
4764.01,268456052,PC,1.6025971,0.0005130,-0.0005130,0
4765.01,21747057,PC,16.3734954,0.0001018,-0.0001018,0
4766.01,271307949,PC,1.9326573,0.0001049,-0.0001049,0
4767.01,157127081,PC,2.7319222,0.0000211,-0.0000211,0
4768.01,108940329,PC,7.2644599,0.0000330,-0.0000330,0
4769.01,333814134,PC,2.8636452,0.0000109,-0.0000109,0
477.01,170102285,KP,2.9444273,0.0000008,-0.0000008,0
4770.01,112110888,PC,1.9491813,0.0000098,-0.0000098,0
4771.01,266441563,APC,6.0049484,0.0000222,-0.0000222,0
4772.01,455153906,PC,2.8894603,0.0000082,-0.0000082,0
4773.01,415276070,PC,1.7454828,0.0001046,-0.0001046,0
4774.01,148129139,PC,8.6000244,0.0001930,-0.0001930,0
4775.01,412521892,PC,2.4732088,0.0000061,-0.0000061,0
4776.01,196286578,PC,10.4137997,0.0000465,-0.0000465,0
4777.01,170368805,PC,2.9588764,0.0000108,-0.0000108,0
4778.01,145163386,PC,3.8074213,0.0000223,-0.0000223,0
4779.01,170221808,PC,10.7490194,0.0000621,-0.0000621,0
478.01,172464366,FP,2.9216850,0.0001250,-0.0001250,0
4780.01,231937828,PC,4.6942884,0.0000203,-0.0000203,0
4781.01,176242778,PC,1.9055614,0.0000034,-0.0000034,0
4782.01,423128096,APC,3.7244324,0.0000151,-0.0000151,0
4783.01,218988652,APC,6.7519508,0.0000192,-0.0000192,0
4784.01,409207712,PC,3.3583921,0.0000237,-0.0000237,0
4785.01,50751260,PC,6.4311106,0.0000347,-0.0000347,0
4786.01,127012328,PC,5.6984189,0.0000495,-0.0000495,0
4787.01,431981595,PC,3.5037708,0.0000124,-0.0000124,0
4788.01,156999527,PC,4.3930669,0.0000062,-0.0000062,0
4789.01,134221850,PC,7.5002702,0.0000366,-0.0000366,0
479.01,306362738,KP,2.7817379,0.0000010,-0.0000010,0
4790.01,452903647,APC,1.6102435,0.0004830,-0.0004830,0
4791.01,100389539,CP,4.2809767,0.0001609,-0.0001609,0
4792.01,265350422,APC,8.4481666,0.0000188,-0.0000188,0
4793.01,65949719,PC,3.4658629,0.0000228,-0.0000228,0
4794.01,95589845,PC,3.5658043,0.0000081,-0.0000081,0
4795.01,107090327,PC,2.7431176,0.0000146,-0.0000146,0
4796.01,65905621,PC,3.5775958,0.0000140,-0.0000140,0
4797.01,265011923,PC,2.9922495,0.0000085,-0.0000085,0
4798.01,274137295,PC,5.5261155,0.0000192,-0.0000192,0
4799.01,65805840,PC,4.0234634,0.0000251,-0.0000251,0
480.01,317548889,CP,6.8659582,0.0000171,-0.0000171,0
4800.01,280307604,PC,4.3229915,0.0000176,-0.0000176,0
4801.01,419092044,PC,3.2512690,0.0000219,-0.0000219,0
4802.01,50575306,PC,1.7131374,0.0000174,-0.0000174,0
4803.01,19117967,PC,8.4516737,0.0001182,-0.0001182,0
4804.01,320341952,PC,5.0648401,0.0000264,-0.0000264,0
4805.01,7976072,PC,8.9981735,0.0000825,-0.0000825,0
4806.01,96317115,PC,8.4476983,0.0000810,-0.0000810,0
4807.01,174546820,PC,17.6868627,0.0000820,-0.0000820,0
4808.01,126772538,FP,1.4700596,0.0000100,-0.0000100,0
4809.01,143724857,PC,4.4722598,0.0012048,-0.0012048,0
481.01,339672028,CP,10.3311664,0.0000111,-0.0000111,0
4810.01,281225729,PC,2.4162514,0.0000121,-0.0000121,0
4811.01,334414389,PC,0.9828259,0.0001609,-0.0001609,0
4812.01,81744640,PC,3.3138453,0.0000397,-0.0000397,0
4813.01,333810741,PC,4.0492184,0.0000317,-0.0000317,0
4814.01,32004914,PC,5.5457450,0.0000135,-0.0000135,0
4815.01,19447218,PC,8.9727235,0.0000761,-0.0000761,0
4816.01,156990000,PC,11.2473628,0.0000527,-0.0000527,0
4817.01,60074373,FP,3.1903730,0.0012317,-0.0012317,0
4818.01,181422954,PC,2.6006996,0.0002627,-0.0002627,0
4819.01,82739585,PC,1.5889429,0.0000483,-0.0000483,0
482.01,365639282,FP,10.8717000,0.0059400,-0.0059400,0
4820.01,394223845,PC,27.1358856,0.0001523,-0.0001523,0
4821.01,354937825,PC,5.4693590,0.0000317,-0.0000317,0
4822.01,52936161,PC,4.4712213,0.0000382,-0.0000382,0
4823.01,348756659,PC,3.7260939,0.0001756,-0.0001756,0
4824.01,179687771,PC,5.1241620,0.0000251,-0.0000251,0
4825.01,53047383,PC,2.8183053,0.0001478,-0.0001478,0
4826.01,17683158,PC,5.9730504,0.0000338,-0.0000338,0
4827.01,332630868,FP,736.5601487,0.0041739,-0.0041739,0
4828.01,291469139,PC,19.0286016,0.0001850,-0.0001850,0
4829.01,268439377,FP,0.9855374,0.0000038,-0.0000038,0
483.01,393414358,KP,4.3780807,0.0000022,-0.0000022,0
4830.01,1260235,PC,7.6945481,0.0000678,-0.0000678,0
4831.01,17896514,PC,2.6375869,0.0000246,-0.0000246,0
4832.01,186470968,PC,2.7805098,0.0009159,-0.0009159,0
4833.01,176442805,PC,3.6520005,0.0000112,-0.0000112,0
4834.01,77550515,PC,3.1181660,0.0000235,-0.0000235,0
4835.01,434428836,PC,5.1953991,0.0000486,-0.0000486,0
4836.01,231559817,PC,5.1035091,0.0006742,-0.0006742,0
4837.01,19612445,PC,4.4644761,0.0000136,-0.0000136,0
4838.01,374200604,FP,0.7600190,0.0000096,-0.0000096,0
4839.01,38118291,PC,13.3441946,0.0002406,-0.0002406,0
484.01,427348923,FP,4.7286810,0.0000094,-0.0000094,0
4840.01,80029842,FP,2.3992876,0.0000256,-0.0000256,0
4841.01,453060368,PC,9.6284672,0.0000266,-0.0000266,0
4842.01,131034657,PC,5.3374045,0.0000314,-0.0000314,0
4843.01,258051471,PC,8.3548746,0.0000638,-0.0000638,0
4844.01,143994382,PC,4.5425274,0.0000324,-0.0000324,0
4845.01,26305150,PC,4.2190900,0.0014657,-0.0014657,0
4846.01,418971787,FP,1.0638184,0.0000071,-0.0000071,0
4847.01,186541435,PC,7.0465721,0.0000547,-0.0000547,0
4848.01,134596619,PC,3.7235407,0.0004931,-0.0004931,0
4849.01,132534906,FP,3.0617364,0.0000197,-0.0000197,0
485.01,427352241,FP,1.2667147,0.0000026,-0.0000026,0
4850.01,332705008,PC,7.6778159,0.0012407,-0.0012407,0
4851.01,60377863,PC,21.6091483,0.0004237,-0.0004237,0
4852.01,74712191,PC,7.2307407,0.0000145,-0.0000145,0
4853.01,74530173,PC,7.2333744,0.0000361,-0.0000361,0
4854.01,70780410,PC,3.9230475,0.0000306,-0.0000306,0
4855.01,44514807,PC,7.5872202,0.0000520,-0.0000520,0
4856.01,428685938,FP,14.4896397,0.0035060,-0.0035060,0
4857.01,35972578,PC,1.8881146,0.0000061,-0.0000061,0
4858.01,262499797,FP,1.7509117,0.0000051,-0.0000051,0
4859.01,152467154,PC,7.1878971,0.0000350,-0.0000350,0
486.01,260708537,CP,1.7447002,0.0000021,-0.0000021,0
4860.01,335590096,CP,1.5229985,0.0000704,-0.0000704,0
4861.01,71341774,PC,3.4321678,0.0000360,-0.0000360,0
4862.01,322807371,CP,,,,0
4863.01,143032776,PC,12.4856615,0.0028788,-0.0028788,0
4864.01,48274889,PC,5.2410982,0.0000223,-0.0000223,0
4865.01,143059017,APC,1.2655205,0.0004639,-0.0004639,0
4866.01,35758536,PC,4.1059615,0.0000332,-0.0000332,0
4867.01,74484423,PC,2.8352730,0.0000210,-0.0000210,0
4868.01,362370757,PC,3.5164369,0.0000246,-0.0000246,0
4869.01,71221700,PC,3.0978928,0.0000172,-0.0000172,0
487.01,31852980,PC,24.3321784,0.0000962,-0.0000962,0
487.02,31852980,PC,7.4144849,0.0000253,-0.0000253,0
4870.01,446135868,PC,1.8119168,0.0000164,-0.0000164,0
4871.01,168158622,PC,1.7687528,0.0000077,-0.0000077,0
4872.01,310822679,PC,1.7125104,0.0000238,-0.0000238,0
4873.01,228694725,APC,0.8313018,0.0000027,-0.0000027,0
4874.01,463754499,PC,2.2866856,0.0000230,-0.0000230,0
4875.01,133512515,PC,9.7929019,0.0000820,-0.0000820,0
4876.01,458300989,PC,4.1379542,0.0001625,-0.0001625,0
4877.01,447054140,PC,5.2220526,0.0000170,-0.0000170,0
4878.01,144155193,PC,4.7284220,0.0000218,-0.0000218,0
4879.01,45465399,PC,5.3763108,0.0000454,-0.0000454,0
488.01,452866790,CP,1.1979996,0.0000063,-0.0000063,0
4880.01,245099574,PC,3.4717583,0.0009423,-0.0009423,0
4881.01,359735804,PC,4.4158835,0.0000447,-0.0000447,0
4882.01,458331312,PC,4.4360402,0.0000188,-0.0000188,0
4883.01,446463666,PC,4.4967355,0.0000301,-0.0000301,0
4884.01,80681136,PC,1.5300843,0.0001635,-0.0001635,0
4885.01,72504752,PC,6.9392854,0.0000363,-0.0000363,0
4886.01,457743020,FP,3.2512490,0.0000089,-0.0000089,0
4887.01,274911400,PC,5.1873583,0.0000600,-0.0000600,0
4888.01,309292963,PC,9.4185437,0.0001015,-0.0001015,0
4889.01,441936163,PC,1.8952340,0.0000067,-0.0000067,0
489.01,455096220,KP,3.6466612,0.0000040,-0.0000040,0
4890.01,92004082,PC,3.0471275,0.0000740,-0.0000740,0
4891.01,458199018,PC,2.4498012,0.0001674,-0.0001674,0
4892.01,6010784,PC,4.5166490,0.0000344,-0.0000344,0
4893.01,441234277,PC,7.3262605,0.0000265,-0.0000265,0
4894.01,469333534,PC,3.5611222,0.0000479,-0.0000479,0
4895.01,463365347,PC,8.9641788,0.0000937,-0.0000937,0
4896.01,438278301,PC,5.1609259,0.0000542,-0.0000542,0
4897.01,81693792,PC,4.3066915,0.0000200,-0.0000200,0
4898.01,124235800,PC,2.7652293,0.0000103,-0.0000103,0
4899.01,376610581,PC,2.3908076,0.0000357,-0.0000357,0
490.01,455135327,KP,2.8106013,0.0000005,-0.0000005,0
4900.01,425508314,PC,7.6650157,0.0000671,-0.0000671,0
4901.01,107017977,PC,16.0462248,0.0000959,-0.0000959,0
4902.01,358072664,FP,4.1934945,0.0000346,-0.0000346,0
4903.01,457789844,PC,4.9142901,0.0000326,-0.0000326,0
4904.01,464388115,PC,2.4118274,0.0000058,-0.0000058,0
4905.01,463011281,PC,11.1378464,0.0001028,-0.0001028,0
4906.01,385459345,PC,11.9768241,0.0015116,-0.0015116,0
4907.01,447585233,PC,3.3405202,0.0000282,-0.0000282,0
4908.01,356835341,PC,19.7112002,0.0004001,-0.0004001,0
4909.01,272211398,PC,11.6484665,0.0000280,-0.0000280,0
491.01,468987719,KP,3.3326812,0.0000008,-0.0000008,0
4910.01,303327435,PC,5.5066910,0.0005956,-0.0005956,0
4911.01,303814029,PC,4.4573401,0.0000283,-0.0000283,0
4912.01,219769290,PC,7.4105517,0.0000443,-0.0000443,0
4913.01,72401290,PC,6.5430693,0.0000461,-0.0000461,0
4914.01,49254857,CP,10.5988743,0.0013519,-0.0013519,0
4915.01,440937096,PC,3.3362143,0.0000161,-0.0000161,0
4916.01,454069765,KP,4.1197036,0.0007363,-0.0007363,0
4917.01,317362389,PC,4.7738904,0.0011662,-0.0011662,0
4918.01,60859922,PC,6.5329169,0.0000666,-0.0000666,0
4919.01,155419920,PC,3.6470909,0.0000158,-0.0000158,0
492.01,17746821,KP,3.1220166,0.0000010,-0.0000010,0
4920.01,132611413,PC,2.5245706,0.0000524,-0.0000524,0
4921.01,404227343,PC,3.4975869,0.0005047,-0.0005047,0
4922.01,411943564,PC,7.5492321,0.0000742,-0.0000742,0
4923.01,219181903,PC,12.9175271,0.0000304,-0.0000304,0
4924.01,307099276,PC,3.1467665,0.0000263,-0.0000263,0
4925.01,399847887,PC,3.9511085,0.0000283,-0.0000283,0
4926.01,454828937,PC,6.8091440,0.0000452,-0.0000452,0
4927.01,376421071,PC,0.8166936,0.0000120,-0.0000120,0
4928.01,448820344,PC,2.7792649,0.0000192,-0.0000192,0
4929.01,359403471,PC,2.5547255,0.0000260,-0.0000260,0
493.01,19025965,PC,5.9444410,0.0000062,-0.0000062,0
4930.01,307221757,PC,6.7789159,0.0000541,-0.0000541,0
4931.01,296850254,PC,6.7635161,0.0001223,-0.0001223,0
4932.01,148772620,PC,3.9417247,0.0000492,-0.0000492,0
4933.01,35106764,PC,5.3861006,0.0000699,-0.0000699,0
4934.01,292797572,FP,2.8013515,0.0000386,-0.0000386,0
4935.01,412635642,PC,17.4219809,0.0011623,-0.0011623,0
4936.01,68030406,PC,4.7750178,0.0000205,-0.0000205,0
4937.01,241638905,PC,5.0414219,0.0001197,-0.0001197,0
4938.01,457018819,PC,2.9136920,0.0000177,-0.0000177,0
4939.01,149109125,PC,9.1717558,0.0052118,-0.0052118,0
494.01,19519368,PC,1.7018818,0.0000041,-0.0000041,0
4940.01,237929468,CP,25.8663869,0.0010751,-0.0010751,0
4941.01,77680373,PC,3.5569996,0.0000106,-0.0000106,0
4942.01,166242494,PC,7.9248476,0.0001038,-0.0001038,0
4943.01,418567812,PC,8.0176705,0.0000498,-0.0000498,0
4944.01,242190195,PC,4.0750510,0.0000139,-0.0000139,0
4945.01,332017079,PC,1.6500255,0.0000062,-0.0000062,0
4946.01,319783554,FP,1.8193760,0.0000288,-0.0000288,0
4947.01,382975217,PC,4.1400273,0.0000220,-0.0000220,0
4948.01,160476088,PC,0.4722347,0.0000020,-0.0000020,0
4949.01,401028336,PC,1.7819156,0.0000087,-0.0000087,0
495.01,22529346,KP,1.2749246,0.0000003,-0.0000003,0
4950.01,245341495,PC,3.9358604,0.0000211,-0.0000211,0
4951.01,448435566,PC,4.1042587,0.0000230,-0.0000230,0
4952.01,400073524,PC,0.6534841,0.0000036,-0.0000036,0
4953.01,405571798,PC,2.9590176,0.0000183,-0.0000183,0
4954.01,147723246,PC,6.6819653,0.0000413,-0.0000413,0
4955.01,188865842,PC,3.1409607,0.0000388,-0.0000388,0
4956.01,8005485,PC,5.1087099,0.0009549,-0.0009549,0
4957.01,412485680,PC,4.6622996,0.0000200,-0.0000200,0
4958.01,457649900,PC,748.8277169,0.0057585,-0.0057585,0
4959.01,290337456,PC,4.6011828,0.0000510,-0.0000510,0
496.01,88977253,APC,2.7676910,0.0001120,-0.0001120,0
4960.01,329672278,PC,4.0557174,0.0000246,-0.0000246,0
4961.01,420202798,PC,7.4793374,0.0001987,-0.0001987,0
4962.01,210681065,PC,2.0742050,0.0000104,-0.0000104,0
4963.01,407827885,PC,2.3657660,0.0020713,-0.0020713,0
4964.01,406443564,FP,1.1167145,0.0000043,-0.0000043,0
4965.01,129890791,PC,7.0857491,0.0000762,-0.0000762,0
4966.01,295507430,PC,7.3136902,0.0001326,-0.0001326,0
4967.01,243476396,PC,0.5979368,0.0000022,-0.0000022,0
4968.01,253961767,PC,2.2355936,0.0000773,-0.0000773,0
4969.01,406106335,PC,3.0773658,0.0000225,-0.0000225,0
497.01,108645766,FP,2.9741750,0.0016360,-0.0016360,0
4970.01,359523751,PC,4.8338813,0.0002169,-0.0002169,0
4971.01,453942180,PC,7.9674915,0.0000535,-0.0000535,0
4972.01,149585119,PC,2.6492703,0.0000125,-0.0000125,0
4973.01,397522142,PC,7.9486299,0.0000099,-0.0000099,0
4974.01,148478039,PC,10.6006859,0.0000396,-0.0000396,0
4975.01,304085024,PC,4.4834145,0.0000254,-0.0000254,0
4976.01,210629725,PC,3.0271030,0.0000395,-0.0000395,0
4977.01,68081952,PC,7.7023687,0.0000086,-0.0000086,0
4978.01,145204443,PC,4.7190303,0.0013827,-0.0013827,0
4979.01,311736478,PC,3.6305988,0.0000545,-0.0000545,0
498.01,121338379,APC,0.2750478,0.0000123,-0.0000123,0
4980.01,200435203,PC,16.1565078,0.0000429,-0.0000429,0
4981.01,14029793,PC,0.2097217,0.0000004,-0.0000004,0
4982.01,46627476,PC,2.5665666,0.0000084,-0.0000084,0
4983.01,80137654,PC,5.7527363,0.0000463,-0.0000463,0
4984.01,177391159,PC,3.6748618,0.0000262,-0.0000262,0
4985.01,294315741,FP,3.5678072,0.0000340,-0.0000340,0
4986.01,5592720,PC,6.5946181,0.0000418,-0.0000418,0
4987.01,293607057,CP,4.2889696,0.0000067,-0.0000067,0
4988.01,445392860,PC,2.3696548,0.0001259,-0.0001259,0
4989.01,303385111,PC,3.4290780,0.0008786,-0.0008786,0
499.01,123702439,APC,8.5334865,0.0000227,-0.0000227,0
4990.01,295312916,PC,5.6386197,0.0000268,-0.0000268,0
4991.01,247180220,PC,0.7702101,0.0002013,-0.0002013,0
4992.01,362111691,PC,4.8807474,0.0000199,-0.0000199,0
4993.01,360221713,PC,3.1062522,0.0000376,-0.0000376,0
4994.01,277128619,CP,21.4921464,0.0000849,-0.0000849,0
4995.01,294295243,PC,8.7802662,0.0000850,-0.0000850,0
4996.01,384709136,PC,4.8131406,0.0000243,-0.0000243,0
4997.01,340624586,PC,13.3178839,0.0001588,-0.0001588,0
4998.01,76228620,PC,9.7800223,0.0000331,-0.0000331,0
4999.01,33227166,PC,5.5846356,0.0036282,-0.0036282,0
500.01,134200185,CP,0.5481573,0.0000089,-0.0000089,0
5000.01,179230828,PC,5.5422295,0.0000137,-0.0000137,0
5000.02,179230828,PC,15.3392841,0.0000722,-0.0000722,0
5001.01,95709395,PC,5.0690430,0.0000219,-0.0000219,0
5002.01,418471116,PC,3.7318818,0.0000126,-0.0000126,0
5003.01,301900477,PC,4.4540914,0.0000103,-0.0000103,0
5004.01,384386062,PC,5.7626113,0.0000361,-0.0000361,0
5005.01,282485660,CP,6.3084728,0.0000353,-0.0000353,0
5006.01,449107129,PC,4.2549550,0.0000275,-0.0000275,0
5007.01,424196109,CP,2.5432595,0.0006815,-0.0006815,0
5008.01,150531994,PC,2.7702532,0.0015413,-0.0015413,0
5009.01,463781038,PC,8.1755735,0.0002297,-0.0002297,0
501.01,134537478,KP,1.7100122,0.0000008,-0.0000008,0
5010.01,276735500,PC,6.7107895,0.0025424,-0.0025424,0
5011.01,418298773,PC,2.6060495,0.0000116,-0.0000116,0
5012.01,245728942,PC,4.1843800,0.0000236,-0.0000236,0
5013.01,287494667,PC,8.9894910,0.0000324,-0.0000324,0
5014.01,362032529,PC,3.4507193,0.0000655,-0.0000655,0
5015.01,221656234,PC,2.4533968,0.0000113,-0.0000113,0
5016.01,68322189,FP,1.2833689,0.0000057,-0.0000057,0
5017.01,302054555,PC,3.3677179,0.0000224,-0.0000224,0
5018.01,294691204,PC,6.5859565,0.0000469,-0.0000469,0
5019.01,420829332,PC,1.0902950,0.0000079,-0.0000079,0
502.01,172193428,APC,2.9412694,0.0000051,-0.0000051,0
5020.01,310266243,PC,5.3450209,0.0001725,-0.0001725,0
5021.01,403405969,PC,12.9750620,0.0001791,-0.0001791,0
5022.01,208772468,PC,2.2445410,0.0005120,-0.0005120,0
5023.01,213111428,PC,2.2749988,0.0000009,-0.0000009,0
5024.01,344130921,PC,14.7765802,0.0001221,-0.0001221,0
5025.01,217838717,PC,2.8846592,0.0000077,-0.0000077,0
5026.01,161247580,PC,3.2813635,0.0000194,-0.0000194,0
5027.01,361711730,CP,10.2436729,0.0000279,-0.0000279,0
5028.01,76894548,PC,3.9353218,0.0000153,-0.0000153,0
5029.01,154400369,PC,3.8861815,0.0000227,-0.0000227,0
503.01,186812530,CP,3.6773543,0.0000012,-0.0000012,0
5030.01,444290896,PC,4.4299239,0.0024831,-0.0024831,0
5031.01,46807139,PC,4.5314275,0.0001267,-0.0001267,0
5032.01,283665218,PC,6.0326610,0.0000458,-0.0000458,0
5033.01,318180448,PC,5.4695364,0.0000470,-0.0000470,0
5034.01,306990399,PC,8.7042937,0.0000921,-0.0000921,0
5035.01,401509690,PC,5.8009082,0.0000308,-0.0000308,0
5036.01,406726743,PC,17.7481897,0.0036893,-0.0036893,0
5037.01,263486257,PC,4.1245473,0.0001476,-0.0001476,0
5038.01,127115861,PC,0.9990876,0.0004245,-0.0004245,0
5039.01,396649769,PC,2.1967461,0.0000170,-0.0000170,0
504.01,219164808,FP,1.6773063,0.0000008,-0.0000008,0
5040.01,412828754,PC,3.3808424,0.0000293,-0.0000293,0
5041.01,324609476,PC,0.7338920,0.0000153,-0.0000153,0
5042.01,282221346,PC,5.6316098,0.0000476,-0.0000476,0
5043.01,75522633,PC,3.8027513,0.0000043,-0.0000043,0
5044.01,298946836,PC,5.5556615,0.0004246,-0.0004246,0
5045.01,297950791,PC,3.4792084,0.0000293,-0.0000293,0
5046.01,306512967,PC,11.1838046,0.0000484,-0.0000484,0
5047.01,291857895,PC,7.3142625,0.0000351,-0.0000351,0
5048.01,323022088,APC,1.3583233,0.0000053,-0.0000053,0
5049.01,261020738,PC,2.9204289,0.0000137,-0.0000137,0
505.01,268644785,KP,3.3294649,0.0000009,-0.0000009,0
5050.01,282701278,PC,2.3064574,0.0000110,-0.0000110,0
5051.01,217933560,PC,3.5980715,0.0000103,-0.0000103,0
5052.01,208151094,PC,4.0668104,0.0007668,-0.0007668,0
5053.01,324426685,PC,9.8830331,0.0000266,-0.0000266,0
5054.01,401704685,PC,4.2100055,0.0000256,-0.0000256,0
5055.01,407146538,FP,2.0915616,0.0000126,-0.0000126,0
5056.01,216925130,PC,7.6686232,0.0001491,-0.0001491,0
5057.01,37291237,PC,1.1437772,0.0000094,-0.0000094,0
5058.01,277034534,PC,23.7123919,0.0000965,-0.0000965,0
5059.01,458027465,PC,8.7876771,0.0000279,-0.0000279,0
506.01,274138511,FP,2.7742070,0.0007220,-0.0007220,0
5060.01,16264917,PC,1.2695326,0.0017102,-0.0017102,0
5061.01,214218272,PC,3.3645349,0.0000230,-0.0000230,0
5062.01,294768072,PC,6.2244575,0.0000794,-0.0000794,0
5063.01,173979859,PC,3.6137990,0.0000192,-0.0000192,0
5064.01,407127579,PC,3.5108018,0.0000234,-0.0000234,0
5065.01,243244680,KP,19.4921473,0.0000079,-0.0000079,0
5066.01,56655478,PC,1.3454079,0.0000031,-0.0000031,0
5067.01,117275513,KP,4.6886342,0.0000058,-0.0000058,0
5068.01,366631954,KP,4.7369669,0.0000024,-0.0000024,0
5069.01,381360757,PC,8.8558739,0.0039338,-0.0039338,0
507.01,348538431,PC,0.8994677,0.0000007,-0.0000007,0
5070.01,319968129,FP,6.2169940,0.0000258,-0.0000258,0
5071.01,307733361,KP,1.6739029,0.0000007,-0.0000007,0
5072.01,7059054,KP,5.1857680,0.0000164,-0.0000164,0
5073.01,458686969,PC,3.1393667,0.0000043,-0.0000043,0
5074.01,6893917,KP,3.0801795,0.0000005,-0.0000005,0
5075.01,23113034,FP,1.7134571,0.0000048,-0.0000048,0
5076.01,303432813,CP,23.4428912,0.0001199,-0.0001199,0
5077.01,87873211,PC,5.8879518,0.0000464,-0.0000464,0
5078.01,303523128,PC,1.5110224,0.0000053,-0.0000053,0
5079.01,69672493,FP,1.4920726,0.0000047,-0.0000047,0
508.01,425206121,KP,4.6117328,0.0000019,-0.0000019,0
5080.01,17409453,KP,9.7266500,0.0000246,-0.0000246,0
5081.01,203214138,KP,5.1699026,0.0000311,-0.0000311,0
5082.01,437011608,CP,4.2403543,0.0000074,-0.0000074,0
5083.01,5882269,KP,4.7948642,0.0000063,-0.0000063,0
5084.01,438260486,PC,5.8321337,0.0000266,-0.0000266,0
5085.01,6785559,PC,4.5117148,0.0013546,-0.0013546,0
5086.01,178217113,KP,2.9956366,0.0000002,-0.0000002,0
5087.01,18310799,KP,17.3070631,0.0000158,-0.0000158,0
5088.01,234388232,PC,10.3883213,0.0000399,-0.0000399,0
5088.02,234388232,PC,13.4155226,0.0014156,-0.0014156,0
5089.01,330687113,KP,5.1138350,0.0000227,-0.0000227,0
509.01,453211454,CP,9.0588209,0.0000117,-0.0000117,0
509.02,453211454,CP,21.4003129,0.0001262,-0.0001262,0
5090.01,184892124,KP,1.9828041,0.0000053,-0.0000053,0
5091.01,438073782,PC,3.6413702,0.0000031,-0.0000031,0
5092.01,90853136,APC,2.3626901,0.0001035,-0.0001035,0
5093.01,63189173,KP,2.2984058,0.0000009,-0.0000009,0
5094.01,19028197,KP,3.3366511,0.0000013,-0.0000013,0
5095.01,434226736,KP,3.4845543,0.0000046,-0.0000046,0
5096.01,26826078,KP,2.8753183,0.0000004,-0.0000004,0
5097.01,203214081,KP,5.7459945,0.0000061,-0.0000061,0
5098.01,14770122,KP,3.5438732,0.0000027,-0.0000027,0
5099.01,91481801,PC,14.4507561,0.0000168,-0.0000168,0
510.01,238086647,APC,1.3523942,0.0000015,-0.0000015,0
5100.01,349582831,PC,3.4532143,0.0000040,-0.0000040,0
5101.01,366410512,KP,10.1367283,0.0000116,-0.0000116,0
5102.01,82508808,APC,0.4522013,0.0000498,-0.0000498,0
5103.01,366443576,APC,4.9898664,0.0000020,-0.0000020,0
5104.01,415443327,PC,4.8903760,0.0014709,-0.0014709,0
5105.01,203287192,PC,4.4455436,0.0000028,-0.0000028,0
5106.01,59351345,PC,2.4361097,0.0000056,-0.0000056,0
5107.01,97735297,FP,1.8354365,0.0001606,-0.0001606,0
5108.01,350348197,CP,6.7535728,0.0000226,-0.0000226,0
5109.01,411930845,PC,3.2104815,0.0001071,-0.0001071,0
511.01,440777904,KP,3.3552444,0.0000006,-0.0000006,0
5110.01,239977528,CP,30.1584857,0.0001520,-0.0001520,0
5111.01,203289099,KP,3.3557219,0.0000066,-0.0000066,0
5112.01,337385330,PC,15.5328060,0.0001054,-0.0001054,0
5113.01,2685481,PC,4.1364880,0.0000309,-0.0000309,0
5114.01,26693519,PC,6.1539077,0.0000182,-0.0000182,0
5115.01,366499151,PC,13.8240078,0.0001263,-0.0001263,0
5116.01,149496868,PC,3.4355113,0.0000043,-0.0000043,0
5117.01,26469462,PC,11.6986928,0.0001808,-0.0001808,0
5118.01,438412198,PC,1.5749553,0.0000240,-0.0000240,0
5119.01,75427473,FP,1.4713984,0.0000175,-0.0000175,0
512.01,119292328,CP,7.1887332,0.0000451,-0.0000451,0
512.02,119292328,APC,20.2749388,0.0004533,-0.0004533,0
5120.01,58723861,PC,24.9163182,0.0000498,-0.0000498,0
5121.01,366568760,KP,8.4071591,0.0000223,-0.0000223,0
5122.01,116668723,PC,3.3885867,0.0000143,-0.0000143,0
5123.01,332022997,KP,3.2810299,0.0000158,-0.0000158,0
5123.02,332022997,KP,8.4388997,0.0000615,-0.0000615,0
5124.01,306902029,FP,1.0754572,0.0000838,-0.0000838,0
5125.01,247906954,PC,5.9096210,0.0000219,-0.0000219,0
5126.01,27064468,CP,5.4589863,0.0000780,-0.0000780,0
5126.02,27064468,CP,17.9051919,0.0002375,-0.0002375,0
5127.01,438170612,PC,17.5328625,0.0002295,-0.0002295,0
5128.01,406495245,PC,7.6014943,0.0000119,-0.0000119,0
5129.01,101520163,PC,7.4121119,0.0000540,-0.0000540,0
513.01,431999925,FP,1.4454330,0.0009680,-0.0009680,0
5130.01,75589027,PC,2.1667786,0.0000389,-0.0000389,0
5131.01,350043412,PC,9.4813433,0.0000123,-0.0000123,0
5132.01,114516994,APC,1.5985577,0.0000647,-0.0000647,0
5133.01,312221462,FP,30.4408598,0.0006410,-0.0006410,0
5134.01,95010343,FP,6.8804590,0.0000388,-0.0000388,0
5135.01,172110606,FP,2.0197299,0.0000055,-0.0000055,0
5136.01,175236511,KP,7.8092052,0.0000171,-0.0000171,0
5137.01,14570132,PC,3.2092033,0.0000010,-0.0000010,0
5138.01,38087018,KP,1.7292681,0.0000053,-0.0000053,0
5139.01,95337971,PC,5.9471027,0.0004480,-0.0004480,0
514.01,366576758,KP,11.3909685,0.0000218,-0.0000218,0
5140.01,175193677,PC,15.6113633,0.0011265,-0.0011265,0
5141.01,350020859,KP,11.8141726,0.0007113,-0.0007113,0
5142.01,393495970,KP,1.7554285,0.0000170,-0.0000170,0
5143.01,281837575,PC,5.2097100,0.0000040,-0.0000040,0
5143.02,281837575,PC,2.3843304,0.0000152,-0.0000152,0
5144.01,380619414,KP,2.6556753,0.0000110,-0.0000110,0
5145.01,281885301,KP,7.9177855,0.0006128,-0.0006128,0
5146.01,173103335,KP,10.0546003,0.0000545,-0.0000545,0
5147.01,95361530,PC,3.9178573,0.0000928,-0.0000928,0
5148.01,291517604,PC,5.0637114,0.0000095,-0.0000095,0
5149.01,286094277,PC,27.3714952,0.0000810,-0.0000810,0
515.01,366622912,CP,3.1148931,0.0000017,-0.0000017,0
5150.01,40954422,FP,1.7578288,0.0000053,-0.0000053,0
5151.01,388130237,PC,92.1950434,0.0002252,-0.0002252,0
5152.01,257527578,CP,54.3212423,0.0070340,-0.0070340,0
5153.01,124029677,CP,20.9108406,0.0000669,-0.0000669,0
5154.01,240849748,APC,17.7256773,0.0000123,-0.0000123,0
5155.01,388811663,KP,9.7956535,0.0000822,-0.0000822,0
5156.01,468889418,PC,22.8524131,0.0000697,-0.0000697,0
5157.01,38161230,APC,2.5194039,0.0000202,-0.0000202,0
5158.01,337647366,PC,4.7464485,0.0000168,-0.0000168,0
5159.01,286712787,PC,5.8365098,0.0000552,-0.0000552,0
5159.02,286712787,PC,3.6469454,0.0000409,-0.0000409,0
516.01,318937509,APC,1.0485500,0.0000730,-0.0000730,0
5160.01,4165850,PC,4.2807509,0.0000279,-0.0000279,0
5161.01,277697921,PC,5.7519475,0.0000202,-0.0000202,0
5162.01,60286662,KP,8.5623289,0.0000607,-0.0000607,0
5163.01,115010361,KP,15.4658691,0.0000393,-0.0000393,0
5164.01,6892385,KP,8.2669589,0.0000523,-0.0000523,0
5165.01,349986198,PC,3.5775010,0.0002060,-0.0002060,0
5166.01,59582240,PC,1.7726881,0.0003463,-0.0003463,0
5167.01,458686504,PC,4.8740385,0.0000453,-0.0000453,0
5168.01,363548415,KP,6.7713411,0.0000084,-0.0000084,0
5169.01,350023518,PC,8.0387972,0.0000287,-0.0000287,0
517.01,308307606,FP,9.8850244,0.0000118,-0.0000118,0
5170.01,330690135,KP,14.7565015,0.0016877,-0.0016877,0
5171.01,110996418,PC,15.7815791,0.0000787,-0.0000787,0
5172.01,53287554,PC,4.7218077,0.0014608,-0.0014608,0
5173.01,98669309,KP,4.0035773,0.0008880,-0.0008880,0
5174.01,49428710,CP,12.2193392,0.0000669,-0.0000669,0
5175.01,55266835,PC,6.8548465,0.0002770,-0.0002770,0
5176.01,437054764,PC,20.3550739,0.0022565,-0.0022565,0
5177.01,350033870,PC,2.2085904,0.0000067,-0.0000067,0
5178.01,149969625,KP,14.0666014,0.0052146,-0.0052146,0
5179.01,288671122,PC,0.2874782,0.0000002,-0.0000002,0
518.01,264979636,PC,17.8789700,0.0045850,-0.0045850,0
5180.01,346972413,PC,2.7779767,0.0000236,-0.0000236,0
5181.01,346667887,PC,3.8922407,0.0000233,-0.0000233,0
5182.01,99654378,PC,7.3039588,0.0000656,-0.0000656,0
5183.01,298829544,PC,2.7395591,0.0005220,-0.0005220,0
5184.01,28643432,FP,2.2751393,0.0000111,-0.0000111,0
5185.01,462808933,PC,4.2788309,0.0000295,-0.0000295,0
5186.01,68453985,PC,2.5032540,0.0000108,-0.0000108,0
5187.01,441590110,PC,17.8597459,0.0001572,-0.0001572,0
5188.01,141677268,PC,22.4334100,0.0002413,-0.0002413,0
5189.01,408549705,FP,9.5064017,0.0000298,-0.0000298,0
519.01,218795833,CP,1.2652338,0.0000007,-0.0000007,0
5190.01,289574465,PC,5.7488688,0.0000420,-0.0000420,0
5191.01,359469754,PC,3.0278609,0.0000276,-0.0000276,0
5192.01,336125492,PC,4.7271324,0.0000187,-0.0000187,0
5193.01,336126253,PC,18.9972068,0.0002025,-0.0002025,0
5194.01,288612903,PC,7.0485133,0.0000575,-0.0000575,0
5195.01,357145112,PC,3.1523405,0.0000151,-0.0000151,0
5196.01,383828887,PC,2.5677096,0.0000139,-0.0000139,0
5197.01,219431828,APC,20.5773388,0.0000580,-0.0000580,0
5198.01,193628179,FP,3.2623468,0.0000083,-0.0000083,0
5199.01,298049015,FP,3.9131371,0.0006544,-0.0006544,0
520.01,148479278,PC,0.5236130,0.0000124,-0.0000124,0
5200.01,21101556,PC,17.4372954,0.0001140,-0.0001140,0
5201.01,267810289,PC,3.8558229,0.0000063,-0.0000063,0
5202.01,320324079,PC,34.6141657,0.0002519,-0.0002519,0
5203.01,158323182,PC,15.1255732,0.0003451,-0.0003451,0
5204.01,65845738,PC,1.5936030,0.0000075,-0.0000075,0
5205.01,419411415,CP,1.6306523,0.0000568,-0.0000568,0
5206.01,159117779,PC,4.4716261,0.0000156,-0.0000156,0
5207.01,147892178,PC,24.6951647,0.0001775,-0.0001775,0
5208.01,110738386,PC,12.2307873,0.0001094,-0.0001094,0
5209.01,111108561,PC,2.6357370,0.0000073,-0.0000073,0
521.01,27649847,CP,1.5428486,0.0000041,-0.0000041,0
5210.01,265979849,PC,4.5661309,0.0000079,-0.0000079,0
5211.01,215595454,PC,2.0961984,0.0002699,-0.0002699,0
5212.01,424699834,FP,2.4011407,0.0001326,-0.0001326,0
5213.01,247356332,PC,4.5333993,0.0000226,-0.0000226,0
5214.01,7583660,PC,5.3333965,0.0000382,-0.0000382,0
5215.01,236632480,PC,7.4244269,0.0000734,-0.0000734,0
5216.01,256561562,PC,1.8951273,0.0000073,-0.0000073,0
5217.01,215018906,PC,4.3713133,0.0000638,-0.0000638,0
5218.01,259172249,CP,4.2914879,0.0000949,-0.0000949,0
5219.01,378708888,PC,2.8875300,0.0000249,-0.0000249,0
522.01,19451711,FA,0.3969687,0.0000079,-0.0000079,0
5220.01,394691478,PC,2.0876485,0.0000078,-0.0000078,0
5221.01,233409941,PC,4.4247361,0.0000076,-0.0000076,0
5222.01,30791047,APC,13.3057762,0.0001522,-0.0001522,0
5223.01,377297285,PC,4.0656968,0.0000435,-0.0000435,0
5224.01,406361982,PC,5.2819763,0.0000463,-0.0000463,0
5225.01,383645563,PC,22.9367426,0.0001174,-0.0001174,0
5226.01,195093356,FP,7.8284207,0.0000120,-0.0000120,0
5227.01,313453776,PC,3.7325203,0.0000044,-0.0000044,0
5228.01,154014059,PC,8.3221959,0.0000355,-0.0000355,0
5229.01,288428649,PC,5.9184575,0.0000220,-0.0000220,0
523.01,93125144,FA,9.9110200,0.0016850,-0.0016850,0
5230.01,55778666,PC,7.1452343,0.0000171,-0.0000171,0
5231.01,105387356,FP,1.5163046,0.0000222,-0.0000222,0
5232.01,69356857,CP,4.0966887,0.0000185,-0.0000185,0
5233.01,259100469,PC,25.7633320,0.0000682,-0.0000682,0
5234.01,335681838,PC,15.1016086,0.0004979,-0.0004979,0
5235.01,154814765,PC,26.1442304,0.0002067,-0.0002067,0
5236.01,193765661,PC,10.9974977,0.0000995,-0.0000995,0
5237.01,435740442,PC,2.9889845,0.0013254,-0.0013254,0
5238.01,219016883,CP,4.8721904,0.0000111,-0.0000111,0
5239.01,230290708,PC,11.3182327,0.0000888,-0.0000888,0
524.01,365690646,FA,12.9831750,0.0033060,-0.0033060,0
5240.01,40055053,CP,4.1793301,0.0000208,-0.0000208,0
5241.01,305948428,PC,4.8398399,0.0000197,-0.0000197,0
5242.01,426122503,PC,2.4038486,0.0000108,-0.0000108,0
5243.01,322504451,PC,1.6087939,0.0000081,-0.0000081,0
5244.01,352151292,PC,5.0821798,0.0000374,-0.0000374,0
5245.01,123041007,APC,0.4305826,0.0000561,-0.0000561,0
5246.01,295807723,FP,0.6972223,0.0000022,-0.0000022,0
5247.01,289307883,PC,12.9177538,0.0000459,-0.0000459,0
5248.01,256154857,APC,0.7012390,0.0000058,-0.0000058,0
5249.01,185598695,PC,4.6285493,0.0000227,-0.0000227,0
525.01,71512186,PC,14.8608019,0.0037224,-0.0037224,0
5250.01,278105308,PC,5.4463931,0.0000343,-0.0000343,0
5251.01,436007113,PC,2.3205922,0.0000061,-0.0000061,0
5252.01,395385033,PC,8.5394045,0.0001975,-0.0001975,0
5253.01,284660935,APC,1.1110609,0.0000032,-0.0000032,0
5254.01,126225595,PC,4.4836616,0.0000209,-0.0000209,0
5255.01,158325942,PC,2.6122730,0.0000063,-0.0000063,0
5256.01,356146869,PC,21.1968768,0.0001142,-0.0001142,0
5257.01,185226925,FP,3.1979646,0.0000331,-0.0000331,0
5258.01,147895461,FP,0.5919629,0.0000021,-0.0000021,0
5259.01,375419034,PC,3.0321361,0.0000147,-0.0000147,0
526.01,200593988,FP,7.6990870,0.0033450,-0.0033450,0
5260.01,326347927,FP,7.2617331,0.0002188,-0.0002188,0
5261.01,402828941,PC,4.1509756,0.0000107,-0.0000107,0
5262.01,274122380,FP,2.8731380,0.0000339,-0.0000339,0
5263.01,275527293,PC,3.1501356,0.0000091,-0.0000091,0
5264.01,435719275,PC,4.4274169,0.0000180,-0.0000180,0
5265.01,219847787,PC,11.5914514,0.0000650,-0.0000650,0
5266.01,312899686,FP,4.4138638,0.0000225,-0.0000225,0
5267.01,153971295,PC,13.7036806,0.0005331,-0.0005331,0
5268.01,202468443,FP,2.0685871,0.0000010,-0.0000010,0
5269.01,359321688,PC,2.7340756,0.0000428,-0.0000428,0
527.01,148228019,APC,18.0892103,0.0000084,-0.0000084,0
5270.01,424112727,PC,1.0513177,0.0002454,-0.0002454,0
5271.01,296461391,PC,4.3108587,0.0000340,-0.0000340,0
5272.01,278668358,PC,5.0135727,0.0000353,-0.0000353,0
5273.01,172871230,FP,3.4100261,0.0000198,-0.0000198,0
5274.01,356682805,PC,6.1313492,0.0000341,-0.0000341,0
5275.01,219466803,FP,12.5951009,0.0000564,-0.0000564,0
5276.01,282935857,APC,2.3612205,0.0000141,-0.0000141,0
5277.01,276381737,PC,15.9929608,0.0000877,-0.0000877,0
5278.01,264301607,PC,0.4354350,0.0000007,-0.0000007,0
5279.01,7681574,PC,16.0104634,0.0001066,-0.0001066,0
528.01,403693875,FP,3.5248693,,,0
5280.01,194679333,PC,9.0165933,0.0000847,-0.0000847,0
5281.01,405932063,PC,5.5047275,0.0000504,-0.0000504,0
5282.01,329346586,PC,1.3925160,0.0000059,-0.0000059,0
5283.01,399956873,FP,6.9494280,0.0000277,-0.0000277,0
5284.01,171312653,PC,2.0327015,0.0000160,-0.0000160,0
5285.01,250330564,PC,4.3852176,0.0016486,-0.0016486,0
5286.01,301035553,PC,3.2988824,0.0006811,-0.0006811,0
5287.01,909930,APC,4.1976789,0.0004518,-0.0004518,0
5288.01,857186,PC,3.8123614,0.0005040,-0.0005040,0
5289.01,176279915,PC,3.4411264,0.0000587,-0.0000587,0
529.01,438490744,FP,1.6658780,0.0002830,-0.0002830,0
5290.01,224217761,PC,2.5688104,0.0012034,-0.0012034,0
5291.01,250983039,PC,2.3007511,0.0004842,-0.0004842,0
5292.01,33397739,PC,2.0231137,0.0006929,-0.0006929,0
5293.01,250111245,CP,2.9304371,0.0002822,-0.0002822,0
5294.01,422486295,PC,5.6707432,0.0007223,-0.0007223,0
5295.01,4619242,APC,4.3023572,0.0005371,-0.0005371,0
5296.01,241102583,FP,1.7386091,0.0000037,-0.0000037,0
5297.01,422423972,PC,3.3014986,0.0000199,-0.0000199,0
5298.01,313835568,PC,2.6831464,0.0000179,-0.0000179,0
5299.01,407997410,PC,2.5792489,0.0004320,-0.0004320,0
530.01,387690507,CP,6.3875739,0.0000047,-0.0000047,0
5300.01,267215820,PC,2.2623535,0.0001164,-0.0001164,0
5301.01,58825110,CP,5.8588751,0.0000250,-0.0000250,0
5302.01,337025682,PC,4.2417694,0.0002136,-0.0002136,0
5303.01,58798731,PC,9.8095580,0.0000505,-0.0000505,0
5304.01,293407882,PC,3.7079439,0.0005716,-0.0005716,0
5305.01,408743161,PC,4.4632038,0.0004147,-0.0004147,0
5306.01,387401076,PC,5.3331348,0.0000351,-0.0000351,0
5307.01,369477998,APC,5.2976347,0.0005887,-0.0005887,0
5308.01,422653398,FP,8.3403400,0.0000106,-0.0000106,0
5309.01,52052461,PC,6.4666483,0.0000670,-0.0000670,0
531.01,302895996,FP,0.5679950,0.0001080,-0.0001080,0
5310.01,306204904,PC,11.2036244,0.0001002,-0.0001002,0
5311.01,306401382,PC,39.0536929,0.0028443,-0.0028443,0
5312.01,399724238,PC,46.1965072,0.0028349,-0.0028349,0
5313.01,347469901,PC,3.2571037,0.0002755,-0.0002755,0
5314.01,302202317,PC,2.5351022,0.0000078,-0.0000078,0
5315.01,126982221,PC,2.4704071,0.0000009,-0.0000009,0
5316.01,309439436,PC,0.9997277,0.0003130,-0.0003130,0
5317.01,408824640,PC,8.6620460,0.0011555,-0.0011555,0
5318.01,435871546,PC,4.9583217,0.0000199,-0.0000199,0
5319.01,246965431,CP,4.0785273,0.0000170,-0.0000170,0
532.01,144700903,CP,2.3266400,0.0000028,-0.0000028,0
5320.01,257562160,APC,0.3852177,0.0000013,-0.0000013,0
5321.01,243153196,FP,10.1391591,0.0000281,-0.0000281,0
5322.01,336691874,PC,5.4233428,0.0000144,-0.0000144,0
5323.01,272146465,APC,5.8049376,0.0004494,-0.0004494,0
5324.01,408643099,PC,5.0269053,0.0003343,-0.0003343,0
5325.01,270406298,APC,15.0575960,0.0000381,-0.0000381,0
5326.01,257922326,PC,3.1334690,0.0002958,-0.0002958,0
5327.01,303502327,PC,4.6671176,0.0000176,-0.0000176,0
5328.01,58372253,PC,5.4886518,0.0004019,-0.0004019,0
5329.01,61145589,PC,3.7796053,0.0003577,-0.0003577,0
533.01,309791156,PC,19.5715862,0.0000209,-0.0000209,0
5330.01,436843539,PC,4.6303272,0.0000983,-0.0000983,0
5331.01,387544178,PC,22.7545332,0.0001400,-0.0001400,0
5332.01,387515920,PC,3.9544873,0.0000135,-0.0000135,0
5333.01,96948338,PC,11.4420309,0.0002086,-0.0002086,0
5334.01,247409676,PC,3.6136326,0.0001299,-0.0001299,0
5335.01,381360750,PC,3.6139919,0.0006334,-0.0006334,0
5336.01,430099722,PC,4.0153167,0.0015350,-0.0015350,0
5337.01,27294830,PC,0.7135221,0.0000470,-0.0000470,0
5338.01,467615239,PC,2.6429687,0.0001395,-0.0001395,0
5339.01,101348333,PC,15.1873222,0.0001001,-0.0001001,0
534.01,281909674,KP,4.0350444,0.0000278,-0.0000278,0
5340.01,14156936,PC,4.9393117,0.0001821,-0.0001821,0
5341.01,90669930,PC,20.6875239,0.0001120,-0.0001120,0
5342.01,356990855,PC,0.5894678,0.0000686,-0.0000686,0
5343.01,34980970,PC,12.8363910,0.0023429,-0.0023429,0
5344.01,16005254,CP,3.7927572,0.0001820,-0.0001820,0
5345.01,96165095,PC,1.1062164,0.0000111,-0.0000111,0
5346.01,26018819,PC,3.9783327,0.0002564,-0.0002564,0
5347.01,21119973,PC,1.7109175,0.0000036,-0.0000036,0
5348.01,366527844,PC,3.0890070,0.0000127,-0.0000127,0
5349.01,26054627,CP,3.3176675,0.0001424,-0.0001424,0
535.01,280210963,KP,2.8280391,0.0000130,-0.0000130,0
5350.01,68808155,PC,7.5811005,0.0003228,-0.0003228,0
5351.01,27476314,PC,2.8817237,0.0003267,-0.0003267,0
5352.01,69995219,PC,2.0389145,0.0002887,-0.0002887,0
5353.01,113919944,FP,1.2297408,0.0001024,-0.0001024,0
5354.01,34781378,PC,4.7949288,0.0000127,-0.0000127,0
5355.01,96170689,PC,9.6125545,0.0000893,-0.0000893,0
5356.01,467684543,PC,3.1948695,0.0005079,-0.0005079,0
5357.01,150006846,PC,9.6995203,0.0007293,-0.0007293,0
5358.01,46631742,PC,2.6599132,0.0000111,-0.0000111,0
5359.01,90767677,PC,1.6817287,0.0001363,-0.0001363,0
536.01,234825296,KP,9.2432303,0.0000637,-0.0000637,0
5360.01,427578289,APC,4.0107869,0.0000305,-0.0000305,0
5361.01,366602797,FP,1.3574339,0.0003208,-0.0003208,0
5362.01,308522539,PC,13.7279713,0.0002402,-0.0002402,0
5363.01,426448042,PC,6.7504762,0.0006531,-0.0006531,0
5364.01,366754985,PC,1.4466879,0.0000091,-0.0000091,0
5365.01,21132157,PC,4.0069668,0.0000443,-0.0000443,0
5366.01,45034406,PC,1.5328484,0.0003309,-0.0003309,0
5367.01,81178747,PC,1.6649585,0.0000566,-0.0000566,0
5368.01,56457123,PC,3.6127620,0.0003549,-0.0003549,0
5369.01,113804153,PC,4.2460352,0.0004154,-0.0004154,0
537.01,234112540,KP,4.0379012,0.0000144,-0.0000144,0
5370.01,400381085,PC,3.7539574,0.0002403,-0.0002403,0
5371.01,17457400,PC,1.2761500,0.0000870,-0.0000870,0
5372.01,371470493,PC,11.6270831,0.0000708,-0.0000708,0
5373.01,9155187,KP,4.1878375,0.0001842,-0.0001842,0
5374.01,20096620,KP,2.9164004,0.0000771,-0.0000771,0
5375.01,71268730,PC,1.7215575,0.0000014,-0.0000014,0
5376.01,219113246,APC,2.9859596,0.0000121,-0.0000121,0
5377.01,467153319,PC,4.4626933,0.0001249,-0.0001249,0
5378.01,321069529,PC,5.2841676,0.0001685,-0.0001685,0
5379.01,328325110,APC,12.7426508,0.0000192,-0.0000192,0
538.01,237751146,FP,1.6697690,0.0003431,-0.0003431,0
5380.01,441587756,PC,3.7723119,0.0000158,-0.0000158,0
5381.01,241174783,FP,4.0802864,0.0000343,-0.0000343,0
5382.01,356472238,PC,14.5416243,0.0003706,-0.0003706,0
5383.01,166053959,PC,2.8114961,0.0000318,-0.0000318,0
5384.01,165297570,KP,2.9895092,0.0000515,-0.0000515,0
5385.01,85266608,PC,5.1665549,0.0007372,-0.0007372,0
5386.01,202425357,PC,3.6215615,0.0000019,-0.0000019,0
5387.01,166086403,PC,2.8037514,0.0000534,-0.0000534,0
5388.01,407591297,CP,2.5946750,0.0000092,-0.0000092,0
5389.01,39143128,PC,10.4014008,0.0032728,-0.0032728,0
539.01,238004786,PC,0.3096062,0.0000041,-0.0000041,0
5390.01,8853478,PC,15.0619708,0.0032604,-0.0032604,0
5391.01,298600443,APC,13.6421377,0.0002811,-0.0002811,0
5392.01,198512478,PC,17.5313321,0.0001734,-0.0001734,0
5393.01,313425396,PC,30.0017176,0.0011945,-0.0011945,0
5394.01,61109252,APC,15.1935123,0.0002181,-0.0002181,0
5395.01,298070500,PC,6.5811814,0.0000368,-0.0000368,0
5396.01,202428245,FP,32.1400505,0.0001447,-0.0001447,0
5397.01,18019350,PC,9.6477019,0.0001811,-0.0001811,0
5398.01,8260536,CP,10.5909230,0.0006842,-0.0006842,0
5398.02,8260536,CP,4.7728997,0.0009118,-0.0009118,0
5399.01,284688043,PC,4.0625969,0.0000846,-0.0000846,0
540.01,200322593,CP,1.2391534,0.0000049,-0.0000049,0
5400.01,332564140,PC,19.8067259,0.0001331,-0.0001331,0
5401.01,397058826,PC,6.8291029,0.0000085,-0.0000085,0
5402.01,29781207,PC,3.3174026,0.0000258,-0.0000258,0
5403.01,438519486,PC,12.8355591,0.0000974,-0.0000974,0
5404.01,56798909,PC,2.1774750,0.0005882,-0.0005882,0
5405.01,172353721,PC,9.0711977,0.0001124,-0.0001124,0
5406.01,127226712,PC,0.8045139,0.0000026,-0.0000026,0
5407.01,372424377,PC,5.4683192,0.0006124,-0.0006124,0
5408.01,430093142,PC,0.9598377,0.0000968,-0.0000968,0
5409.01,115628210,APC,0.5943850,0.0000039,-0.0000039,0
541.01,143271144,APC,1.3534084,0.0003553,-0.0003553,0
5410.01,76882795,PC,4.1059353,0.0006965,-0.0006965,0
5411.01,76032342,PC,3.0604071,0.0001306,-0.0001306,0
5412.01,386197662,PC,0.3828485,0.0000007,-0.0000007,0
5413.01,269838674,PC,12.6124830,0.0022643,-0.0022643,0
5414.01,371164829,PC,10.7833596,0.0036968,-0.0036968,0
5415.01,52517713,PC,2.9858191,0.0000089,-0.0000089,0
5416.01,87405719,PC,13.0086903,0.0011304,-0.0011304,0
5417.01,79316101,PC,2.8675385,0.0000709,-0.0000709,0
5418.01,115564354,FP,1.6421819,0.0000144,-0.0000144,0
5419.01,68443254,PC,4.8002161,0.0000310,-0.0000310,0
542.01,49771092,PC,1.6318282,0.0000092,-0.0000092,0
5420.01,195155818,PC,6.0614403,0.0006945,-0.0006945,0
5421.01,47132480,PC,6.5552932,0.0005037,-0.0005037,0
5422.01,80611440,PC,5.3767997,0.0003298,-0.0003298,0
5423.01,47319867,PC,5.7188414,0.0010590,-0.0010590,0
5423.02,47319867,PC,3.3928027,0.0005515,-0.0005515,0
5424.01,436099179,FP,0.8999342,0.0000042,-0.0000042,0
5425.01,429501231,APC,0.4553752,0.0000153,-0.0000153,0
5426.01,127957099,APC,5.8095099,0.0000437,-0.0000437,0
5427.01,52420398,PC,5.2374183,0.0000056,-0.0000056,0
5428.01,76545118,PC,3.0343155,0.0001933,-0.0001933,0
5429.01,5800958,FP,4.2318085,0.0005616,-0.0005616,0
543.01,53593457,FP,0.5308930,0.0001460,-0.0001460,0
5430.01,46774573,PC,3.8635521,0.0002295,-0.0002295,0
5431.01,302895184,PC,4.7887850,0.0000165,-0.0000165,0
5432.01,86898676,PC,2.9525486,0.0001132,-0.0001132,0
5433.01,75697959,PC,4.1459886,0.0004684,-0.0004684,0
5434.01,307377219,FP,4.1629444,0.0000214,-0.0000214,0
5435.01,294309873,PC,1.2699324,0.0000252,-0.0000252,0
5436.01,155369758,PC,11.9285531,0.0000318,-0.0000318,0
5437.01,6853696,PC,3.4201500,0.0002307,-0.0002307,0
5438.01,367193060,PC,2.5842514,0.0002224,-0.0002224,0
5439.01,247912728,PC,5.0775738,0.0000216,-0.0000216,0
544.01,50618703,CP,1.5483542,0.0000042,-0.0000042,0
5440.01,29374525,FP,3.8138120,0.0003866,-0.0003866,0
5441.01,91697121,PC,2.8633026,0.0000248,-0.0000248,0
5442.01,406684949,APC,12.7091678,0.0000599,-0.0000599,0
5443.01,400515645,PC,1.6757659,0.0001851,-0.0001851,0
5444.01,367193046,APC,10.2780324,0.0009659,-0.0009659,0
5445.01,255735567,APC,6.3780197,0.0004334,-0.0004334,0
5446.01,84788795,PC,4.4977307,0.0008030,-0.0008030,0
5447.01,239722954,FP,1.4958429,0.0000186,-0.0000186,0
5448.01,291016451,PC,3.2140310,0.0010022,-0.0010022,0
5449.01,119130170,PC,2.5444539,0.0002997,-0.0002997,0
545.01,37168957,KP,1.9000862,0.0000039,-0.0000039,0
5450.01,6653897,FP,0.8857522,0.0000866,-0.0000866,0
5451.01,69028091,PC,1.6822448,0.0000211,-0.0000211,0
5452.01,101569583,PC,0.9907914,0.0000547,-0.0000547,0
5453.01,58997701,PC,8.3762443,0.0011652,-0.0011652,0
5454.01,26406123,PC,3.7196227,0.0001008,-0.0001008,0
5455.01,75171363,PC,4.2677810,0.0007133,-0.0007133,0
5456.01,87044036,FP,1.0711292,0.0001034,-0.0001034,0
5457.01,456971986,PC,1.2452975,0.0001328,-0.0001328,0
5458.01,367434266,PC,22.0632969,0.0001576,-0.0001576,0
5459.01,1942969,PC,2.8078585,0.0000164,-0.0000164,0
546.01,36440357,KP,9.2016496,0.0000314,-0.0000314,0
5460.01,445990611,PC,6.2987919,0.0002138,-0.0002138,0
5461.01,118963720,PC,7.4603194,0.0006934,-0.0006934,0
5462.01,79971247,PC,3.5533716,0.0002736,-0.0002736,0
5463.01,437786834,PC,1.1008040,0.0000830,-0.0000830,0
5464.01,171646471,PC,1.1606902,0.0000291,-0.0000291,0
5465.01,87827371,APC,4.3983492,0.0002943,-0.0002943,0
5466.01,45368525,PC,2.8066134,0.0000940,-0.0000940,0
5467.01,83275782,CP,2.6570006,0.0001021,-0.0001021,0
5468.01,172222885,PC,20.9233666,0.0000909,-0.0000909,0
5469.01,302419660,PC,29.3312035,0.0006074,-0.0006074,0
547.01,36352297,KP,1.5089635,0.0000089,-0.0000089,0
5470.01,367267217,APC,1.4504910,0.0000736,-0.0000736,0
5471.01,47132361,PC,4.9017215,0.0005949,-0.0005949,0
5472.01,76798849,PC,2.2703829,0.0000666,-0.0000666,0
5473.01,81808065,PC,7.5554044,0.0004665,-0.0004665,0
5474.01,97669493,PC,8.4332312,0.0013029,-0.0013029,0
5475.01,78601408,APC,10.0532043,0.0007380,-0.0007380,0
5476.01,353361266,PC,10.3413829,0.0011433,-0.0011433,0
5477.01,127229631,PC,5.8936518,0.0000194,-0.0000194,0
5478.01,95122849,APC,8.3026667,0.0000295,-0.0000295,0
5478.02,95122849,FP,10.1197017,0.0001520,-0.0001520,0
5479.01,67444896,PC,15.1306782,0.0000933,-0.0000933,0
548.01,42821097,KP,3.8971203,0.0000189,-0.0000189,0
5480.01,46307587,PC,3.6079916,0.0000022,-0.0000022,0
5481.01,69295263,PC,3.9315754,0.0000229,-0.0000229,0
5482.01,459947163,PC,7.9923268,0.0000631,-0.0000631,0
5483.01,192982424,PC,3.7702854,0.0001804,-0.0001804,0
5484.01,443961200,APC,1.1282471,0.0000017,-0.0000017,0
5485.01,186815660,PC,2.5840753,0.0000404,-0.0000404,0
5486.01,291109653,PC,2.0247088,0.0000072,-0.0000072,0
5487.01,302305400,PC,4.6549271,0.0006011,-0.0006011,0
5488.01,281815702,PC,3.1910454,0.0002381,-0.0002381,0
5489.01,468983280,PC,3.1522131,0.0000101,-0.0000101,0
5489.02,468983280,PC,4.9212788,0.0000191,-0.0000191,0
549.01,32830028,FP,0.5162780,0.0000210,-0.0000210,0
5490.01,59575189,PC,2.5193047,0.0001216,-0.0001216,0
5491.01,247166992,PC,5.0280368,0.0005705,-0.0005705,0
5492.01,350024178,PC,2.9238483,0.0002297,-0.0002297,0
5493.01,468979441,PC,24.4383239,0.0001252,-0.0001252,0
5493.02,468979441,PC,9.4043652,0.0000862,-0.0000862,0
5493.03,468979441,PC,14.5643289,0.0001674,-0.0001674,0
5494.01,14440334,PC,2.0760349,0.0001085,-0.0001085,0
5495.01,380671216,PC,9.6569059,0.0002016,-0.0002016,0
5496.01,323658120,FP,43.8418559,0.0029343,-0.0029343,0
5497.01,270679144,PC,11.2120396,0.0000525,-0.0000525,0
5498.01,262736264,PC,18.2050594,0.0001791,-0.0001791,0
5499.01,386772576,PC,4.8038446,0.0001422,-0.0001422,0
550.01,311183180,FP,13.2498100,,,0
550.02,311183180,FP,10.0432450,0.0006100,-0.0006100,0
5500.01,62740096,PC,1.7530712,0.0000477,-0.0000477,0
5501.01,94823134,PC,24.1668040,0.0017333,-0.0017333,0
5502.01,126322519,PC,11.6260799,0.0001303,-0.0001303,0
5503.01,350044062,FP,5.9522831,0.0000058,-0.0000058,0
5504.01,95079513,PC,13.2414304,0.0017240,-0.0017240,0
5505.01,374350678,PC,11.1064221,0.0009356,-0.0009356,0
5506.01,385312460,PC,19.5862903,0.0001988,-0.0001988,0
5507.01,377097547,PC,1.5068165,0.0000110,-0.0000110,0
5508.01,406140233,PC,3.1816478,0.0004085,-0.0004085,0
5509.01,35285308,PC,5.7656076,0.0003122,-0.0003122,0
551.01,192826603,KP,2.6473051,0.0000030,-0.0000030,0
5510.01,26865340,PC,5.7380349,0.0001502,-0.0001502,0
5511.01,389040826,PC,4.7174703,0.0000066,-0.0000066,0
5512.01,366698929,PC,4.5589188,0.0006926,-0.0006926,0
5513.01,184869170,FP,7.7235903,0.0019813,-0.0019813,0
5514.01,63190194,PC,1.7459947,0.0001194,-0.0001194,0
5515.01,55275863,PC,8.5926333,0.0006845,-0.0006845,0
5516.01,70678449,PC,4.3776584,0.0013685,-0.0013685,0
5517.01,307951656,PC,4.5867288,0.0000369,-0.0000369,0
5518.01,386620582,APC,4.4699960,0.0000600,-0.0000600,0
5519.01,443582629,PC,5.8512587,0.0000395,-0.0000395,0
552.01,44737596,CP,2.7886540,0.0000031,-0.0000031,0
5520.01,374180079,KP,14.6980800,0.0000646,-0.0000646,0
5520.02,374180079,KP,19.4834833,0.0001792,-0.0001792,0
5521.01,396932137,PC,18.5146638,0.0000469,-0.0000469,0
5522.01,366409685,APC,1.3852161,0.0000058,-0.0000058,0
5523.01,443616612,PC,,,,0
5523.02,443616612,KP,3.4712803,0.0000203,-0.0000203,0
5524.01,277833995,KP,2.2979915,0.0000083,-0.0000083,0
5525.01,345450130,PC,2.7521595,0.0000132,-0.0000132,0
5526.01,335540507,PC,21.7300248,0.0001785,-0.0001785,0
5527.01,415399713,PC,346.1614828,0.0086293,-0.0086293,0
5528.01,458686847,KP,1.2916034,0.0000110,-0.0000110,0
5529.01,366411016,KP,8.8652886,0.0001884,-0.0001884,0
553.01,161477033,FA,14.0581510,0.0053920,-0.0053920,0
553.02,161477033,PC,11.9234819,0.0000605,-0.0000605,0
553.03,161477033,PC,40.8905117,0.0002186,-0.0002186,0
5530.01,244170332,PC,0.4774382,0.0000248,-0.0000248,0
5531.01,88114177,PC,4.5352255,0.0000398,-0.0000398,0
5532.01,318836983,PC,5.6539689,0.0000145,-0.0000145,0
5532.02,318836983,PC,2.3929801,0.0000124,-0.0000124,0
5533.01,155093420,PC,1.6098954,0.0000204,-0.0000204,0
5534.01,176868951,KP,0.3693057,0.0000077,-0.0000077,0
5535.01,411697517,KP,3.3863171,0.0000291,-0.0000291,0
5536.01,268143410,PC,3.1479748,0.0000096,-0.0000096,0
5537.01,17555760,PC,22.2897649,0.0001142,-0.0001142,0
5538.01,337648770,PC,23.8995950,0.0020783,-0.0020783,0
5539.01,178266267,PC,7.1123703,0.0000163,-0.0000163,0
554.01,407966340,CP,7.0491608,0.0000077,-0.0000077,0
554.02,407966340,CP,3.0440441,0.0000092,-0.0000092,0
5540.01,456305193,FP,1.0995742,0.0000007,-0.0000007,0
5541.01,231721006,PC,9.0182382,0.0000765,-0.0000765,0
5542.01,466206508,CP,75.1247037,0.0007741,-0.0007741,0
5543.01,17385917,PC,3.5424466,0.0000080,-0.0000080,0
5544.01,68893269,PC,4.2050741,0.0002386,-0.0002386,0
5545.01,301624989,PC,1.9613369,0.0002374,-0.0002374,0
5546.01,59744366,PC,9.8479326,0.0007167,-0.0007167,0
5547.01,63013648,PC,19.6304978,0.0006444,-0.0006444,0
5548.01,155012162,PC,18.9690014,0.0039587,-0.0039587,0
5549.01,6499453,PC,7.4323882,0.0007868,-0.0007868,0
555.01,170849515,CP,1.9416366,0.0000033,-0.0000033,0
5550.01,195187769,PC,13.9559590,0.0000532,-0.0000532,0
5551.01,387974148,PC,2.4054100,0.0002033,-0.0002033,0
5552.01,3224605,PC,28.6503407,0.0001081,-0.0001081,0
5553.01,218354669,PC,1.7617165,0.0001520,-0.0001520,0
5554.01,91287873,PC,26.6942790,0.0029534,-0.0029534,0
5555.01,388804061,KP,32.9373717,0.0035862,-0.0035862,0
5556.01,55315929,KP,0.7195712,0.0000530,-0.0000530,0
5557.01,323687123,CP,4.0179805,0.0000192,-0.0000192,0
5558.01,14570099,KP,26.1944549,0.0002736,-0.0002736,0
5559.01,456945304,KP,2.1408063,0.0000026,-0.0000026,0
556.01,59003115,FP,2.2941850,0.0009380,-0.0009380,0
5560.01,238606535,PC,702.4692270,0.0003135,-0.0003135,0
5561.01,330637910,PC,2.0074528,0.0000866,-0.0000866,0
5562.01,17307715,KP,13.8532745,0.0001208,-0.0001208,0
5563.01,239198720,PC,,,,0
5564.01,127505658,PC,760.0530038,0.0009007,-0.0009007,0
5564.02,127505658,PC,45.4964928,0.0038849,-0.0038849,0
5565.01,117892246,PC,3.2601896,0.0004792,-0.0004792,0
5566.01,73250068,PC,14.5814997,0.0001664,-0.0001664,0
5567.01,456335739,PC,13.6263600,0.0000748,-0.0000748,0
5568.01,142785421,PC,16.2601049,0.0000855,-0.0000855,0
5569.01,267484403,PC,5.4021326,0.0000273,-0.0000273,0
557.01,55488511,PC,3.3449040,0.0000173,-0.0000173,0
5570.01,302381442,PC,23.1678315,0.0001907,-0.0001907,0
5571.01,88565745,PC,731.4778512,0.0017942,-0.0017942,0
5572.01,9151337,PC,5.8586824,0.0000303,-0.0000303,0
5573.01,459762279,CP,8.7960328,0.0018184,-0.0018184,0
5574.01,268405086,FP,6.8242909,0.0001476,-0.0001476,0
5575.01,160162137,PC,32.0736228,0.0000010,-0.0000010,0
5576.01,137543637,FP,1.2833113,0.0000054,-0.0000054,0
5577.01,98833877,PC,0.3585580,0.0000007,-0.0000007,0
5578.01,154563411,PC,13.4659853,0.0001508,-0.0001508,0
5579.01,252928337,PC,19.8628449,0.0034783,-0.0034783,0
558.01,207110080,CP,14.5728985,0.0008190,-0.0008190,0
5580.01,366298702,PC,5.2782582,0.0000571,-0.0000571,0
5581.01,456306892,PC,33.5383044,0.0002283,-0.0002283,0
5582.01,392064198,PC,4.5112500,0.0000730,-0.0000730,0
5583.01,357244603,PC,3.0650073,0.0000514,-0.0000514,0
5584.01,29169215,PC,18.6300789,0.0001865,-0.0001865,0
5585.01,188389305,PC,1.8434549,0.0009500,-0.0009500,0
5586.01,160165689,PC,8.9165771,0.0001620,-0.0001620,0
5587.01,29069242,PC,3.7349773,0.0000207,-0.0000207,0
5588.01,141762491,PC,8.9109435,0.0000186,-0.0000186,0
5589.01,51094586,PC,5.6895053,0.0000242,-0.0000242,0
559.01,209459275,CP,6.9839072,0.0000061,-0.0000061,0
5590.01,9907513,PC,1.2749899,0.0000098,-0.0000098,0
5591.01,192969211,PC,12.8665269,0.0003526,-0.0003526,0
5592.01,88529975,PC,2.6085851,0.0000041,-0.0000041,0
5593.01,468433454,PC,4.7974601,0.0030862,-0.0030862,0
5594.01,53394475,PC,9.2271917,0.0000815,-0.0000815,0
5595.01,302908969,PC,5.9900508,0.0000323,-0.0000323,0
5596.01,203144354,APC,0.3642961,0.0000013,-0.0000013,0
5597.01,85284138,PC,1.9784368,0.0002556,-0.0002556,0
5598.01,237108775,PC,6.2948747,0.0000785,-0.0000785,0
5599.01,159160230,PC,5.4368408,0.0000471,-0.0000471,0
560.01,101011575,CP,6.3980642,0.0000065,-0.0000065,0
560.02,101011575,CP,18.8792871,0.0000590,-0.0000590,0
5600.01,287268770,PC,10.7173590,0.0000236,-0.0000236,0
5601.01,237097499,PC,9.5197732,0.0000793,-0.0000793,0
5602.01,101592219,PC,5.4853379,0.0000267,-0.0000267,0
5603.01,224293782,PC,0.5736183,0.0000017,-0.0000017,0
5604.01,237015185,PC,11.1801504,0.0000538,-0.0000538,0
5605.01,252469648,PC,5.9133875,0.0000563,-0.0000563,0
5606.01,171599496,PC,1.2369490,0.0000230,-0.0000230,0
5607.01,233070717,PC,3.2750907,0.0000061,-0.0000061,0
5608.01,229713401,PC,6.4424263,0.0000369,-0.0000369,0
5609.01,17122808,PC,4.0192510,0.0000180,-0.0000180,0
561.01,377064495,CP,10.7788330,0.0000289,-0.0000289,0
561.02,377064495,CP,0.4465713,0.0000006,-0.0000006,0
561.03,377064495,CP,25.7122157,0.0022761,-0.0022761,0
561.04,377064495,CP,,,,0
5610.01,252481136,PC,7.9454767,0.0028259,-0.0028259,0
5611.01,232624234,PC,11.3630224,0.0000599,-0.0000599,0
5611.02,232624234,PC,26.7159918,0.0003082,-0.0003082,0
5612.01,18021087,PC,7.1314563,0.0000473,-0.0000473,0
5613.01,165413340,PC,12.7829830,0.0022926,-0.0022926,0
5614.01,148960849,PC,4.1722020,0.0000372,-0.0000372,0
5615.01,235711993,PC,11.7672708,0.0000216,-0.0000216,0
5616.01,154220877,CP,2.0034478,0.0004688,-0.0004688,0
5617.01,9376973,PC,3.1542010,0.0000114,-0.0000114,0
5618.01,56999883,PC,3.5254325,0.0000212,-0.0000212,0
5619.01,224299081,PC,37.9984529,0.0001820,-0.0001820,0
562.01,413248763,CP,3.9306027,0.0000030,-0.0000030,0
5620.01,165414210,PC,3.2856588,0.0001590,-0.0001590,0
5621.01,219467837,FP,39.9753375,0.0002127,-0.0002127,0
5622.01,288162228,PC,3.0594206,0.0000244,-0.0000244,0
5623.01,420174131,PC,3.6636707,0.0000084,-0.0000084,0
5624.01,53498154,PC,13.7317565,0.0000833,-0.0000833,0
5624.02,53498154,PC,3.3903593,0.0000090,-0.0000090,0
5624.03,53498154,PC,7.8854383,0.0000342,-0.0000342,0
5624.04,53498154,PC,21.4904723,0.0001200,-0.0001200,0
5625.01,137020480,PC,3.4645195,0.0000740,-0.0000740,0
5626.01,376645976,PC,716.2159783,0.0000255,-0.0000255,0
5627.01,335813590,PC,7.5575607,0.0004126,-0.0004126,0
5628.01,135100529,PC,4.3415097,0.0003783,-0.0003783,0
5629.01,298437387,PC,2.2853731,0.0009511,-0.0009511,0
563.01,405454160,PC,731.9380939,0.0002033,-0.0002033,0
5630.01,316416562,PC,3.2220038,0.0000240,-0.0000240,0
5631.01,347430350,KP,2.2438471,0.0000396,-0.0000396,0
5632.01,420779000,KP,4.2342153,0.0003808,-0.0003808,0
5633.01,119131709,PC,17.2837172,0.0037790,-0.0037790,0
5634.01,119585136,CP,2.2054776,0.0007857,-0.0007857,0
5635.01,233173039,PC,25.0577354,0.0003264,-0.0003264,0
5636.01,105616091,PC,4.2744435,0.0000306,-0.0000306,0
5637.01,136992839,PC,17.7916498,0.0002092,-0.0002092,0
5638.01,154258295,PC,1.0034686,0.0000080,-0.0000080,0
5639.01,166054851,PC,3.3957241,0.0000270,-0.0000270,0
564.01,1003831,CP,1.6511456,0.0000023,-0.0000023,0
5640.01,373729723,FP,13.0518467,0.0000120,-0.0000120,0
5641.01,141202786,PC,2.1808015,0.0005446,-0.0005446,0
5642.01,160521907,PC,10.2682326,0.0000420,-0.0000420,0
5643.01,284592754,APC,17.1101127,0.0032404,-0.0032404,0
5644.01,441658213,APC,6.6402850,0.0000143,-0.0000143,0
5645.01,156377968,PC,4.5362433,0.0000512,-0.0000512,0
5646.01,366804698,PC,2.4277208,0.0000225,-0.0000225,0
5647.01,67743054,PC,4.0134273,0.0000074,-0.0000074,0
5648.01,23863106,FP,3.3078803,0.0006629,-0.0006629,0
5649.01,392319808,PC,4.7518771,0.0000243,-0.0000243,0
565.01,1103432,APC,3.7271641,0.0004188,-0.0004188,0
5650.01,353807936,PC,34.2825595,0.0002124,-0.0002124,0
5651.01,256326844,PC,10.6893108,0.0000843,-0.0000843,0
5652.01,232628532,PC,18.2598774,0.0001260,-0.0001260,0
5653.01,298729646,PC,7.4992916,0.0000653,-0.0000653,0
5654.01,233465389,PC,4.2528141,0.0000213,-0.0000213,0
5655.01,282940781,PC,29.1209860,0.0002411,-0.0002411,0
5656.01,458458156,PC,3.2487833,0.0000215,-0.0000215,0
5657.01,441736986,PC,0.8037513,0.0000009,-0.0000009,0
5658.01,119178132,PC,1.6064494,0.0003439,-0.0003439,0
5659.01,207491214,APC,6.2230846,0.0000100,-0.0000100,0
566.01,1133072,FP,0.8465420,0.0001790,-0.0001790,0
5660.01,311116297,PC,4.8183501,0.0008466,-0.0008466,0
5661.01,349312122,PC,2.8329023,0.0001264,-0.0001264,0
5662.01,422217860,PC,2.3144207,0.0000177,-0.0000177,0
5663.01,198161914,PC,45.0854117,0.0001884,-0.0001884,0
5664.01,158022899,PC,3.8863969,0.0000472,-0.0000472,0
5665.01,274223601,PC,2.2465076,0.0000093,-0.0000093,0
5666.01,235684964,PC,5.4683940,0.0000059,-0.0000059,0
5667.01,28242530,PC,19.5110640,0.0001082,-0.0001082,0
5668.01,357347296,PC,4.1753448,0.0000745,-0.0000745,0
5669.01,162577468,PC,3.6766510,0.0000103,-0.0000103,0
567.01,13349647,KP,1.5373643,0.0000006,-0.0000006,0
5670.01,860207014,PC,14.6168580,0.0064669,-0.0064669,0
5671.01,23863105,PC,3.3079817,0.0006559,-0.0006559,0
5672.01,461239485,KP,3.0390851,0.0002282,-0.0002282,0
5673.01,175772482,KP,2.8386215,0.0002981,-0.0002981,0
5674.01,368805700,KP,3.5771891,0.0002832,-0.0002832,0
5675.01,181949561,KP,4.0548695,0.0002204,-0.0002204,0
5676.01,311133118,KP,3.5061649,0.0000385,-0.0000385,0
5677.01,287959034,APC,3.8480185,0.0007964,-0.0007964,0
5678.01,209464063,CP,119.3355264,0.0067392,-0.0067392,0
5679.01,143257768,PC,1.6622263,0.0000044,-0.0000044,0
568.01,37575651,FP,9.5971977,0.0000552,-0.0000552,0
5680.01,368739874,CP,3.3575477,0.0024570,-0.0024570,0
5681.01,207439380,APC,1.1041295,0.0000025,-0.0000025,0
5682.01,17538423,PC,3.1159994,0.0000130,-0.0000130,0
5683.01,155949264,PC,0.7748443,0.0000556,-0.0000556,0
5684.01,32260988,PC,1.1000285,0.0001028,-0.0001028,0
5685.01,460396820,KP,2.3409909,0.0003188,-0.0003188,0
5686.01,255928426,PC,4.2366102,0.0000040,-0.0000040,0
5687.01,281100535,APC,2.9244390,0.0003786,-0.0003786,0
5688.01,193634953,CP,2.9479689,0.0002123,-0.0002123,0
5689.01,323250919,PC,3.3299795,0.0007241,-0.0007241,0
569.01,123482865,CP,6.5562078,0.0000147,-0.0000147,0
5690.01,115508409,PC,10.4995545,0.0000450,-0.0000450,0
5691.01,17652022,PC,3.3894889,0.0000184,-0.0000184,0
5692.01,37150278,PC,1.6929628,0.0005169,-0.0005169,0
5693.01,272519426,PC,2.8900249,0.0000011,-0.0000011,0
5694.01,23638678,APC,1.1544795,0.0002586,-0.0002586,0
5695.01,103865797,FP,2.2232698,0.0001590,-0.0001590,0
5696.01,393546540,PC,1637.2651040,0.0000010,-0.0000010,0
5696.02,393546540,PC,32.4297380,0.0000327,-0.0000327,0
5696.03,393546540,PC,,,,0
5697.01,416739490,PC,6.2183322,0.0000182,-0.0000182,0
5698.01,264052454,PC,2.3469310,0.0000013,-0.0000013,0
5699.01,224328450,PC,22.0183163,0.0001260,-0.0001260,0
570.01,126733133,FP,1.4687098,0.0000008,-0.0000008,0
5700.01,76193403,PC,1.7812778,0.0000230,-0.0000230,0
5701.01,43276438,PC,15.0764899,0.0001035,-0.0001035,0
5702.01,141985686,FA,3.1291319,0.0000382,-0.0000382,0
5703.01,10792081,PC,10.1694553,0.0000544,-0.0000544,0
5704.01,148673433,CP,3.7711066,0.0000119,-0.0000119,0
5705.01,165625229,PC,10.5998647,0.0000436,-0.0000436,0
5706.01,137843225,PC,0.3576555,0.0000480,-0.0000480,0
5707.01,441614965,PC,2.0364271,0.0000089,-0.0000089,0
5708.01,335813325,PC,2.6953698,0.0000497,-0.0000497,0
5709.01,286813592,PC,3.3810227,0.0000173,-0.0000173,0
571.01,270468559,KP,4.6418435,0.0000017,-0.0000017,0
5710.01,173002823,PC,28.4064643,0.0002972,-0.0002972,0
5711.01,441804533,PC,16.3036750,0.0000503,-0.0000503,0
5712.01,388898854,PC,8.2077264,0.0001515,-0.0001515,0
5713.01,219041246,CP,10.4419896,0.0000612,-0.0000612,0
5714.01,467158766,PC,7.7784947,0.0000253,-0.0000253,0
5715.01,147923561,PC,6.2822993,0.0000262,-0.0000262,0
5716.01,298074836,PC,6.7662729,0.0000265,-0.0000265,0
5717.01,53481079,PC,13.4787220,0.0000515,-0.0000515,0
5718.01,17932757,PC,716.8426894,0.0057527,-0.0057527,0
5719.01,4843495,PC,,,,0
572.01,289535142,APC,2.3382709,0.0001192,-0.0001192,0
5720.01,230055368,CP,1.4344602,0.0000154,-0.0000154,0
5721.01,85292615,PC,729.4823472,0.0114246,-0.0114246,0
5722.01,458481611,PC,61.3191144,0.0010068,-0.0010068,0
5723.01,235901733,PC,170.6465146,0.0011722,-0.0011722,0
5724.01,162631539,PC,697.4037698,0.0030393,-0.0030393,0
5725.01,1042432,PC,746.9545356,0.0036652,-0.0036652,0
5726.01,71582156,CP,5.4911302,0.0000130,-0.0000130,0
5727.01,357048995,PC,6.3928694,0.0000524,-0.0000524,0
5728.01,219875976,PC,11.4974559,0.0000842,-0.0000842,0
5729.01,103605399,PC,554.4989676,0.0010034,-0.0010034,0
573.01,296780789,APC,13.5773431,0.0000016,-0.0000016,0
5730.01,138820713,PC,1.9271225,0.0000128,-0.0000128,0
5731.01,188668950,PC,270.3038160,0.0075056,-0.0075056,0
5732.01,335952150,PC,60.1702823,0.0001716,-0.0001716,0
5733.01,224297408,PC,8.2751966,0.0000214,-0.0000214,0
5734.01,9989136,PC,6.1841688,0.0000095,-0.0000095,0
5735.01,157769780,PC,2.1208156,0.0000117,-0.0000117,0
5736.01,310380289,PC,0.6489868,0.0000164,-0.0000164,0
5737.01,229618478,PC,19.4480946,0.0000878,-0.0000878,0
5738.01,198162530,PC,0.7681250,0.0000092,-0.0000092,0
5738.02,198162530,PC,28.5462089,0.0001584,-0.0001584,0
5739.01,328934980,PC,8.4306162,0.0000639,-0.0000639,0
574.01,315002523,KP,3.3023907,0.0000072,-0.0000072,0
5740.01,230087765,PC,1.6894420,0.0000153,-0.0000153,0
5741.01,159851831,PC,24.0004143,0.0002399,-0.0002399,0
5742.01,258557847,FP,3.9658240,0.0000748,-0.0000748,0
5743.01,308300731,PC,7.6603722,0.0000045,-0.0000045,0
5744.01,157768969,PC,5.7488832,0.0000865,-0.0000865,0
5745.01,18016577,PC,,,,0
5746.01,318209162,FP,711.7642825,0.0000854,-0.0000854,0
5747.01,4918918,CP,0.5734766,0.0000137,-0.0000137,0
5748.01,407495930,PC,3.0269043,0.0000190,-0.0000190,0
5749.01,387329912,PC,5.4328364,0.0000229,-0.0000229,0
575.01,386435344,FP,19.3721051,0.0019470,-0.0019470,0
5750.01,310262516,PC,1.9044134,0.0001688,-0.0001688,0
5751.01,426144112,PC,1.7465205,0.0000049,-0.0000049,0
5752.01,349440621,PC,6.7113743,0.0000263,-0.0000263,0
5753.01,332365162,PC,7.4242482,0.0000567,-0.0000567,0
5754.01,135267558,PC,3.6479472,0.0000108,-0.0000108,0
5755.01,256584532,PC,5.4397285,0.0000232,-0.0000232,0
5756.01,72889156,APC,7.6408565,0.0007962,-0.0007962,0
5757.01,219506608,PC,32.6116713,0.0001436,-0.0001436,0
5758.01,82598822,PC,10.9299688,0.0000776,-0.0000776,0
5759.01,317594531,PC,8.3506150,0.0000362,-0.0000362,0
576.01,408310006,CP,5.4435354,0.0000030,-0.0000030,0
5760.01,255907107,PC,7.9242040,0.0000319,-0.0000319,0
5761.01,428703516,APC,19.5422056,0.0000813,-0.0000813,0
5762.01,257531677,PC,3.9460660,0.0000171,-0.0000171,0
5763.01,354832924,PC,6.9541458,0.0000426,-0.0000426,0
5764.01,150476057,PC,5.0859973,0.0000236,-0.0000236,0
5765.01,397763985,PC,3.8779743,0.0000544,-0.0000544,0
5766.01,353225230,APC,0.5721596,0.0000020,-0.0000020,0
5767.01,351652998,PC,4.0150730,0.0000114,-0.0000114,0
5768.01,470990157,PC,3.7749324,0.0000310,-0.0000310,0
5769.01,462715015,FP,1.7548863,0.0000115,-0.0000115,0
577.01,410094645,APC,3.3297540,0.0000040,-0.0000040,0
5770.01,23179035,PC,1.4529225,0.0000045,-0.0000045,0
5771.01,459836041,PC,6.6867154,0.0000507,-0.0000507,0
5772.01,313609787,PC,3.5023306,0.0000154,-0.0000154,0
5773.01,445795465,PC,2.7404478,0.0000082,-0.0000082,0
5774.01,9701368,PC,5.4049747,0.0000124,-0.0000124,0
5775.01,289666986,PC,2.4369467,0.0007590,-0.0007590,0
5776.01,310728245,PC,4.1816344,0.0000369,-0.0000369,0
5777.01,459189798,PC,6.9171675,0.0000421,-0.0000421,0
5778.01,264468702,PC,6.0962241,0.0000594,-0.0000594,0
5779.01,102846772,PC,10.2515829,0.0001084,-0.0001084,0
578.01,423275733,KP,2.0528684,0.0000031,-0.0000031,0
5780.01,43333094,PC,7.5358996,0.0000340,-0.0000340,0
5781.01,279920478,PC,5.3826500,0.0000686,-0.0000686,0
5782.01,158845573,PC,5.0048582,0.0000841,-0.0000841,0
5783.01,319684122,PC,5.4459647,0.0013925,-0.0013925,0
5784.01,302814895,FP,8.6800186,0.0001078,-0.0001078,0
5785.01,456367532,PC,3.0783215,0.0001326,-0.0001326,0
5786.01,40292751,CP,12.7791964,0.0000689,-0.0000689,0
5787.01,446616059,FP,3.1072375,0.0000438,-0.0000438,0
5788.01,42883782,PC,16.2134274,0.0001179,-0.0001179,0
5788.02,42883782,PC,6.3346129,0.0001121,-0.0001121,0
5789.01,87216634,CP,12.9256051,0.0023249,-0.0023249,0
579.01,238061845,PC,1.6843068,0.0000026,-0.0000026,0
5790.01,187333348,APC,2.1981511,0.0005184,-0.0005184,0
5791.01,110936761,FP,2.2906144,0.0008934,-0.0008934,0
5792.01,95423778,APC,0.7036041,0.0000480,-0.0000480,0
5793.01,398895470,KP,2.6940348,0.0000806,-0.0000806,0
5794.01,273874849,KP,1.4857148,0.0000069,-0.0000069,0
5795.01,151724385,CP,6.1406882,0.0005811,-0.0005811,0
5796.01,391958006,KP,1.7430143,0.0000438,-0.0000438,0
5797.01,374530847,KP,2.1521630,0.0000398,-0.0000398,0
5798.01,305243225,KP,1.2129139,0.0000097,-0.0000097,0
5799.01,328081248,CP,4.1645448,0.0007537,-0.0007537,0
580.01,81419525,PC,1.5498373,0.0000027,-0.0000027,0
5800.01,151759246,CP,2.6282606,0.0003502,-0.0003502,0
5801.01,243921117,KP,3.0678160,0.0000249,-0.0000249,0
5802.01,399402994,KP,2.7161298,0.0001805,-0.0001805,0
5803.01,466382581,CP,5.3829728,0.0000144,-0.0000144,0
5804.01,303055194,FP,1.7615631,0.0003172,-0.0003172,0
5805.01,378390325,PC,20.5676815,0.0001132,-0.0001132,0
5806.01,283621618,PC,3.1856488,0.0000391,-0.0000391,0
5807.01,188646744,PC,14.2423724,0.0000855,-0.0000855,0
5808.01,459735346,PC,7.1701672,0.0000341,-0.0000341,0
5809.01,283471501,PC,9.2103194,0.0000193,-0.0000193,0
581.01,180987952,FP,1.3891700,0.0000012,-0.0000012,0
5810.01,379824738,PC,5.6857105,0.0000101,-0.0000101,0
5811.01,331484419,PC,6.2565600,0.0000276,-0.0000276,0
5812.01,388909695,KP,10.1466193,0.0000150,-0.0000150,0
5812.02,388909695,KP,,,,0
5813.01,92439980,PC,27.0525472,0.0002080,-0.0002080,0
5814.01,427041513,PC,6.2543950,0.0000221,-0.0000221,0
5815.01,375942197,KP,3.8993831,0.0004311,-0.0004311,0
5816.01,194076601,PC,20.4282929,0.0001567,-0.0001567,0
5817.01,418604868,CP,15.6146058,0.0042941,-0.0042941,0
5818.01,283419843,KP,2.6052674,0.0002580,-0.0002580,0
5819.01,330218897,PC,3.4200073,0.0009200,-0.0009200,0
582.01,287474726,FP,3.7442007,0.0012046,-0.0012046,0
5820.01,459730973,KP,3.9156848,0.0004516,-0.0004516,0
5821.01,354619337,KP,2.1425095,0.0000009,-0.0000009,0
5822.01,466390120,KP,1.5487245,0.0000912,-0.0000912,0
5823.01,248853232,KP,3.8681492,0.0000393,-0.0000393,0
5824.01,272366748,KP,3.8555897,0.0000492,-0.0000492,0
5825.01,269243313,PC,9.7348295,0.0053758,-0.0053758,0
5826.01,48253329,PC,2.8140207,0.0004529,-0.0004529,0
5827.01,369062542,PC,5.0493049,0.0000311,-0.0000311,0
5828.01,351077390,PC,1.1951761,0.0000106,-0.0000106,0
5829.01,363029616,PC,1.3502386,0.0000087,-0.0000087,0
583.01,131743355,PC,6.5604227,0.0000022,-0.0000022,0
5830.01,224418572,FP,2.8465928,0.0000199,-0.0000199,0
5831.01,308504559,PC,3.7846792,0.0022298,-0.0022298,0
5832.01,287934343,PC,5.1357505,0.0000203,-0.0000203,0
5833.01,213875310,PC,2.6721807,0.0011599,-0.0011599,0
5834.01,281118572,PC,3.5242025,0.0004148,-0.0004148,0
5835.01,346859243,PC,6.4226101,0.0000404,-0.0000404,0
5836.01,354727907,PC,8.4498763,0.0000732,-0.0000732,0
5837.01,395143000,PC,2.9665122,0.0000198,-0.0000198,0
5838.01,222485202,PC,3.5982966,0.0002880,-0.0002880,0
5839.01,355732304,FP,2.5411063,0.0000202,-0.0000202,0
584.01,74482749,FP,1.2622658,0.0000023,-0.0000023,0
5840.01,68345291,PC,4.0064890,0.0000394,-0.0000394,0
5841.01,350882505,PC,4.2025514,0.0000499,-0.0000499,0
5842.01,23937608,PC,2.8091879,0.0000307,-0.0000307,0
5843.01,24113219,PC,4.1978660,0.0000414,-0.0000414,0
5844.01,230292034,PC,6.0671557,0.0000323,-0.0000323,0
5845.01,209935997,PC,1.9081122,0.0000247,-0.0000247,0
5846.01,75784122,PC,10.5353472,0.0000305,-0.0000305,0
5847.01,95574586,PC,2.5641981,0.0011269,-0.0011269,0
5848.01,808243,PC,1.5101054,0.0006067,-0.0006067,0
5849.01,71459120,PC,3.9964264,0.0008216,-0.0008216,0
585.01,190990336,APC,5.5472550,0.0000530,-0.0000530,0
5850.01,151728428,FP,3.9997367,0.0004463,-0.0004463,0
5851.01,277329402,PC,4.5049415,0.0013669,-0.0013669,0
5852.01,387844266,PC,3.9956793,0.0011510,-0.0011510,0
5853.01,278623780,PC,3.7219898,0.0000113,-0.0000113,0
5854.01,346154016,PC,4.4499140,0.0000107,-0.0000107,0
5855.01,41422753,FP,2.4710528,0.0000171,-0.0000171,0
5856.01,3680800,PC,0.5498864,0.0001996,-0.0001996,0
5857.01,336072306,PC,3.4150470,0.0000106,-0.0000106,0
5858.01,256046749,PC,7.1476512,0.0000791,-0.0000791,0
5859.01,114947483,PC,3.3787501,0.0000110,-0.0000110,0
586.01,131979339,FP,22.6384642,0.0001137,-0.0001137,0
5860.01,462372373,APC,5.2498931,0.0008530,-0.0008530,0
5861.01,11034516,PC,14.3033451,0.0000332,-0.0000332,0
5862.01,20988926,FP,5.3194765,0.0000286,-0.0000286,0
5863.01,345205395,PC,2.8492565,0.0003913,-0.0003913,0
5864.01,184531966,PC,10.4453589,0.0000765,-0.0000765,0
5865.01,383216635,PC,6.6314176,0.0037924,-0.0037924,0
5866.01,341297143,FP,3.8421028,0.0003158,-0.0003158,0
5867.01,380517859,FP,1.1094350,0.0002011,-0.0002011,0
5868.01,236158940,PC,2.6775730,0.0000180,-0.0000180,0
5869.01,210169818,PC,3.3879742,0.0009584,-0.0009584,0
587.01,294090620,FP,8.0442390,0.0000849,-0.0000849,0
5870.01,305375697,PC,,,,0
5871.01,373816781,PC,1.3436360,0.0000014,-0.0000014,0
5872.01,138671052,PC,2.2425137,0.0000083,-0.0000083,0
5873.01,353146308,PC,0.4131063,0.0000279,-0.0000279,0
5874.01,376454594,PC,2.5784481,0.0003127,-0.0003127,0
5875.01,283165117,PC,5.2165810,0.0022915,-0.0022915,0
5876.01,106114491,FP,9.7216312,0.0001240,-0.0001240,0
5877.01,282890159,PC,6.9100016,0.0000391,-0.0000391,0
5878.01,247172524,PC,3.4363074,0.0000045,-0.0000045,0
5879.01,258037656,PC,4.0331416,0.0002239,-0.0002239,0
588.01,130415266,PC,39.4718663,0.0000095,-0.0000095,0
5880.01,184521624,PC,3.1162505,0.0000177,-0.0000177,0
5881.01,360142739,PC,2.2377411,0.0000135,-0.0000135,0
5882.01,232941965,CP,7.1487697,0.0000807,-0.0000807,0
5883.01,283759999,APC,0.5223032,0.0000547,-0.0000547,0
5884.01,13574009,PC,5.8311038,0.0000140,-0.0000140,0
5885.01,233788275,PC,4.7264391,0.0000264,-0.0000264,0
5886.01,15682927,FP,0.9655766,0.0000024,-0.0000024,0
5887.01,277987172,FP,6.3989216,0.0000359,-0.0000359,0
5888.01,273780062,PC,15.2501659,0.0001178,-0.0001178,0
5889.01,383214426,PC,2.4013188,0.0001794,-0.0001794,0
589.01,412961700,FP,2.5183846,0.0000040,-0.0000040,0
5890.01,279179610,PC,5.9029732,0.0000349,-0.0000349,0
5891.01,202941251,PC,4.1784844,0.0000110,-0.0000110,0
5892.01,375199523,FP,1.9447712,0.0004041,-0.0004041,0
5893.01,321790238,PC,,,,0
5894.01,398038296,PC,3.0076713,0.0007027,-0.0007027,0
5895.01,243464977,APC,3.6491012,0.0000124,-0.0000124,0
5896.01,14956304,PC,0.9965843,0.0000146,-0.0000146,0
5897.01,305612552,PC,6.9349089,0.0009887,-0.0009887,0
5898.01,467211520,PC,9.7884653,0.0000562,-0.0000562,0
5899.01,126171392,FP,0.7835688,0.0000024,-0.0000024,0
590.01,270841724,FP,18.9037200,0.0008100,-0.0008100,0
5900.01,224635135,PC,2.4667486,0.0000111,-0.0000111,0
5901.01,294173437,FP,5.5559050,0.0000362,-0.0000362,0
5902.01,65737977,PC,4.8292589,0.0000158,-0.0000158,0
5903.01,60542708,PC,2.4707357,0.0005616,-0.0005616,0
5904.01,408317165,PC,5.6567374,0.0029378,-0.0029378,0
5905.01,341299943,PC,3.0233509,0.0002749,-0.0002749,0
5906.01,276376289,APC,30.1181254,0.0018698,-0.0018698,0
5907.01,387318486,PC,0.6583175,0.0000797,-0.0000797,0
5908.01,452483795,FP,2.4515393,0.0000125,-0.0000125,0
5909.01,354489554,PC,4.7729363,0.0020072,-0.0020072,0
591.01,146261607,FP,8.4915117,0.0000033,-0.0000033,0
5910.01,273774284,FP,17.2182695,0.0004637,-0.0004637,0
5911.01,239361732,PC,4.0098230,0.0000117,-0.0000117,0
5912.01,16538820,PC,6.9038328,0.0009844,-0.0009844,0
5913.01,289313987,APC,10.1522322,0.0014062,-0.0014062,0
5914.01,187416256,PC,4.3887257,0.0009467,-0.0009467,0
5915.01,329709756,FP,12.5482879,0.0012589,-0.0012589,0
5916.01,305506996,CP,2.3682389,0.0006554,-0.0006554,0
5917.01,239529652,PC,4.0387941,0.0000222,-0.0000222,0
5918.01,305790119,PC,2.0353259,0.0002942,-0.0002942,0
5919.01,165948070,PC,4.3686174,0.0000268,-0.0000268,0
592.01,196286587,FP,10.4137962,0.0000237,-0.0000237,0
5920.01,467006627,FP,15.4159906,0.0043856,-0.0043856,0
5921.01,286545058,PC,5.0114216,0.0035527,-0.0035527,0
5922.01,364192929,PC,5.2079858,0.0030699,-0.0030699,0
5923.01,60491424,PC,4.0252588,0.0010445,-0.0010445,0
5924.01,289125016,FP,6.2043746,0.0019373,-0.0019373,0
5925.01,345193111,PC,6.1606297,0.0008487,-0.0008487,0
5926.01,372831381,PC,3.8116176,0.0005676,-0.0005676,0
5927.01,163164300,PC,3.7306955,0.0000189,-0.0000189,0
5928.01,387318409,PC,3.2465650,0.0006776,-0.0006776,0
5929.01,92217989,PC,4.6079976,0.0007923,-0.0007923,0
593.01,128463355,FP,13.9086000,,,0
5930.01,88266880,PC,3.7984372,0.0004825,-0.0004825,0
5931.01,24833662,PC,4.2447791,0.0010879,-0.0010879,0
5932.01,405122173,PC,3.1003012,0.0008606,-0.0008606,0
5933.01,322593401,PC,5.5901313,0.0000223,-0.0000223,0
5934.01,407958640,PC,2.5505105,0.0002380,-0.0002380,0
5935.01,276704866,PC,3.0200448,0.0000048,-0.0000048,0
5936.01,396378209,APC,0.3781425,0.0000395,-0.0000395,0
5937.01,158552665,PC,21.0685273,0.0001195,-0.0001195,0
5938.01,452508760,PC,2.2604310,0.0000131,-0.0000131,0
5939.01,27230283,PC,6.1304900,0.0000342,-0.0000342,0
594.01,146406806,PC,13.9492617,0.0000437,-0.0000437,0
5940.01,296898634,FP,2.8534013,0.0007630,-0.0007630,0
5941.01,303456821,PC,11.0771916,0.0001130,-0.0001130,0
5942.01,166190643,FP,1.6540803,0.0000064,-0.0000064,0
5943.01,63659057,PC,15.7866044,0.0001787,-0.0001787,0
5944.01,88101924,PC,5.9404096,0.0007847,-0.0007847,0
5945.01,159104028,PC,3.3825012,0.0000198,-0.0000198,0
5946.01,366846982,PC,5.7548790,0.0000761,-0.0000761,0
5947.01,331691841,PC,6.9341584,0.0021504,-0.0021504,0
5948.01,419878932,APC,7.9058861,0.0019283,-0.0019283,0
5949.01,64282927,PC,1.8826035,0.0000049,-0.0000049,0
5949.02,64282927,PC,3.3751374,0.0000301,-0.0000301,0
595.01,287329267,FP,7.6434800,0.0000600,-0.0000600,0
5950.01,258738667,PC,6.4389303,0.0000203,-0.0000203,0
5951.01,154762431,PC,3.1728284,0.0000366,-0.0000366,0
5952.01,287643871,PC,45.7138545,0.0000392,-0.0000392,0
5953.01,27863043,PC,7.4924561,0.0000932,-0.0000932,0
5954.01,297153209,FP,10.7004569,0.0000139,-0.0000139,0
5955.01,434116397,PC,0.5902387,0.0000835,-0.0000835,0
5956.01,236785891,PC,0.9292334,0.0000812,-0.0000812,0
5957.01,407653728,PC,3.2520192,0.0000084,-0.0000084,0
5958.01,436764867,PC,2.3062125,0.0004932,-0.0004932,0
5959.01,199671901,KP,4.4571444,0.0003346,-0.0003346,0
596.01,144956678,FP,1.5136003,0.0002192,-0.0002192,0
5960.01,188876052,KP,3.0763290,0.0000540,-0.0000540,0
5961.01,262689575,PC,1.6174870,0.0000076,-0.0000076,0
5962.01,239541449,FP,1.9261183,0.0000956,-0.0000956,0
5963.01,436478932,KP,4.3226229,0.0001147,-0.0001147,0
5964.01,200606159,PC,3.9816471,0.0000084,-0.0000084,0
5965.01,405788729,PC,4.2254748,0.0003532,-0.0003532,0
5966.01,404610583,FP,3.5381039,0.0000898,-0.0000898,0
5967.01,369532319,PC,15.3435850,0.0000670,-0.0000670,0
5968.01,431810418,PC,753.8223320,0.0002155,-0.0002155,0
5968.02,431810418,PC,9.2152386,0.0000742,-0.0000742,0
5969.01,91051152,KP,7.9192605,0.0003439,-0.0003439,0
597.01,146208651,FP,6.5197781,0.0000120,-0.0000120,0
5970.01,431701493,KP,3.0927432,0.0000573,-0.0000573,0
5971.01,160432093,PC,3.9914012,0.0001805,-0.0001805,0
5972.01,420814525,KP,3.5247546,0.0000034,-0.0000034,0
5973.01,154353849,PC,3.1643744,0.0000104,-0.0000104,0
5974.01,354173595,PC,1.7266943,0.0000071,-0.0000071,0
5975.01,376847633,PC,373.0381637,0.0010284,-0.0010284,0
5976.01,348054109,FP,0.4378024,0.0000074,-0.0000074,0
5977.01,12938488,APC,0.4317124,0.0000074,-0.0000074,0
5978.01,266023807,PC,0.7394818,0.0000121,-0.0000121,0
5979.01,137151335,KP,4.7267257,0.0000312,-0.0000312,0
598.01,81429971,FP,3.0432421,0.0000096,-0.0000096,0
5980.01,164652245,KP,79.5839995,0.0004454,-0.0004454,0
5981.01,120045750,PC,7.0142458,0.0000812,-0.0000812,0
5982.01,299087490,KP,38.4787613,0.0032336,-0.0032336,0
5983.01,356871098,PC,1.0271879,0.0000075,-0.0000075,0
5984.01,120692092,KP,3.4130781,0.0000483,-0.0000483,0
5985.01,272782368,PC,2.4157665,0.0000171,-0.0000171,0
5986.01,158657354,KP,38.5835889,0.0011335,-0.0011335,0
5987.01,284900292,PC,48.7130843,0.0004898,-0.0004898,0
5988.01,377780790,KP,0.8374997,0.0000073,-0.0000073,0
5989.01,154437244,PC,6.8669657,0.0001651,-0.0001651,0
599.01,145982812,FP,0.8296700,0.0002100,-0.0002100,0
5990.01,29385858,PC,700.9622566,0.0004985,-0.0004985,0
5991.01,230064711,PC,7.0893162,0.0000455,-0.0000455,0
5992.01,159054620,KP,8.0276821,0.0001360,-0.0001360,0
5993.01,27534138,KP,28.5410557,0.0025468,-0.0025468,0
5994.01,63283780,KP,7.9726644,0.0000891,-0.0000891,0
5995.01,352011875,KP,6.2468813,0.0000945,-0.0000945,0
5996.01,293880523,PC,109.0502946,0.0027849,-0.0027849,0
5997.01,39516274,PC,5.6550180,0.0000268,-0.0000268,0
5998.01,370907864,PC,9.3380252,0.0001244,-0.0001244,0
5999.01,120317234,KP,6.8834027,0.0000307,-0.0000307,0
600.01,134396419,FP,4.3652608,0.0000143,-0.0000143,0
6000.01,259233660,CP,0.4489589,0.0000111,-0.0000111,0
6001.01,139104940,KP,3.0039010,0.0000842,-0.0000842,0
6002.01,102734241,CP,10.9048392,0.0000488,-0.0000488,0
6003.01,121731834,KP,5.8599392,0.0000446,-0.0000446,0
6004.01,48353358,KP,9.8786838,0.0000318,-0.0000318,0
6005.01,123357864,KP,16.1455898,0.0002789,-0.0002789,0
6006.01,123309556,KP,2.5080815,0.0000155,-0.0000155,0
6007.01,279922257,PC,949.7905952,0.0053686,-0.0053686,0
6008.01,286201103,CP,0.8573727,0.0000140,-0.0000140,0
6009.01,128558444,PC,1.5500607,0.0000017,-0.0000017,0
601.01,141363913,PC,3.4777560,0.0000145,-0.0000145,0
6010.01,199949052,PC,0.5868508,0.0000005,-0.0000005,0
6011.01,414019147,PC,2.3179699,0.0000030,-0.0000030,0
6012.01,432280671,PC,16.2117629,0.0022782,-0.0022782,0
6013.01,53728859,KP,3.2573898,0.0001483,-0.0001483,0
6014.01,57984377,KP,2.5199146,0.0000652,-0.0000652,0
6015.01,288246496,KP,4.3048290,0.0002567,-0.0002567,0
6016.01,327369524,CP,4.0236805,0.0000037,-0.0000037,0
6017.01,291751373,KP,2.5079177,0.0002607,-0.0002607,0
6018.01,67881560,PC,2.3322524,0.0004742,-0.0004742,0
6019.01,125520907,PC,14.5478626,0.0000473,-0.0000473,0
602.01,175176327,APC,11.0998745,0.0000234,-0.0000234,0
6020.01,334597566,FP,9.1099373,0.0000272,-0.0000272,0
6021.01,291685334,KP,2.0319883,0.0000939,-0.0000939,0
6022.01,455947620,PC,1.9281092,0.0000009,-0.0000009,0
6022.02,455947620,PC,1.5454492,0.0000127,-0.0000127,0
6023.01,341444900,FP,9.0330414,0.0001392,-0.0001392,0
6024.01,56231866,FP,2.7218347,0.0000135,-0.0000135,0
6025.01,439942982,PC,1.0222806,0.0000152,-0.0000152,0
6026.01,396234347,PC,1.2757761,0.0000376,-0.0000376,0
6027.01,368678195,PC,2.8406462,0.0002049,-0.0002049,0
6028.01,250707118,KP,5.7238582,0.0003119,-0.0003119,0
6029.01,419523962,CP,5.7998626,0.0000433,-0.0000433,0
603.01,262746281,CP,16.1798603,0.0000461,-0.0000461,0
6030.01,245392284,KP,1.7442831,0.0002034,-0.0002034,0
6031.01,292152376,KP,2.1499907,0.0000198,-0.0000198,0
6032.01,285466025,PC,7.3723906,0.0019647,-0.0019647,0
6033.01,67711670,PC,18.0401494,0.0016943,-0.0016943,0
6034.01,388076422,CP,2.5761796,0.0000261,-0.0000261,0
6035.01,323194443,PC,3.9074188,0.0001937,-0.0001937,0
6036.01,129756316,APC,6.5234669,0.0000030,-0.0000030,0
6037.01,352924930,FP,4.0158188,0.0000834,-0.0000834,0
6038.01,194736418,CP,5.8267310,0.0000192,-0.0000192,0
6039.01,272050287,FP,8.5036140,0.0000167,-0.0000167,0
604.01,145027461,FP,1.0724200,0.0001300,-0.0001300,0
6040.01,250839071,PC,3.4926045,0.0000023,-0.0000023,0
6041.01,192415680,PC,1094.0621670,0.0000425,-0.0000425,0
6042.01,374919956,PC,7.7966237,0.0019950,-0.0019950,0
6043.01,453064665,KP,2.6452121,0.0001519,-0.0001519,0
6044.01,356916207,PC,2.2538642,0.0006143,-0.0006143,0
6045.01,467649533,PC,7.4826325,0.0010631,-0.0010631,0
6046.01,66296167,PC,3.4137020,0.0004531,-0.0004531,0
6047.01,115451738,PC,2.0814345,0.0000248,-0.0000248,0
6048.01,280024247,PC,5.4928246,0.0018001,-0.0018001,0
6049.01,353459965,KP,10.8614911,0.0012754,-0.0012754,0
605.01,181304295,PC,3.3840629,0.0000030,-0.0000030,0
6050.01,339207264,PC,5.4823596,0.0004409,-0.0004409,0
6051.01,353960022,PC,3.9200919,0.0005415,-0.0005415,0
6052.01,9443323,KP,4.0135700,0.0005642,-0.0005642,0
6053.01,66091052,APC,2.2118281,0.0002114,-0.0002114,0
6054.01,392681545,CP,7.4903271,0.0026372,-0.0026372,0
6054.02,392681545,CP,12.5759948,0.0067453,-0.0067453,0
6055.01,355640518,PC,0.8497194,0.0000306,-0.0000306,0
6056.01,102808276,PC,3.1420495,0.0008244,-0.0008244,0
6057.01,104734832,PC,10.3274380,0.0020152,-0.0020152,0
6058.01,144006874,PC,2.3673691,0.0000048,-0.0000048,0
6059.01,321578632,PC,6.3667329,0.0000340,-0.0000340,0
606.01,122262940,FP,2.0034063,0.0000021,-0.0000021,0
6060.01,428867906,PC,3.3906311,0.0000259,-0.0000259,0
6061.01,239823606,PC,8.1309123,0.0001656,-0.0001656,0
6062.01,122629761,PC,8.2125318,0.0000314,-0.0000314,0
6063.01,67031480,PC,2.1142179,0.0000114,-0.0000114,0
6064.01,428767018,PC,15.3058859,0.0001475,-0.0001475,0
6065.01,172033454,PC,8.2065998,0.0002007,-0.0002007,0
6066.01,219697927,PC,1.8330979,0.0000167,-0.0000167,0
6067.01,198458010,PC,87.2129046,0.0008871,-0.0008871,0
6068.01,400093502,PC,10.6683900,0.0000583,-0.0000583,0
6069.01,259099556,FA,1.6290926,0.0008053,-0.0008053,0
607.01,153651591,FP,2.1456324,0.0003025,-0.0003025,0
6070.01,29106627,PC,9.5128916,0.0001418,-0.0001418,0
6071.01,440624788,PC,5.3664457,0.0009254,-0.0009254,0
6072.01,147797743,KP,3.6915590,0.0000815,-0.0000815,0
6073.01,271424111,KP,3.2687063,0.0000544,-0.0000544,0
6074.01,99896567,PC,12.1324506,0.0000621,-0.0000621,0
6075.01,424388628,PC,832.9236254,0.0024343,-0.0024343,0
6076.01,308301091,PC,720.5742399,0.0040406,-0.0040406,0
6077.01,196066560,PC,2.2111104,0.0000116,-0.0000116,0
6078.01,119973835,PC,9.6703611,0.0000627,-0.0000627,0
6078.02,119973835,PC,25.0882806,0.0003733,-0.0003733,0
6079.01,272670038,PC,104.2892798,0.0008161,-0.0008161,0
608.01,186547153,APC,1.1908287,0.0000017,-0.0000017,0
6080.01,116048097,PC,8.0555716,0.0001088,-0.0001088,0
6081.01,271431851,KP,7.8864218,0.0002440,-0.0002440,0
6082.01,199712572,PC,3.5941651,0.0000159,-0.0000159,0
6083.01,299089652,KP,,,,0
6084.01,294283951,FP,4.3724063,0.0000469,-0.0000469,0
6085.01,160223936,PC,,,,0
6086.01,18318288,CP,1.3888584,0.0000138,-0.0000138,0
6087.01,48448369,KP,,,,0
6088.01,122375047,KP,9.2866733,0.0001811,-0.0001811,0
6089.01,350814622,KP,3.2135636,0.0000419,-0.0000419,0
609.01,134404603,APC,4.9699991,0.0000026,-0.0000026,0
6090.01,268159158,KP,4.7082414,0.0000495,-0.0000495,0
6091.01,336255880,PC,5.1855507,0.0000495,-0.0000495,0
6092.01,339591840,FP,,,,0
6093.01,97165413,PC,1.2710408,0.0000012,-0.0000012,0
6094.01,35883621,FP,3.0519843,0.0000251,-0.0000251,0
6095.01,157081737,PC,2.1613171,0.0000061,-0.0000061,0
6096.01,262781201,FP,1.3154261,0.0000051,-0.0000051,0
6097.01,293743169,PC,1.1256838,0.0000013,-0.0000013,0
6098.01,269341832,PC,2.7297541,0.0000045,-0.0000045,0
6099.01,118914286,PC,5.2887576,0.0000219,-0.0000219,0
610.01,80275202,FP,3.6649528,0.0000092,-0.0000092,0
6100.01,170434745,PC,1.2280156,0.0002322,-0.0002322,0
6101.01,19342878,CP,1.3328252,0.0000138,-0.0000138,0
6102.01,55849732,PC,5.3708293,0.0000298,-0.0000298,0
6103.01,92590258,PC,3.2422424,0.0002888,-0.0002888,0
6104.01,265010875,PC,6.4095555,0.0011079,-0.0011079,0
6105.01,182405015,PC,3.1122458,0.0000289,-0.0000289,0
6106.01,258234731,APC,6.4240944,0.0003886,-0.0003886,0
6107.01,152245179,PC,3.7899018,0.0004235,-0.0004235,0
6108.01,255780160,PC,3.8783341,0.0014781,-0.0014781,0
6109.01,384984325,CP,8.5386633,0.0000303,-0.0000303,0
6109.02,384984325,CP,5.6952223,0.0005344,-0.0005344,0
611.01,154459165,FP,3.1471655,0.0000114,-0.0000114,0
6110.01,7439480,PC,1.2541235,0.0000017,-0.0000017,0
6111.01,189322727,APC,5.8340292,0.0000112,-0.0000112,0
6112.01,258741560,PC,1.8859353,0.0003069,-0.0003069,0
6113.01,116631353,PC,4.9218915,0.0000307,-0.0000307,0
6114.01,419840740,PC,8.9539287,0.0005615,-0.0005615,0
6115.01,120115768,PC,3.5529033,0.0000065,-0.0000065,0
6116.01,364408162,FP,3.1256662,0.0000070,-0.0000070,0
6117.01,436508469,PC,9.8663120,0.0021019,-0.0021019,0
6118.01,125367522,PC,4.6474314,0.0000289,-0.0000289,0
6119.01,322498101,PC,4.2070367,0.0000155,-0.0000155,0
612.01,284738182,PC,0.9136081,0.0000011,-0.0000011,0
6120.01,435851868,PC,2.1350899,0.0000746,-0.0000746,0
6121.01,165682741,PC,4.2916798,0.0000061,-0.0000061,0
6122.01,352442207,PC,4.6107024,0.0000081,-0.0000081,0
6123.01,91101364,PC,4.0833335,0.0006490,-0.0006490,0
6124.01,269488987,PC,2.8474853,0.0000019,-0.0000019,0
6125.01,404516402,PC,2.3107907,0.0001295,-0.0001295,0
6126.01,129004637,PC,7.1603723,0.0009977,-0.0009977,0
6127.01,313975346,PC,6.9191027,0.0000500,-0.0000500,0
6128.01,100769500,PC,4.5016419,0.0015591,-0.0015591,0
6129.01,115739057,PC,5.0310168,0.0000081,-0.0000081,0
613.01,77527511,PC,0.7784962,0.0000007,-0.0000007,0
6130.01,210083929,CP,2.3927114,0.0001274,-0.0001274,0
6131.01,357872559,PC,2.5530138,0.0000067,-0.0000067,0
6132.01,188800346,PC,18.8155978,0.0001712,-0.0001712,0
6133.01,129107501,FP,3.6534344,0.0002853,-0.0002853,0
6134.01,199721945,PC,4.6792090,0.0014687,-0.0014687,0
6135.01,100909102,PC,3.1106751,0.0002699,-0.0002699,0
6136.01,468692991,PC,3.9779111,0.0004509,-0.0004509,0
6137.01,44295981,PC,0.5204030,0.0000009,-0.0000009,0
6138.01,352892371,PC,9.7824078,0.0000555,-0.0000555,0
6139.01,468765355,PC,10.3299557,0.0001189,-0.0001189,0
614.01,118021229,FP,0.8850100,0.0002100,-0.0002100,0
6140.01,456783397,PC,3.4742682,0.0008561,-0.0008561,0
6141.01,217980791,PC,2.6607389,0.0002093,-0.0002093,0
6142.01,129108133,PC,4.9564809,0.0000213,-0.0000213,0
6143.01,423903685,FP,4.0938735,0.0007306,-0.0007306,0
6144.01,115683877,PC,6.3765906,0.0000597,-0.0000597,0
6145.01,404488903,PC,3.9921399,0.0025507,-0.0025507,0
6146.01,372178596,PC,4.5803096,0.0000389,-0.0000389,0
6147.01,402740809,FA,1.5801759,0.0002246,-0.0002246,0
6148.01,371573539,PC,8.3753156,0.0011839,-0.0011839,0
6149.01,195606729,PC,13.3562254,0.0002341,-0.0002341,0
615.01,190496853,CP,4.6616079,0.0000055,-0.0000055,0
6150.01,434186655,PC,1.3094686,0.0001183,-0.0001183,0
6151.01,312289279,PC,1.4354814,0.0000077,-0.0000077,0
6152.01,117068362,FP,4.2005957,0.0000237,-0.0000237,0
6153.01,411343008,PC,3.6720231,0.0003722,-0.0003722,0
6154.01,301986302,PC,2.3019190,0.0001226,-0.0001226,0
6155.01,120051913,PC,1.6029811,0.0000018,-0.0000018,0
6156.01,117072799,APC,12.6885127,0.0008038,-0.0008038,0
6157.01,86005116,FP,0.4916402,0.0000228,-0.0000228,0
6158.01,404456775,CP,3.0444485,0.0006138,-0.0006138,0
6159.01,422037524,PC,4.1846077,0.0011180,-0.0011180,0
616.01,145879095,PC,2.8056739,0.0000016,-0.0000016,0
6160.01,294904059,PC,40.7401072,0.0000828,-0.0000828,0
6161.01,188001223,PC,5.7415661,0.0000309,-0.0000309,0
6162.01,164260243,PC,1.8478843,0.0000018,-0.0000018,0
6163.01,422457210,PC,9.9754699,0.0000446,-0.0000446,0
6164.01,239542854,PC,3.6948038,0.0003090,-0.0003090,0
6165.01,287863314,PC,4.3172876,0.0008850,-0.0008850,0
6166.01,190822775,PC,1.8021196,0.0000031,-0.0000031,0
6167.01,330665027,PC,6.7080688,0.0000440,-0.0000440,0
6168.01,10593553,PC,5.0809743,0.0004718,-0.0004718,0
6169.01,193979250,PC,17.9661374,0.0000798,-0.0000798,0
617.01,141227133,FP,2.4223200,0.0002200,-0.0002200,0
6170.01,51637609,CP,2.7096310,0.0002372,-0.0002372,0
6171.01,67478724,PC,3.7473877,0.0007698,-0.0007698,0
6172.01,26583436,FP,6.1429164,0.0000672,-0.0000672,0
6173.01,416486384,PC,3.8753785,0.0000231,-0.0000231,0
6174.01,164280385,PC,3.5257269,0.0000316,-0.0000316,0
6175.01,258738570,PC,4.1877227,0.0002476,-0.0002476,0
6176.01,298776943,PC,9.6422713,0.0007968,-0.0007968,0
6177.01,331456189,PC,3.8998900,0.0000087,-0.0000087,0
6178.01,314649737,PC,5.8878118,0.0000098,-0.0000098,0
6179.01,257056367,PC,19.2445211,0.0001141,-0.0001141,0
618.01,173640199,PC,7.7614672,0.0000100,-0.0000100,0
6180.01,452743735,PC,2.7432173,0.0001782,-0.0001782,0
6181.01,199162630,FP,2.7649802,0.0006825,-0.0006825,0
6182.01,97249514,PC,4.7783263,0.0028033,-0.0028033,0
6183.01,351864831,PC,8.7311119,0.0000502,-0.0000502,0
6184.01,257207557,PC,3.6153701,0.0001742,-0.0001742,0
6185.01,346077232,PC,6.3720834,0.0000302,-0.0000302,0
6186.01,345333936,FP,1.4252334,0.0000028,-0.0000028,0
6187.01,251894891,PC,5.5133822,0.0000442,-0.0000442,0
6188.01,469702377,PC,4.7061119,0.0000233,-0.0000233,0
6189.01,63844530,PC,5.5867425,0.0000128,-0.0000128,0
619.01,267527924,FP,1.8080364,0.0000039,-0.0000039,0
6190.01,440636649,PC,3.5595352,0.0000120,-0.0000120,0
6191.01,197743152,PC,3.7752321,0.0000069,-0.0000069,0
6192.01,194234471,PC,3.5630370,0.0000094,-0.0000094,0
6193.01,387933822,PC,2.8953095,0.0000096,-0.0000096,0
6194.01,176861415,PC,8.6738593,0.0009220,-0.0009220,0
6195.01,155258153,PC,3.1989808,0.0000069,-0.0000069,0
6196.01,330944099,PC,3.6119975,0.0000205,-0.0000205,0
6197.01,196261799,PC,3.7294859,0.0000088,-0.0000088,0
6198.01,202514659,PC,3.6166109,0.0005113,-0.0005113,0
6199.01,302201081,PC,3.8311803,0.0000281,-0.0000281,0
620.01,296739893,CP,5.0988038,0.0000044,-0.0000044,0
6200.01,44621795,PC,3.1923193,0.0000047,-0.0000047,0
6201.01,455727012,PC,2.9172231,0.0000033,-0.0000033,0
6202.01,422223456,PC,2.8979408,0.0000075,-0.0000075,0
6203.01,437756191,PC,25.1745344,0.0041613,-0.0041613,0
6204.01,325410269,PC,4.0673088,0.0000101,-0.0000101,0
6205.01,154351773,PC,3.9089363,0.0000163,-0.0000163,0
6206.01,154576989,PC,13.1471808,0.0000950,-0.0000950,0
6207.01,432422552,FP,9.7712443,0.0004497,-0.0004497,0
6208.01,326475995,PC,5.2266285,0.0000140,-0.0000140,0
6209.01,200606486,APC,0.7476930,0.0000020,-0.0000020,0
621.01,30828562,APC,3.1123343,0.0000010,-0.0000010,0
6210.01,326116570,APC,7.8580085,0.0000281,-0.0000281,0
6211.01,25758870,PC,10.3473602,0.0000563,-0.0000563,0
6212.01,173671381,PC,3.6444426,0.0000207,-0.0000207,0
6213.01,430751891,PC,2.3921761,0.0000157,-0.0000157,0
6214.01,314088020,PC,7.0346299,0.0000284,-0.0000284,0
6215.01,431114892,PC,2.0323202,0.0000040,-0.0000040,0
6216.01,428317266,PC,29.5406035,0.0000529,-0.0000529,0
6217.01,375116172,PC,3.0365848,0.0000154,-0.0000154,0
6218.01,202283090,PC,5.1570194,0.0002571,-0.0002571,0
6219.01,252585354,PC,2.4784193,0.0000101,-0.0000101,0
622.01,83092282,CP,6.4025295,0.0000014,-0.0000014,0
6220.01,325653071,PC,19.6518502,0.0027925,-0.0027925,0
6221.01,456910600,PC,9.8326403,0.0001150,-0.0001150,0
6222.01,150907983,PC,9.4321076,0.0022332,-0.0022332,0
6223.01,288144647,CP,3.8553342,0.0006445,-0.0006445,0
6224.01,66726479,PC,1.5554236,0.0000021,-0.0000021,0
6225.01,352147273,PC,8.5559650,0.0000289,-0.0000289,0
6226.01,176789447,PC,3.8857292,0.0000353,-0.0000353,0
6227.01,53874375,PC,3.0922512,0.0004608,-0.0004608,0
6228.01,66788350,PC,3.3338016,0.0000034,-0.0000034,0
6229.01,437736517,PC,4.6071277,0.0000115,-0.0000115,0
623.01,101395259,FP,7.5746750,0.0000044,-0.0000044,0
6230.01,252610172,PC,4.3518774,0.0000134,-0.0000134,0
6231.01,406783172,PC,24.8366994,0.0001507,-0.0001507,0
6232.01,202087931,PC,9.8538051,0.0000255,-0.0000255,0
6233.01,431660224,PC,3.7069545,0.0000057,-0.0000057,0
6234.01,202282233,PC,6.6283182,0.0000794,-0.0000794,0
6235.01,150902766,APC,7.8209807,0.0009544,-0.0009544,0
6236.01,405532603,APC,3.3045926,0.0002333,-0.0002333,0
6237.01,430431091,PC,4.1533998,0.0000367,-0.0000367,0
6238.01,125489084,PC,5.7419523,0.0000700,-0.0000700,0
6239.01,319294834,PC,6.0749198,0.0000228,-0.0000228,0
624.01,399870368,CP,2.7443216,0.0000017,-0.0000017,0
6240.01,249776059,PC,1.1797412,0.0000027,-0.0000027,0
6241.01,15654898,PC,3.7812464,0.0000165,-0.0000165,0
6242.01,437740083,FP,5.6020298,0.0000078,-0.0000078,0
6243.01,276250096,PC,3.5653226,0.0000145,-0.0000145,0
6244.01,431216437,APC,2.5553078,0.0000007,-0.0000007,0
6245.01,446157122,PC,3.2149937,0.0000104,-0.0000104,0
6246.01,388505345,PC,6.7786403,0.0001229,-0.0001229,0
6247.01,418301643,PC,24.0916240,0.0001294,-0.0001294,0
6248.01,154304816,PC,3.8528933,0.0002387,-0.0002387,0
6249.01,456260074,PC,1092.0022990,0.0025959,-0.0025959,0
6249.02,456260074,PC,15.5739143,0.0020792,-0.0020792,0
625.01,379929661,CP,4.7869580,0.0000056,-0.0000056,0
6250.01,455737331,PC,1076.6094165,0.0104024,-0.0104024,0
6251.01,52005579,CP,12.7614706,0.0000496,-0.0000496,0
6252.01,307734818,PC,2.1077445,0.0002807,-0.0002807,0
6253.01,287152495,PC,9.2347348,0.0000188,-0.0000188,0
6254.01,432758245,PC,1.5361137,0.0000116,-0.0000116,0
6255.01,261135533,CP,0.2381823,0.0000076,-0.0000076,0
6256.01,373017793,PC,7.9945503,0.0004736,-0.0004736,0
6257.01,237204346,PC,6.5452014,0.0000313,-0.0000313,0
6258.01,435878153,PC,0.5570869,0.0000253,-0.0000253,0
6259.01,294497466,PC,3.2376482,0.0000119,-0.0000119,0
626.01,65412605,CP,4.4010465,0.0000014,-0.0000014,0
6260.01,60984804,PC,2.3898191,0.0000402,-0.0000402,0
6261.01,181748381,PC,5.4920894,0.0000072,-0.0000072,0
6262.01,180575165,PC,1.4945947,0.0000389,-0.0000389,0
6263.01,293547742,PC,3.0178746,0.0000265,-0.0000265,0
6264.01,291471222,PC,5.6928845,0.0000516,-0.0000516,0
6265.01,344927749,PC,5.7935723,0.0000292,-0.0000292,0
6265.02,344927749,PC,4.1793325,0.0000450,-0.0000450,0
6266.01,193023697,PC,2.7895524,0.0000147,-0.0000147,0
6267.01,296737508,PC,733.9910938,0.0000563,-0.0000563,0
6268.01,434477274,PC,2.8959153,0.0003354,-0.0003354,0
6269.01,168281028,KP,4.3744614,0.0006375,-0.0006375,0
627.01,365781372,FP,1.1388900,0.0000600,-0.0000600,0
6270.01,192976435,PC,4.2275389,0.0002851,-0.0002851,0
6271.01,134528212,PC,1.6046070,0.0001162,-0.0001162,0
6272.01,33303538,APC,2.5141406,0.0003549,-0.0003549,0
6273.01,142211778,KP,3.0520570,0.0009409,-0.0009409,0
6274.01,465933345,PC,1.1109316,0.0000823,-0.0000823,0
6275.01,49043968,CP,6.2462252,0.0004217,-0.0004217,0
6276.01,397362481,CP,6.2031608,0.0004513,-0.0004513,0
6276.02,397362481,CP,4.4660680,0.0003148,-0.0003148,0
6276.03,397362481,PC,7.8708661,0.0007653,-0.0007653,0
6277.01,462206806,PC,3.3733921,0.0000647,-0.0000647,0
6278.01,157230659,KP,7.5337657,0.0021649,-0.0021649,0
6279.01,449951606,FP,5.1681189,0.0000304,-0.0000304,0
628.01,281408474,CP,3.4076000,0.0001400,-0.0001400,0
6280.01,370877263,FP,15.9865412,0.0000227,-0.0000227,0
6281.01,152569268,PC,1.0542548,0.0000029,-0.0000029,0
6282.01,370009806,PC,12.4751631,0.0000658,-0.0000658,0
6283.01,361218772,PC,51.6708185,0.0002900,-0.0002900,0
6284.01,286763141,PC,3.4475935,0.0000133,-0.0000133,0
6285.01,308778563,PC,6.8581311,0.0000127,-0.0000127,0
6286.01,354285962,FP,5.6289226,0.0001592,-0.0001592,0
6287.01,22712134,PC,1.6407580,0.0000058,-0.0000058,0
6288.01,240714633,PC,18.0370154,0.0031282,-0.0031282,0
6289.01,292469572,PC,3.7077543,0.0000079,-0.0000079,0
629.01,293853437,CP,8.7179665,0.0000123,-0.0000123,0
6290.01,256576519,PC,17.6037996,0.0001319,-0.0001319,0
6291.01,26390980,PC,5.2556421,0.0000394,-0.0000394,0
6292.01,238751619,PC,0.8236066,0.0000030,-0.0000030,0
6293.01,34977731,PC,13.3673993,0.0001442,-0.0001442,0
6293.02,34977731,FA,405.0756576,0.0033399,-0.0033399,0
6294.01,434813314,PC,9.2887040,0.0000184,-0.0000184,0
6295.01,456171328,PC,1106.2208340,0.0000010,-0.0000010,0
6296.01,373894336,PC,4.2234273,0.0011686,-0.0011686,0
6297.01,369907772,PC,4.2771464,0.0000130,-0.0000130,0
6298.01,285233023,FP,2.8577028,0.0000182,-0.0000182,0
6299.01,285505979,PC,4.7089027,0.0000054,-0.0000054,0
630.01,123898871,APC,4.9091704,0.0000153,-0.0000153,0
6300.01,271747067,PC,2.8976822,0.0000055,-0.0000055,0
6301.01,326809267,PC,7.1436336,0.0000379,-0.0000379,0
6302.01,177712122,PC,2.8465714,0.0000039,-0.0000039,0
6303.01,186810676,PC,9.4852479,0.0000207,-0.0000207,0
6304.01,186989177,PC,3.6453560,0.0000160,-0.0000160,0
6305.01,320505267,PC,6.6245939,0.0000383,-0.0000383,0
6306.01,445370101,PC,3.6622220,0.0000126,-0.0000126,0
6307.01,202869426,PC,2.4589458,0.0004520,-0.0004520,0
6308.01,301414902,PC,1.7555108,0.0000021,-0.0000021,0
6309.01,412887082,PC,28.8005547,0.0002269,-0.0002269,0
631.01,97158538,FP,2.5950747,0.0002046,-0.0002046,0
6310.01,353893493,PC,3.3528597,0.0000150,-0.0000150,0
6311.01,52260140,PC,6.2808216,0.0000223,-0.0000223,0
6312.01,470724594,PC,16.8498547,0.0000593,-0.0000593,0
6313.01,192487723,PC,4.9570983,0.0000618,-0.0000618,0
6314.01,272218608,PC,3.1777383,0.0000085,-0.0000085,0
6315.01,354742440,PC,4.4532909,0.0000157,-0.0000157,0
6316.01,444753130,PC,3.0057526,0.0000068,-0.0000068,0
6317.01,85281192,PC,4.2443350,0.0010835,-0.0010835,0
6318.01,292852583,PC,5.8310296,0.0000309,-0.0000309,0
6319.01,12980264,PC,3.2964006,0.0000046,-0.0000046,0
632.01,349790953,FP,1.5521101,0.0000007,-0.0000007,0
6320.01,196474344,PC,3.6360128,0.0000077,-0.0000077,0
6321.01,301991463,PC,2.9086778,0.0000073,-0.0000073,0
6322.01,270132709,PC,4.2807899,0.0000214,-0.0000214,0
6323.01,63586213,PC,4.0710960,0.0000095,-0.0000095,0
6324.01,372207328,CP,0.2792211,0.0000002,-0.0000002,0
6325.01,200775844,PC,3.7307609,0.0006146,-0.0006146,0
6326.01,307201632,PC,2.3556749,0.0000031,-0.0000031,0
6327.01,196973090,PC,10.4612769,0.0000269,-0.0000269,0
6328.01,249884767,PC,16.6722270,0.0035659,-0.0035659,0
6329.01,283845022,PC,15.2334037,0.0000567,-0.0000567,0
633.01,348755723,FP,4.5036450,0.0008690,-0.0008690,0
6330.01,308120029,PC,6.8498533,0.0007501,-0.0007501,0
6331.01,415875608,PC,5.4454541,0.0000293,-0.0000293,0
6332.01,101133275,PC,1.6630135,0.0000059,-0.0000059,0
6333.01,5724439,PC,2.7205913,0.0000161,-0.0000161,0
6334.01,63718617,PC,3.8363055,0.0000137,-0.0000137,0
6335.01,407156755,PC,4.7924038,0.0000324,-0.0000324,0
6336.01,327126871,PC,39.8105280,0.0003170,-0.0003170,0
6337.01,381591826,PC,6.8793455,0.0000210,-0.0000210,0
6338.01,186715217,APC,1.4491171,0.0001644,-0.0001644,0
6339.01,332496784,PC,2.5938771,0.0000175,-0.0000175,0
634.01,344926234,FA,0.4935900,0.0000720,-0.0000720,0
6340.01,376765646,PC,8.2686298,0.0000240,-0.0000240,0
6341.01,285328782,PC,2.7182588,0.0000036,-0.0000036,0
6342.01,184739529,PC,9.3568116,0.0000064,-0.0000064,0
6343.01,256349966,FP,14.5877856,0.0000490,-0.0000490,0
6344.01,327093061,PC,3.5297965,0.0000081,-0.0000081,0
6345.01,241062925,PC,6.2378654,0.0000267,-0.0000267,0
6346.01,260040728,PC,6.3111727,0.0000223,-0.0000223,0
6347.01,467690903,PC,3.9332583,0.0004889,-0.0004889,0
6348.01,321258259,PC,3.6894234,0.0000128,-0.0000128,0
6349.01,470450936,PC,2.7934699,0.0000132,-0.0000132,0
635.01,286132427,FA,0.4933790,0.0000770,-0.0000770,0
6350.01,266609407,PC,2.4766677,0.0000084,-0.0000084,0
6351.01,392674549,PC,6.7510278,0.0000283,-0.0000283,0
6352.01,459102737,APC,7.4562671,0.0000128,-0.0000128,0
6353.01,259810421,PC,2.5048108,0.0000073,-0.0000073,0
6354.01,355418639,PC,18.7541398,0.0000764,-0.0000764,0
6355.01,98613492,FP,1.0617107,0.0000019,-0.0000019,0
6356.01,9136777,PC,3.7799201,0.0000021,-0.0000021,0
6357.01,122881136,PC,5.1941869,0.0000240,-0.0000240,0
6358.01,259708416,PC,5.3802465,0.0000280,-0.0000280,0
6359.01,267617257,PC,2.4398136,0.0000118,-0.0000118,0
636.01,146463781,FP,0.4179210,0.0000790,-0.0000790,0
6360.01,458987621,PC,1.9765848,0.0000024,-0.0000024,0
6361.01,450308346,PC,5.9419732,0.0014453,-0.0014453,0
6362.01,148514918,PC,6.0602101,0.0000317,-0.0000317,0
6363.01,311284709,PC,6.5836940,0.0000139,-0.0000139,0
6364.01,407517154,PC,25.8866192,0.0000660,-0.0000660,0
6365.01,272994016,PC,3.0496565,0.0000158,-0.0000158,0
6366.01,279851358,APC,18.8934750,0.0001280,-0.0001280,0
6367.01,259502942,PC,2.1653281,0.0007860,-0.0007860,0
6368.01,274002141,FP,1.6197991,0.0000010,-0.0000010,0
6369.01,274472658,PC,13.2329062,0.0001712,-0.0001712,0
637.01,133334108,PC,2.8579169,0.0000124,-0.0000124,0
6370.01,251705938,PC,2.9124991,0.0000034,-0.0000034,0
6371.01,279725262,PC,1.8597817,0.0000015,-0.0000015,0
6372.01,115899725,PC,6.5587386,0.0000592,-0.0000592,0
6373.01,286951368,PC,4.9613647,0.0000164,-0.0000164,0
6374.01,468501184,PC,4.5944948,0.0000055,-0.0000055,0
6375.01,390410937,PC,3.0679061,0.0000068,-0.0000068,0
6376.01,9441591,PC,4.7185893,0.0000284,-0.0000284,0
6377.01,187532854,FP,1.6513066,0.0000040,-0.0000040,0
6378.01,251594291,PC,12.9589981,0.0000519,-0.0000519,0
6379.01,450308271,PC,1.5057127,0.0001029,-0.0001029,0
638.01,78154865,FA,0.4938260,0.0000550,-0.0000550,0
6380.01,458890024,PC,5.1404883,0.0000148,-0.0000148,0
6381.01,470653603,PC,8.9270275,0.0000253,-0.0000253,0
6382.01,367522211,PC,35.3712924,0.0002101,-0.0002101,0
6383.01,328513434,CP,1.7904917,0.0001515,-0.0001515,0
6384.01,16550540,PC,2.4810218,0.0007191,-0.0007191,0
6385.01,16552586,PC,2.8895991,0.0000062,-0.0000062,0
6386.01,138344895,PC,6.2663565,0.0000252,-0.0000252,0
6387.01,459982699,PC,1.1669652,0.0000016,-0.0000016,0
6388.01,16776356,PC,1.3940614,0.0002032,-0.0002032,0
6389.01,239159011,PC,15.8034785,0.0000775,-0.0000775,0
639.01,82362447,FP,2.8198170,0.0011650,-0.0011650,0
6390.01,318071201,PC,5.2434358,0.0000122,-0.0000122,0
6391.01,171922657,PC,5.0134500,0.0000264,-0.0000264,0
6392.01,88460991,PC,6.9603975,0.0000265,-0.0000265,0
6393.01,147821208,PC,9.5315703,0.0001152,-0.0001152,0
6394.01,309512152,PC,13.0269760,0.0000333,-0.0000333,0
6395.01,191998744,PC,2.8140328,0.0000164,-0.0000164,0
6396.01,73244652,FP,8.2100724,0.0000360,-0.0000360,0
6397.01,359629653,PC,1.6707289,0.0000013,-0.0000013,0
6398.01,353586703,FP,3.0043128,0.0000027,-0.0000027,0
6399.01,287207371,PC,12.6427441,0.0002642,-0.0002642,0
640.01,147977348,CP,5.0037758,0.0000030,-0.0000030,0
6400.01,88999533,PC,5.0358501,0.0000301,-0.0000301,0
6401.01,150470555,PC,3.0199448,0.0000063,-0.0000063,0
6402.01,265076459,PC,3.4053234,0.0000046,-0.0000046,0
6403.01,94405787,PC,742.6828090,0.0000011,-0.0000011,0
6404.01,141395223,PC,3.7442969,0.0000050,-0.0000050,0
6405.01,142908390,PC,6.7392054,0.0000087,-0.0000087,0
6406.01,31605271,PC,2.2314165,0.0000012,-0.0000012,0
6407.01,97925605,PC,8.9913818,0.0000319,-0.0000319,0
6408.01,452867348,PC,8.0924283,0.0030755,-0.0030755,0
6409.01,97279971,PC,1.5304279,0.0000010,-0.0000010,0
641.01,49079670,APC,1.8930707,0.0000044,-0.0000044,0
6410.01,142916753,PC,5.1491091,0.0000134,-0.0000134,0
6411.01,106829921,PC,8.2165446,0.0000810,-0.0000810,0
6412.01,176082442,PC,3.9802888,0.0000108,-0.0000108,0
6413.01,170466784,PC,10.8310228,0.0000226,-0.0000226,0
6414.01,169191182,PC,17.7607727,0.0000768,-0.0000768,0
6415.01,157050713,PC,20.8380576,0.0001144,-0.0001144,0
6416.01,106626059,PC,8.2330943,0.0000116,-0.0000116,0
6417.01,95191643,PC,3.3458255,0.0000060,-0.0000060,0
6418.01,36022284,PC,4.6478092,0.0000065,-0.0000065,0
6419.01,144037593,PC,4.1604540,0.0010498,-0.0010498,0
642.01,79292541,PC,2.2786049,0.0000030,-0.0000030,0
6420.01,143526233,PC,6.9615164,0.0000188,-0.0000188,0
6421.01,107617930,PC,3.7507780,0.0000080,-0.0000080,0
6422.01,140740440,PC,3.7521603,0.0000135,-0.0000135,0
6423.01,141458054,PC,1.3648290,0.0000030,-0.0000030,0
6424.01,98159959,PC,2.0396825,0.0000112,-0.0000112,0
6425.01,107776260,PC,12.1422411,0.0000403,-0.0000403,0
6426.01,142420436,PC,3.8801586,0.0000139,-0.0000139,0
6427.01,22972676,PC,18.3725610,0.0001171,-0.0001171,0
6428.01,238914510,PC,1.6763835,0.0000011,-0.0000011,0
6429.01,348501452,PC,2.4257176,0.0000195,-0.0000195,0
643.01,432008938,FP,9.6534560,0.0025390,-0.0025390,0
6430.01,50211272,PC,3.6024986,0.0014455,-0.0014455,0
6431.01,54141697,PC,3.5423487,0.0000129,-0.0000129,0
6432.01,141933255,PC,3.3561690,0.0000049,-0.0000049,0
6433.01,266486214,PC,9.6355000,0.0001000,-0.0001000,0
6434.01,32296259,PC,2.7775786,0.0000040,-0.0000040,0
6435.01,60189629,PC,6.1161423,0.0000157,-0.0000157,0
6436.01,290415036,PC,6.1879019,0.0000098,-0.0000098,0
6437.01,139707575,PC,8.3100100,0.0000169,-0.0000169,0
6438.01,332383229,PC,16.1268294,0.0000685,-0.0000685,0
6439.01,122981686,APC,2.9896663,0.0000024,-0.0000024,0
644.01,63303499,FP,1.9271328,0.0002099,-0.0002099,0
6440.01,348297468,PC,3.8190051,0.0000053,-0.0000053,0
6441.01,422031406,PC,4.5579065,0.0000038,-0.0000038,0
6442.01,97921547,CP,2.8279716,0.0000011,-0.0000011,0
6443.01,125563127,PC,9.9872075,0.0000391,-0.0000391,0
6444.01,97588014,PC,12.2925281,0.0000604,-0.0000604,0
6445.01,323569398,PC,26.3926606,0.0000758,-0.0000758,0
6446.01,122798633,PC,4.2240015,0.0008234,-0.0008234,0
6447.01,347442932,FP,0.6646521,0.0000006,-0.0000006,0
6448.01,320411045,CP,14.8442674,0.0000940,-0.0000940,0
6449.01,168936945,PC,2.4404127,0.0004130,-0.0004130,0
645.01,157568289,FP,1.8361503,0.0000053,-0.0000053,0
6450.01,47244580,PC,3.6092665,0.0000069,-0.0000069,0
6451.01,150559728,PC,5.4950780,0.0000580,-0.0000580,0
6452.01,7562528,PC,5.2477739,0.0000173,-0.0000173,0
6453.01,66242670,PC,6.8688474,0.0000468,-0.0000468,0
6454.01,146413471,PC,22.5012924,0.0001456,-0.0001456,0
6454.02,146413471,PC,10.9835772,0.0000620,-0.0000620,0
6455.01,255588086,PC,0.8970559,0.0000031,-0.0000031,0
6456.01,270456887,APC,2.2685932,0.0002190,-0.0002190,0
6457.01,328502522,PC,41.4186335,0.0001542,-0.0001542,0
6458.01,2507547,PC,9.7831931,0.0000340,-0.0000340,0
6459.01,238317637,PC,5.1494363,0.0000219,-0.0000219,0
646.01,238197709,FP,13.7252522,0.0021087,-0.0021087,0
6460.01,93862917,PC,4.4044418,0.0000179,-0.0000179,0
6461.01,123133954,PC,4.0646280,0.0000111,-0.0000111,0
6462.01,453009027,PC,3.8720204,0.0000062,-0.0000062,0
6463.01,180989820,PC,9.8738839,0.0033383,-0.0033383,0
6464.01,190643105,PC,9.6742544,0.0000492,-0.0000492,0
6465.01,184801054,PC,0.6593681,0.0000018,-0.0000018,0
6466.01,186707229,PC,1.4571902,0.0000023,-0.0000023,0
6467.01,385157401,PC,11.9964056,0.0000720,-0.0000720,0
6468.01,180931993,PC,12.1228168,0.0001993,-0.0001993,0
6469.01,4598935,PC,24.7104662,0.0001089,-0.0001089,0
647.01,92992033,PC,4.9076500,0.0050100,-0.0050100,0
6470.01,12061971,PC,13.7333847,0.0000873,-0.0000873,0
6471.01,410901394,PC,3.0758364,0.0000156,-0.0000156,0
6472.01,140706833,PC,2.6808268,0.0000149,-0.0000149,0
6473.01,410303247,PC,1.0992893,0.0000019,-0.0000019,0
6474.01,189097100,PC,1.6069363,0.0004247,-0.0004247,0
6475.01,132314633,PC,26.5988575,0.0001351,-0.0001351,0
6476.01,380528770,PC,8.1168658,0.0000260,-0.0000260,0
6477.01,11927677,PC,3.6860654,0.0000086,-0.0000086,0
6478.01,332657786,PC,1462.2115148,0.0000010,-0.0000010,0
6479.01,181208298,PC,2.9193825,0.0000021,-0.0000021,0
648.01,78672342,FP,2.9763800,0.0017500,-0.0017500,0
6480.01,81089255,PC,750.2395535,0.0000010,-0.0000010,0
6481.01,101225566,PC,6.2796518,0.0000226,-0.0000226,0
6482.01,189300053,PC,1483.5175058,0.0000011,-0.0000011,0
6483.01,355449539,PC,5.2076995,0.0000082,-0.0000082,0
6484.01,294394558,PC,18.2457829,0.0001212,-0.0001212,0
6485.01,281286325,PC,17.0180939,0.0000526,-0.0000526,0
6486.01,46772529,FP,10.6332248,0.0000086,-0.0000086,0
6487.01,37754672,PC,14.1351900,0.0000593,-0.0000593,0
6488.01,238124845,PC,8.0850515,0.0000544,-0.0000544,0
6489.01,423445163,PC,2.9178820,0.0000108,-0.0000108,0
649.01,35582553,PC,0.9370901,0.0000020,-0.0000020,0
6490.01,118754987,PC,7.8422080,0.0000371,-0.0000371,0
6491.01,25212199,PC,7.5520411,0.0000462,-0.0000462,0
6492.01,47143972,PC,731.8319734,0.0000008,-0.0000008,0
6493.01,445522339,APC,3.0667073,0.0000067,-0.0000067,0
6494.01,438376091,PC,3.5327892,0.0000088,-0.0000088,0
6495.01,36808091,PC,3.7781679,0.0000160,-0.0000160,0
6496.01,374741750,PC,0.9942215,0.0000023,-0.0000023,0
6497.01,303426966,PC,2.1439841,0.0000051,-0.0000051,0
6498.01,371596277,PC,22.5095172,0.0000967,-0.0000967,0
6499.01,45881495,PC,9.0441543,0.0000395,-0.0000395,0
650.01,349373192,FP,0.7698300,0.0000300,-0.0000300,0
6500.01,72806004,PC,4.4156851,0.0000095,-0.0000095,0
6501.01,35973654,PC,4.4581792,0.0000250,-0.0000250,0
6502.01,75580659,PC,5.0711656,0.0000264,-0.0000264,0
6503.01,358838026,PC,3.9535041,0.0000140,-0.0000140,0
6504.01,177257073,PC,6.8328077,0.0000174,-0.0000174,0
6505.01,376800517,PC,15.8951857,0.0002036,-0.0002036,0
6506.01,469008497,PC,13.0795854,0.0000475,-0.0000475,0
6507.01,54145416,PC,5.2671650,0.0000196,-0.0000196,0
6508.01,142277868,CP,18.9926881,0.0000007,-0.0000007,0
6509.01,358164738,PC,5.6022404,0.0000100,-0.0000100,0
651.01,72090501,PC,1.0697877,0.0000022,-0.0000022,0
6510.01,361154154,PC,37.9878100,0.0002483,-0.0002483,0
6511.01,303030789,PC,21.5962209,0.0000913,-0.0000913,0
6512.01,72542944,PC,2.5011016,0.0000121,-0.0000121,0
6513.01,29780740,PC,2.4214702,0.0000055,-0.0000055,0
6514.01,439618305,PC,4.0236761,0.0000067,-0.0000067,0
6515.01,101961987,PC,3.8149372,0.0000177,-0.0000177,0
6516.01,446524637,PC,18.8392786,0.0002219,-0.0002219,0
6517.01,5709314,PC,2.6185048,0.0000048,-0.0000048,0
6518.01,139314045,PC,2.1978944,0.0000062,-0.0000062,0
6519.01,188128470,PC,10.3972620,0.0000306,-0.0000306,0
652.01,22221375,CP,3.9846589,0.0000062,-0.0000062,0
6520.01,382688257,PC,7.6016156,0.0000373,-0.0000373,0
6521.01,382187347,PC,3.5812530,0.0000059,-0.0000059,0
6522.01,71674064,PC,4.7383479,0.0000182,-0.0000182,0
6523.01,167720788,PC,7.8094630,0.0000065,-0.0000065,0
6524.01,356921678,PC,0.8515408,0.0000005,-0.0000005,0
6525.01,147193084,PC,731.3548427,0.0000009,-0.0000009,0
6526.01,57694405,PC,14.7478214,0.0000657,-0.0000657,0
6527.01,437774844,PC,5.3894910,0.0000207,-0.0000207,0
6528.01,363417404,PC,1484.1934287,0.0000011,-0.0000011,0
6529.01,54238138,PC,7.4476397,0.0000383,-0.0000383,0
653.01,33153766,FP,0.6883100,0.0000400,-0.0000400,0
6530.01,49066806,PC,5.3328050,0.0000284,-0.0000284,0
6531.01,297853363,PC,4.4160760,0.0000254,-0.0000254,0
6532.01,72542131,PC,5.4736892,0.0000048,-0.0000048,0
6533.01,464544047,PC,2.8656356,0.0000108,-0.0000108,0
6534.01,459604398,PC,3.4542618,0.0000382,-0.0000382,0
6535.01,46104747,PC,20.8359197,0.0001229,-0.0001229,0
6536.01,280647591,PC,4.2380294,0.0000394,-0.0000394,0
6537.01,80384677,PC,3.6477926,0.0000282,-0.0000282,0
6538.01,306248357,PC,5.7180689,0.0000247,-0.0000247,0
6539.01,310497279,PC,2.3645949,0.0000090,-0.0000090,0
654.01,35009898,CP,1.5275639,0.0000031,-0.0000031,0
6540.01,142171554,PC,4.5127799,0.0000189,-0.0000189,0
6541.01,457337619,PC,5.8991458,0.0001306,-0.0001306,0
6542.01,255851356,FP,2.4018591,0.0000316,-0.0000316,0
6543.01,390151888,PC,15.5523703,0.0001240,-0.0001240,0
6544.01,161738745,PC,3.6249482,0.0000086,-0.0000086,0
6545.01,72504017,PC,5.6177467,0.0000355,-0.0000355,0
6546.01,9385460,KP,3.3779614,0.0004781,-0.0004781,0
6547.01,915110182,KP,1.4328255,0.0003463,-0.0003463,0
6548.01,302212110,PC,8.5473000,0.0002900,-0.0002900,0
6549.01,290777444,PC,6.1079575,0.0000513,-0.0000513,0
655.01,35516889,KP,0.7888389,0.0000003,-0.0000003,0
6550.01,133850380,PC,6.9153868,0.0000071,-0.0000071,0
6551.01,166527623,KP,6.9593972,0.0003679,-0.0003679,0
6552.01,220460087,PC,3.2706204,0.0000278,-0.0000278,0
6553.01,324422520,PC,3.6342494,0.0000480,-0.0000480,0
6554.01,94483093,PC,2.6141047,0.0000128,-0.0000128,0
6555.01,259606227,PC,10.1298877,0.0001195,-0.0001195,0
6556.01,179739873,PC,12.9623248,0.0000976,-0.0000976,0
6557.01,141074654,PC,12.5383316,0.0001016,-0.0001016,0
6558.01,420529106,PC,9.5327064,0.0000452,-0.0000452,0
6559.01,313671132,PC,733.3796728,0.0001320,-0.0001320,0
656.01,36734222,KP,0.8134733,0.0000003,-0.0000003,0
6560.01,47667,APC,17.2051468,0.0000300,-0.0000300,0
6561.01,3728481,PC,3.1739329,0.0000077,-0.0000077,0
6562.01,368713985,PC,4.0947485,0.0005437,-0.0005437,0
6563.01,210441429,PC,2.4053036,0.0001059,-0.0001059,0
6564.01,453668803,PC,3.9854465,0.0001164,-0.0001164,0
6565.01,392914193,PC,0.8778729,0.0000563,-0.0000563,0
6566.01,121560868,PC,7.5837846,0.0012448,-0.0012448,0
6567.01,366316586,PC,4.9486116,0.0005960,-0.0005960,0
6568.01,253126207,PC,17.4368079,0.0016040,-0.0016040,0
6569.01,22560356,PC,5.9337178,0.0000008,-0.0000008,0
657.01,48103627,CP,4.5696698,0.0000059,-0.0000059,0
6570.01,73310180,PC,10.9799801,0.0000424,-0.0000424,0
6571.01,243550555,PC,11.5379235,0.0000595,-0.0000595,0
6572.01,124617560,PC,3.6462287,0.0000239,-0.0000239,0
6573.01,419503191,PC,8.1618477,0.0000381,-0.0000381,0
6574.01,464542805,PC,13.0953097,0.0000599,-0.0000599,0
6575.01,272251987,PC,3.3047459,0.0000299,-0.0000299,0
6576.01,304363215,PC,19.3111424,0.0001107,-0.0001107,0
6577.01,144321743,PC,729.9391752,0.0000283,-0.0000283,0
6578.01,144077896,PC,2.7543175,0.0000099,-0.0000099,0
6579.01,308010949,PC,3.4732477,0.0000152,-0.0000152,0
658.01,48476907,FP,4.7192734,0.0000073,-0.0000073,0
6580.01,170627138,PC,10.9600975,0.0000933,-0.0000933,0
6581.01,94012094,PC,4.9156665,0.0000174,-0.0000174,0
6582.01,438629686,PC,19.6500878,0.0000926,-0.0000926,0
6583.01,377771417,PC,7.4474040,0.0000134,-0.0000134,0
6584.01,374155286,PC,3.6850751,0.0000149,-0.0000149,0
6585.01,162729620,FP,13.4364908,0.0000987,-0.0000987,0
6586.01,363259409,PC,5.0953453,0.0000165,-0.0000165,0
6587.01,131312528,PC,17.0116833,0.0000403,-0.0000403,0
6588.01,289389326,PC,1.7988855,0.0004522,-0.0004522,0
6589.01,91794828,PC,3.0589547,0.0000096,-0.0000096,0
659.01,48476908,PC,4.7192771,0.0000059,-0.0000059,0
6590.01,72123144,PC,7.0911739,0.0000593,-0.0000593,0
6591.01,463868678,PC,5.7881587,0.0000608,-0.0000608,0
6592.01,398945279,PC,9.5098954,0.0000270,-0.0000270,0
6593.01,241297273,PC,8.4325164,0.0000307,-0.0000307,0
6594.01,49411575,PC,2.6758100,0.0005692,-0.0005692,0
6595.01,361344753,PC,7.5138657,0.0000388,-0.0000388,0
6596.01,306249066,PC,26.1622122,0.0000408,-0.0000408,0
6597.01,131195882,PC,0.9097915,0.0000016,-0.0000016,0
6598.01,22452837,PC,10.8089555,0.0000416,-0.0000416,0
6599.01,166145361,PC,2.2059167,0.0002083,-0.0002083,0
660.01,53189332,KP,9.2897006,0.0000062,-0.0000062,0
6600.01,325647810,PC,3.8030207,0.0000148,-0.0000148,0
6601.01,167573692,PC,32.5444769,0.0000527,-0.0000527,0
6602.01,392027961,PC,1.5840089,0.0000059,-0.0000059,0
6603.01,90048949,PC,5.0158060,0.0000512,-0.0000512,0
6604.01,56884,PC,3.9174820,0.0000092,-0.0000092,0
6605.01,263207857,PC,12.2981251,0.0000886,-0.0000886,0
6606.01,242532142,PC,2.5354002,0.0000058,-0.0000058,0
6607.01,400968492,PC,11.1860909,0.0000482,-0.0000482,0
6608.01,366315051,PC,7.3144752,0.0000076,-0.0000076,0
6609.01,291668351,PC,12.9414603,0.0000684,-0.0000684,0
661.01,53735810,KP,4.0860495,0.0000022,-0.0000022,0
6610.01,289076007,PC,3.1651539,0.0000040,-0.0000040,0
6611.01,403368444,PC,6.5568726,0.0000115,-0.0000115,0
6612.01,76706043,PC,2.3207203,0.0000011,-0.0000011,0
6613.01,426904354,PC,2.5001306,0.0000072,-0.0000072,0
6614.01,149179763,PC,25.0709977,0.0000263,-0.0000263,0
6615.01,145804834,PC,3.5911377,0.0000055,-0.0000055,0
6616.01,349503728,PC,1.1235117,0.0000021,-0.0000021,0
6617.01,439381274,PC,4.3156640,0.0000249,-0.0000249,0
6618.01,350432166,PC,35.7890963,0.0011875,-0.0011875,0
6619.01,399195246,PC,1.6930171,0.0000015,-0.0000015,0
662.01,54085154,FP,1.0014437,0.0000017,-0.0000017,0
6620.01,241592217,PC,3.8647617,0.0000293,-0.0000293,0
6621.01,374908396,PC,4.2807848,0.0000154,-0.0000154,0
6622.01,260539542,PC,37.8575614,0.0001780,-0.0001780,0
6623.01,207937389,PC,3.1791661,0.0008788,-0.0008788,0
6624.01,443199889,PC,10.3031578,0.0000410,-0.0000410,0
6625.01,258409964,PC,5.4863844,0.0000215,-0.0000215,0
6626.01,148691985,PC,1.2864856,0.0000983,-0.0000983,0
6627.01,411463659,PC,4.8934688,0.0000293,-0.0000293,0
6628.01,75650448,CP,18.1841890,0.0000378,-0.0000378,0
6629.01,160442729,PC,4.3664669,0.0014001,-0.0014001,0
663.01,54962195,CP,2.5989031,0.0000064,-0.0000064,0
663.02,54962195,CP,4.6955986,0.0000122,-0.0000122,0
663.03,54962195,CP,7.1024749,0.0000326,-0.0000326,0
6630.01,312612366,PC,7.7103227,0.0000418,-0.0000418,0
6631.01,457446242,PC,3.4714821,0.0000104,-0.0000104,0
6632.01,292349703,PC,5.8778295,0.0000480,-0.0000480,0
6633.01,38584799,PC,6.5479496,0.0000248,-0.0000248,0
6634.01,400491269,PC,23.1367550,0.0001229,-0.0001229,0
6635.01,330424797,PC,8.6243051,0.0000458,-0.0000458,0
6636.01,209054294,PC,3.5171227,0.0000104,-0.0000104,0
6637.01,256124756,APC,2.2312930,0.0000104,-0.0000104,0
6638.01,460316238,PC,4.1400970,0.0000035,-0.0000035,0
6639.01,446918603,PC,8.0136668,0.0000248,-0.0000248,0
664.01,55092869,KP,4.7359232,0.0002966,-0.0002966,0
6640.01,167654347,PC,16.9356875,0.0000607,-0.0000607,0
6641.01,241525834,PC,1.9647786,0.0003361,-0.0003361,0
6642.01,23111,PC,3.3421583,0.0000096,-0.0000096,0
6643.01,332887363,PC,4.8332515,0.0000244,-0.0000244,0
6644.01,149450435,PC,42.7305626,0.0001799,-0.0001799,0
6645.01,15827263,FP,3.9525732,0.0000304,-0.0000304,0
6646.01,346855283,PC,17.7505864,0.0002228,-0.0002228,0
6647.01,439943973,PC,3.9963956,0.0000122,-0.0000122,0
6648.01,440150441,PC,20.8639900,0.0052691,-0.0052691,0
6649.01,258940847,PC,5.9867942,0.0000353,-0.0000353,0
665.01,73723286,FP,14.0661090,0.0000034,-0.0000034,0
6650.01,64837857,PC,20.3292125,0.0000087,-0.0000087,0
6650.02,64837857,PC,30.5055627,0.0003279,-0.0003279,0
6650.03,64837857,PC,8.9965133,0.0000222,-0.0000222,0
6650.04,64837857,PC,,,,0
6651.01,174328045,CP,5.0569708,0.0000150,-0.0000150,0
6652.01,283884522,PC,3.8388774,0.0000256,-0.0000256,0
6653.01,150901009,PC,,,,0
6654.01,278726770,PC,9.5160627,0.0000266,-0.0000266,0
6655.01,304690618,PC,6.8672313,0.0000301,-0.0000301,0
6655.02,304690618,PC,12.9587054,0.0000804,-0.0000804,0
6656.01,262457587,FA,0.8219599,0.0000034,-0.0000034,0
6657.01,96475638,PC,4.0610981,0.0000110,-0.0000110,0
6658.01,292221593,PC,5.6494351,0.0001078,-0.0001078,0
6659.01,272768631,PC,7.3120981,0.0000241,-0.0000241,0
666.01,82128636,APC,7.4760689,0.0000060,-0.0000060,0
6660.01,468178519,PC,2.9852193,0.0000479,-0.0000479,0
6661.01,355895977,PC,10.5789534,0.0002139,-0.0002139,0
6662.01,418343229,PC,0.2939493,0.0000039,-0.0000039,0
6663.01,415732733,PC,,,,0
6664.01,147561732,PC,,,,0
6665.01,192014454,PC,735.7979170,0.0059146,-0.0059146,0
6666.01,256429408,PC,,,,0
6667.01,161169240,APC,,,,0
6668.01,206361691,PC,718.6520030,0.0115528,-0.0115528,0
6669.01,333736132,CP,731.9966539,0.0000577,-0.0000577,0
667.01,101955023,KP,1.6289322,0.0000038,-0.0000038,0
6670.01,126797048,PC,,,,0
6671.01,53843023,PC,,,,0
6672.01,331644554,PC,,,,0
6673.01,99989903,PC,19.7468103,0.0001111,-0.0001111,0
6674.01,452920657,PC,,,,0
6675.01,141522677,PC,,,,0
6676.01,423360793,PC,22.6957088,0.0000761,-0.0000761,0
6677.01,62085710,PC,5.4496736,0.0046530,-0.0046530,0
6678.01,253864764,PC,3.4268387,0.0007639,-0.0007639,0
6679.01,344034178,PC,2.3170053,0.0002089,-0.0002089,0
668.01,102195674,APC,4.3787302,0.0001822,-0.0001822,0
6680.01,6898572,PC,4.3816966,0.0014515,-0.0014515,0
6681.01,425817867,KP,3.7783401,0.0001395,-0.0001395,0
6682.01,254141733,PC,4.2436240,0.0011236,-0.0011236,0
6683.01,394126269,PC,3.8568001,0.0005007,-0.0005007,0
6684.01,273270473,PC,2.7086444,0.0000770,-0.0000770,0
6685.01,6764171,PC,10.7715898,0.0090391,-0.0090391,0
6686.01,269217040,KP,4.1661265,0.0000864,-0.0000864,0
6687.01,396246765,PC,3.4414188,0.0003794,-0.0003794,0
6688.01,464658144,PC,4.9594992,0.0003679,-0.0003679,0
6689.01,410119093,PC,4.1287427,0.0004288,-0.0004288,0
669.01,124573851,CP,3.9451359,0.0000177,-0.0000177,0
6690.01,149989864,PC,761.7092276,0.0124641,-0.0124641,0
6690.02,149989864,PC,904.5347981,0.0110199,-0.0110199,0
6691.01,382258844,PC,,,,0
6692.01,324609409,PC,,,,0
6693.01,35377903,FP,2.9937587,0.0000039,-0.0000039,0
6694.01,27414976,PC,3.9759251,0.0005895,-0.0005895,0
6695.01,118339710,PC,,,,0
6696.01,104195270,FP,3.6859958,0.0001092,-0.0001092,0
6697.01,441546821,CP,,,,0
6697.02,441546821,PC,,,,0
6698.01,5966772,PC,,,,0
6699.01,341405597,PC,5.3220020,0.0069556,-0.0069556,0
670.01,147660201,FP,0.5793980,0.0001080,-0.0001080,0
6700.01,167085203,PC,15.5177539,0.0003973,-0.0003973,0
6701.01,349789882,PC,10.0181020,0.0002220,-0.0002220,0
6702.01,179442778,PC,2.1874712,0.0000253,-0.0000253,0
6703.01,255560319,PC,49.6178223,0.0007248,-0.0007248,0
6704.01,342449055,PC,2.8607384,0.0000139,-0.0000139,0
6704.02,342449055,PC,6.8275101,0.0000530,-0.0000530,0
6705.01,379717270,PC,8.4457042,0.0000135,-0.0000135,0
6706.01,411731278,PC,7.5757446,0.0000156,-0.0000156,0
6707.01,287328202,PC,3.8347282,0.0001004,-0.0001004,0
6708.01,269849065,PC,4.2290856,0.0000114,-0.0000114,0
6709.01,20375215,PC,2.3477336,0.0000122,-0.0000122,0
671.01,151681127,APC,10.1970284,0.0000034,-0.0000034,0
6710.01,143842198,PC,2.0671230,0.0000108,-0.0000108,0
6711.01,303364023,FP,10.3469945,0.0000487,-0.0000487,0
6712.01,192943720,PC,1.8987896,0.0000108,-0.0000108,0
6713.01,428673146,PC,2.1538049,0.0000114,-0.0000114,0
6714.01,261264800,APC,4.7674421,0.0000204,-0.0000204,0
6715.01,460950389,PC,2.8618782,0.0002213,-0.0002213,0
6716.01,112115898,PC,4.7185690,0.0000156,-0.0000156,0
6717.01,34986694,PC,0.4707476,0.0000126,-0.0000126,0
6718.01,405428714,PC,2.9532145,0.0001833,-0.0001833,0
6719.01,92449173,KP,2.1764875,0.0001625,-0.0001625,0
672.01,151825527,CP,3.6335834,0.0000019,-0.0000019,0
6720.01,281541545,KP,4.1470359,0.0010062,-0.0010062,0
6721.01,253917292,PC,4.6086414,0.0008055,-0.0008055,0
6722.01,220524097,PC,3.9613114,0.0001568,-0.0001568,0
6723.01,370010846,PC,3.4852362,0.0001700,-0.0001700,0
6724.01,261646133,PC,42.8614655,0.0007446,-0.0007446,0
6725.01,150320610,PC,2.1476974,0.0000074,-0.0000074,0
6726.01,121490076,KP,14.2456603,0.0000410,-0.0000410,0
6727.01,47482754,PC,15.3471548,0.0000787,-0.0000787,0
6728.01,287326127,PC,24.9636551,0.0002325,-0.0002325,0
6729.01,426032475,PC,7.8374554,0.0000475,-0.0000475,0
6729.02,426032475,PC,3.8638303,0.0000456,-0.0000456,0
673.01,151959065,FP,10.5426254,0.0000064,-0.0000064,0
6730.01,382521776,PC,4.3934744,0.0005958,-0.0005958,0
6731.01,9032367,PC,1.6318580,0.0003140,-0.0003140,0
6732.01,349891396,PC,1.3003394,0.0001491,-0.0001491,0
6733.01,221566773,PC,3.2529571,0.0000178,-0.0000178,0
6734.01,412666676,PC,4.6068687,0.0000143,-0.0000143,0
6735.01,76899250,PC,3.3357969,0.0000070,-0.0000070,0
6736.01,324150445,PC,2.9879341,0.0007201,-0.0007201,0
6737.01,171886633,PC,2.8475582,0.0000057,-0.0000057,0
6738.01,89417257,PC,3.6234424,0.0000252,-0.0000252,0
6739.01,91324328,PC,4.6588405,0.0000055,-0.0000055,0
674.01,158588995,CP,1.9771658,0.0000009,-0.0000009,0
6740.01,174070181,PC,3.3505941,0.0000150,-0.0000150,0
6741.01,263203229,FP,5.0061978,0.0000219,-0.0000219,0
6742.01,307232923,PC,8.1678648,0.0000581,-0.0000581,0
6743.01,361403927,PC,5.9097139,0.0000185,-0.0000185,0
6744.01,345056639,PC,0.8674623,0.0000021,-0.0000021,0
6745.01,301247383,PC,5.2452852,0.0000530,-0.0000530,0
6746.01,367900542,PC,1.2030600,0.0000015,-0.0000015,0
6747.01,343717397,APC,0.7025922,0.0000012,-0.0000012,0
6748.01,421056636,PC,4.5932835,0.0000248,-0.0000248,0
6749.01,426901646,PC,8.6121286,0.0000462,-0.0000462,0
675.01,169226822,KP,4.1780637,0.0000007,-0.0000007,0
6750.01,299876474,FP,2.5950111,0.0000217,-0.0000217,0
6751.01,381448973,PC,2.9419791,0.0000080,-0.0000080,0
6752.01,87422071,PC,11.3648628,0.0000496,-0.0000496,0
6753.01,301248781,PC,1.0169814,0.0000018,-0.0000018,0
6754.01,261192051,PC,1.9943104,0.0000101,-0.0000101,0
6755.01,381468938,PC,5.7585993,0.0000184,-0.0000184,0
6756.01,314193010,PC,4.9354155,0.0000206,-0.0000206,0
6757.01,89659632,PC,3.5193417,0.0000265,-0.0000265,0
6758.01,383313006,PC,12.6136992,0.0000661,-0.0000661,0
6759.01,57011946,PC,1.3186780,0.0000038,-0.0000038,0
676.01,219187649,PC,2.1503007,0.0000045,-0.0000045,0
6760.01,361467239,PC,5.2820398,0.0000368,-0.0000368,0
6761.01,234540647,PC,4.3430254,0.0000365,-0.0000365,0
6762.01,360224870,PC,5.1778752,0.0000312,-0.0000312,0
6763.01,96829917,PC,2.4519381,0.0000059,-0.0000059,0
6764.01,148523092,FP,2.8562935,0.0007996,-0.0007996,0
6765.01,420369105,PC,2.7967251,0.0000079,-0.0000079,0
6766.01,311856080,PC,2.2104947,0.0000058,-0.0000058,0
6767.01,90156362,PC,2.3519086,0.0000028,-0.0000028,0
6768.01,365952328,FP,4.8741147,0.0000130,-0.0000130,0
6769.01,304430662,PC,5.6858804,0.0000163,-0.0000163,0
677.01,280206394,CP,11.2365977,0.0000052,-0.0000052,0
6770.01,375297961,PC,14.6768874,0.0000389,-0.0000389,0
6771.01,61621800,PC,6.8552506,0.0000163,-0.0000163,0
6772.01,469813927,PC,3.9405490,0.0000123,-0.0000123,0
6773.01,355138852,PC,3.2720560,0.0000128,-0.0000128,0
6774.01,79660831,PC,4.5833112,0.0000122,-0.0000122,0
6775.01,100263315,APC,0.5940157,0.0000020,-0.0000020,0
6776.01,344552721,PC,1.9519092,0.0002114,-0.0002114,0
6777.01,32443914,PC,3.3615701,0.0000041,-0.0000041,0
6778.01,421990278,PC,3.9718475,0.0000103,-0.0000103,0
6779.01,467931774,PC,1.3504913,0.0000008,-0.0000008,0
678.01,294395926,PC,11.3298459,0.0000366,-0.0000366,0
6780.01,419738713,PC,13.4570562,0.0000336,-0.0000336,0
6781.01,411955845,PC,2.7638775,0.0000062,-0.0000062,0
6782.01,254209017,PC,1.7278017,0.0000024,-0.0000024,0
6783.01,291013124,PC,6.0368213,0.0007114,-0.0007114,0
6784.01,253857911,PC,3.1539313,0.0009585,-0.0009585,0
6785.01,219978369,PC,16.2501976,0.0001066,-0.0001066,0
6786.01,253788533,PC,2.7142282,0.0000031,-0.0000031,0
6787.01,201658484,PC,2.9588636,0.0000018,-0.0000018,0
6788.01,319568755,PC,24.0923580,0.0000791,-0.0000791,0
6789.01,90935909,PC,4.2221583,0.0000128,-0.0000128,0
679.01,308050066,FP,11.1755425,0.0000057,-0.0000057,0
6790.01,129458276,PC,6.1030299,0.0011084,-0.0011084,0
6791.01,101272159,PC,18.8224069,0.0000451,-0.0000451,0
6792.01,326327260,PC,7.9605908,0.0000254,-0.0000254,0
6793.01,352438619,PC,6.5516113,0.0000081,-0.0000081,0
6794.01,408609355,PC,7.3099457,0.0000383,-0.0000383,0
6795.01,269372232,PC,2.1250402,0.0000055,-0.0000055,0
6796.01,32046665,PC,3.7871416,0.0000142,-0.0000142,0
6797.01,164249928,APC,0.9898852,0.0000031,-0.0000031,0
6798.01,290403522,PC,22.3751134,0.0000203,-0.0000203,0
6799.01,387295547,PC,0.6647860,0.0000013,-0.0000013,0
680.01,335499997,APC,0.4335690,0.0000046,-0.0000046,0
6800.01,254174907,PC,4.1518071,0.0000188,-0.0000188,0
6801.01,90935995,PC,1.2245052,0.0000003,-0.0000003,0
6802.01,262470965,APC,1.1079142,0.0001472,-0.0001472,0
6803.01,166495921,PC,3.3522572,0.0008295,-0.0008295,0
6804.01,100264497,PC,3.7724643,0.0000050,-0.0000050,0
6805.01,112989868,APC,1.0404250,0.0000010,-0.0000010,0
6806.01,144327080,APC,23.2490769,0.0002042,-0.0002042,0
6807.01,441076258,PC,6.6210878,0.0000196,-0.0000196,0
6808.01,261680542,PC,3.0449187,0.0000007,-0.0000007,0
6809.01,29821723,PC,2.6855972,0.0005809,-0.0005809,0
681.01,410450228,PC,15.7784931,0.0000247,-0.0000247,0
6810.01,214515989,PC,11.3498282,0.0000304,-0.0000304,0
6811.01,129711632,PC,1.1602698,0.0001721,-0.0001721,0
6812.01,92443533,PC,12.6357243,0.0042171,-0.0042171,0
6813.01,364267778,PC,2.3557153,0.0000071,-0.0000071,0
6814.01,211352962,PC,0.7941828,0.0000810,-0.0000810,0
6815.01,233964924,PC,17.9217736,0.0000074,-0.0000074,0
6816.01,278525028,PC,10.9267866,0.0000330,-0.0000330,0
6817.01,402027382,PC,3.1998039,0.0000069,-0.0000069,0
6818.01,281666033,PC,10.1956949,0.0000138,-0.0000138,0
6819.01,327917279,PC,8.5467163,0.0000573,-0.0000573,0
682.01,429304876,CP,6.8392388,0.0000127,-0.0000127,0
6820.01,350821320,PC,2.0142140,0.0000058,-0.0000058,0
6821.01,197643976,KP,3.5357130,0.0000092,-0.0000092,0
6822.01,261679541,PC,2.7492112,0.0000967,-0.0000967,0
6823.01,259884973,PC,2.8411187,0.0000045,-0.0000045,0
6824.01,197642926,PC,5.4074690,0.0000076,-0.0000076,0
6825.01,197598125,PC,16.4547455,0.0000853,-0.0000853,0
6826.01,55450156,PC,6.4375108,0.0000250,-0.0000250,0
6827.01,302453291,PC,4.4738444,0.0000191,-0.0000191,0
6828.01,278666476,PC,3.4894537,0.0000042,-0.0000042,0
6829.01,469967533,PC,23.8420000,0.0000519,-0.0000519,0
683.01,437248515,KP,3.4058895,0.0000009,-0.0000009,0
6830.01,29430403,PC,1.8778647,0.0000530,-0.0000530,0
6831.01,380884709,PC,57.1050077,0.0000987,-0.0000987,0
6832.01,8995204,PC,5.1392756,0.0000128,-0.0000128,0
6833.01,4610830,KP,8.2616616,0.0000190,-0.0000190,0
6834.01,49735922,KP,6.3392677,0.0002037,-0.0002037,0
6835.01,301235044,KP,0.2803246,0.0000001,-0.0000001,0
6836.01,422618449,KP,9.1004120,0.0000503,-0.0000503,0
6837.01,262584907,PC,0.9494413,0.0000096,-0.0000096,0
6838.01,278892590,KP,1.5109447,0.0001260,-0.0001260,0
6839.01,126982911,PC,2.9944742,0.0007148,-0.0007148,0
684.01,462162948,PC,19.8507621,0.0000536,-0.0000536,0
6840.01,380886534,PC,8.9000334,0.0021186,-0.0021186,0
6841.01,257467784,PC,13.9285074,0.0032048,-0.0032048,0
6842.01,58858008,PC,5.3920955,0.0003051,-0.0003051,0
6843.01,369474541,PC,5.4977872,0.0004095,-0.0004095,0
6844.01,311086350,PC,3.8068712,0.0006087,-0.0006087,0
6845.01,399571743,PC,4.7443604,0.0000047,-0.0000047,0
6846.01,254296853,PC,3.3348840,0.0000038,-0.0000038,0
6847.01,150063444,PC,1.3939452,0.0000010,-0.0000010,0
6848.01,230982415,PC,7.5954765,0.0008384,-0.0008384,0
6849.01,434100688,FP,1825.0483640,0.0000010,-0.0000010,0
685.01,281731203,KP,11.6332127,0.0002106,-0.0002106,0
6850.01,9166136,PC,6.0803777,0.0020376,-0.0020376,0
6851.01,350861689,PC,12.0101118,0.0000422,-0.0000422,0
6852.01,166671025,PC,16.7382238,0.0000204,-0.0000204,0
6853.01,197808753,PC,10.6369830,0.0000453,-0.0000453,0
6854.01,55363630,PC,2.7663479,0.0000048,-0.0000048,0
6855.01,274017513,PC,26.3333899,0.0000342,-0.0000342,0
6856.01,254301731,PC,0.6541517,0.0000977,-0.0000977,0
6857.01,281596890,PC,10.0512067,0.0013473,-0.0013473,0
6858.01,201254754,PC,3.3024845,0.0000075,-0.0000075,0
6859.01,237909527,PC,9.6804752,0.0000109,-0.0000109,0
686.01,339857675,PC,3.5137609,0.0000092,-0.0000092,0
6860.01,36646052,PC,0.6183488,0.0001050,-0.0001050,0
6861.01,293267224,PC,3.7942532,0.0000208,-0.0000208,0
6862.01,408508003,PC,8.2241876,0.0000197,-0.0000197,0
6863.01,419957314,PC,7.8407154,0.0000283,-0.0000283,0
6864.01,25959926,PC,15.5106583,0.0001010,-0.0001010,0
6865.01,405269313,PC,2.4465664,0.0000184,-0.0000184,0
6866.01,344224831,FP,8.0179256,0.0000186,-0.0000186,0
6867.01,405230669,PC,3.6810755,0.0000126,-0.0000126,0
6868.01,408506314,PC,3.4106422,0.0000213,-0.0000213,0
6869.01,28872266,PC,763.9701133,0.0000010,-0.0000010,0
687.01,74534430,PC,36.2995129,0.0001869,-0.0001869,0
6870.01,58726656,PC,6.6968572,0.0000640,-0.0000640,0
6871.01,426471754,PC,12.4652143,0.0021528,-0.0021528,0
6872.01,150096001,KP,11.0248821,0.0000291,-0.0000291,0
6873.01,67395329,PC,18.8204255,0.0043596,-0.0043596,0
6874.01,4426490,FP,2.6689570,0.0001122,-0.0001122,0
6875.01,403693870,PC,3.5245689,0.0004270,-0.0004270,0
6876.01,377024332,FP,15.1771428,0.0002928,-0.0002928,0
6877.01,365007485,KP,33.5920255,0.0003531,-0.0003531,0
6878.01,262135904,FP,2.0990769,0.0000082,-0.0000082,0
6879.01,364955057,PC,13.5853161,0.0001856,-0.0001856,0
688.01,339636032,FP,6.8787507,0.0000223,-0.0000223,0
6880.01,4486230,PC,14.9166631,0.0002525,-0.0002525,0
6881.01,431899136,PC,1.9769396,0.0000059,-0.0000059,0
6882.01,293075732,FP,0.5666806,0.0000061,-0.0000061,0
6883.01,393818343,CP,,,,0
6884.01,156514476,PC,14.4217699,0.0046745,-0.0046745,0
6885.01,154067753,PC,11.6515287,0.0015223,-0.0015223,0
6886.01,397053253,PC,4.8003341,0.0009404,-0.0009404,0
6887.01,39174810,PC,6.5883481,0.0039644,-0.0039644,0
6888.01,312543349,PC,19.9253903,0.0023597,-0.0023597,0
6889.01,282794970,PC,10.5465818,0.0013351,-0.0013351,0
689.01,445822015,FP,1.6640200,0.0004400,-0.0004400,0
6890.01,5364106,PC,,,,0
6891.01,165312726,PC,8.3106603,0.0021802,-0.0021802,0
6892.01,253054954,PC,17.8961832,0.0066957,-0.0066957,0
6893.01,272125414,PC,,,,0
6894.01,67512645,CP,3.3706303,0.0001670,-0.0001670,0
6895.01,252537013,FP,7.0469712,0.0000216,-0.0000216,0
6896.01,9707944,PC,19.7357748,0.0001052,-0.0001052,0
6897.01,89043973,PC,8.3301740,0.0000468,-0.0000468,0
6898.01,441158994,PC,18.1070683,0.0035021,-0.0035021,0
6899.01,139879080,PC,2.8625937,0.0000187,-0.0000187,0
690.01,101497191,FP,3.6437600,0.0006700,-0.0006700,0
6900.01,140893722,PC,13.9223368,0.0000520,-0.0000520,0
6901.01,262928973,PC,3.2727859,0.0000176,-0.0000176,0
6902.01,167656187,PC,36.4358589,0.0000346,-0.0000346,0
6903.01,9216075,APC,4.9676784,0.0000108,-0.0000108,0
6904.01,387294150,PC,16.8267434,0.0000654,-0.0000654,0
6905.01,354846183,PC,1083.5575987,0.0037099,-0.0037099,0
6906.01,195192253,PC,3.4770171,0.0004333,-0.0004333,0
6907.01,198185513,PC,3.3795099,0.0005458,-0.0005458,0
6908.01,197039766,PC,3.7120776,0.0008211,-0.0008211,0
6909.01,252913663,PC,4.4284676,0.0020113,-0.0020113,0
691.01,156991337,FP,6.9055908,0.0000129,-0.0000129,0
6910.01,288471046,PC,2.5139302,0.0000356,-0.0000356,0
6911.01,428812049,PC,16.2520546,0.0001325,-0.0001325,0
6912.01,67181830,PC,7.6377900,0.0000530,-0.0000530,0
6913.01,121070864,PC,0.5843146,0.0000008,-0.0000008,0
6914.01,59369068,PC,9.3079811,0.0002048,-0.0002048,0
6915.01,367439938,PC,2.4915545,0.0000106,-0.0000106,0
6916.01,264159776,PC,3.9155539,0.0000142,-0.0000142,0
6917.01,47220926,PC,9.7716812,0.0000838,-0.0000838,0
6918.01,365509373,PC,14.2308461,0.0000620,-0.0000620,0
6919.01,69054388,APC,0.7603078,0.0000009,-0.0000009,0
692.01,320417762,FA,1.0360400,0.0006800,-0.0006800,0
6920.01,84126162,FP,3.6688102,0.0000249,-0.0000249,0
6921.01,58474992,FP,25.7142530,0.0012547,-0.0012547,0
6922.01,114422211,PC,5.0989519,0.0000409,-0.0000409,0
6923.01,418184767,PC,6.7274903,0.0000195,-0.0000195,0
6924.01,91777086,PC,91.9283414,0.0005838,-0.0005838,0
6925.01,57147191,PC,5.9785287,0.0000236,-0.0000236,0
6926.01,76731445,PC,8.2864221,0.0000591,-0.0000591,0
6927.01,67349298,PC,4.3427321,0.0000084,-0.0000084,0
6928.01,45376816,PC,3.8978437,0.0005966,-0.0005966,0
6929.01,49524528,PC,719.5740937,0.0000010,-0.0000010,0
693.01,458589703,FA,,,,0
6930.01,462507821,PC,7.2218817,0.0000224,-0.0000224,0
6931.01,307375528,PC,2.2183625,0.0000070,-0.0000070,0
6932.01,63307816,PC,8.9533044,0.0001273,-0.0001273,0
6933.01,78290597,PC,9.7654820,0.0001030,-0.0001030,0
6934.01,19560484,PC,2.8398671,0.0002735,-0.0002735,0
6935.01,270048796,PC,1.7630340,0.0001989,-0.0001989,0
6936.01,63082902,PC,10.2985660,0.0000490,-0.0000490,0
6937.01,294434193,PC,1.3809769,0.0000031,-0.0000031,0
6938.01,114600571,PC,4.8789974,0.0000574,-0.0000574,0
6939.01,88929544,PC,1.9207699,0.0000071,-0.0000071,0
694.01,55383975,FP,48.0511988,0.0000201,-0.0000201,0
6940.01,421006834,PC,0.3052608,0.0000005,-0.0000005,0
6941.01,74389253,PC,2.9371797,0.0000183,-0.0000183,0
6942.01,238506223,PC,11.2320736,0.0000396,-0.0000396,0
6943.01,262137985,PC,5.6906792,0.0000371,-0.0000371,0
6944.01,421005422,PC,12.3027503,0.0000469,-0.0000469,0
6945.01,392022763,PC,14.8547783,0.0001530,-0.0001530,0
6946.01,14435301,PC,13.2272686,0.0021650,-0.0021650,0
6947.01,457039843,PC,6.5202038,0.0000089,-0.0000089,0
6948.01,438329568,APC,5.4911822,0.0000122,-0.0000122,0
6949.01,45905504,PC,3.2232502,0.0000177,-0.0000177,0
695.01,55559618,PC,21.3764237,0.0000590,-0.0000590,0
6950.01,165965790,PC,2.0478359,0.0002109,-0.0002109,0
6951.01,83180637,PC,3.7279887,0.0000106,-0.0000106,0
6952.01,400466395,FP,5.1391542,0.0000092,-0.0000092,0
6953.01,70435923,APC,0.8204734,0.0000026,-0.0000026,0
6954.01,443607377,PC,4.0207557,0.0000161,-0.0000161,0
6955.01,81963214,PC,5.1185703,0.0000451,-0.0000451,0
6956.01,294350792,PC,12.3900547,0.0001288,-0.0001288,0
6957.01,30853990,PC,160.6760208,0.0008790,-0.0008790,0
6958.01,219108677,PC,5.9815745,0.0007576,-0.0007576,0
6959.01,230013442,PC,3.1381914,0.0007494,-0.0007494,0
696.01,77156829,CP,0.8602406,0.0000102,-0.0000102,0
696.02,77156829,CP,3.6942604,0.0000108,-0.0000108,0
696.03,77156829,CP,4.9652069,0.0000188,-0.0000188,0
6960.01,204496071,APC,1.3059494,0.0000036,-0.0000036,0
6961.01,404715325,PC,17.2367433,0.0002092,-0.0002092,0
6962.01,435339558,KP,21.9903619,0.0002585,-0.0002585,0
6963.01,56658270,CP,8.8349261,0.0000497,-0.0000497,0
6964.01,243208884,PC,4.7645838,0.0003713,-0.0003713,0
6965.01,80224448,PC,5.9693397,0.0000349,-0.0000349,0
6965.02,80224448,PC,28.0693949,0.0002985,-0.0002985,0
6966.01,243030574,PC,2.1659522,0.0000157,-0.0000157,0
6967.01,27635334,KP,4.7335575,0.0000423,-0.0000423,0
6968.01,121990418,PC,2.3475051,0.0003921,-0.0003921,0
6969.01,17129975,FP,1.5142292,0.0001751,-0.0001751,0
6969.02,17129975,PC,4.5565614,0.0009593,-0.0009593,0
697.01,77253676,APC,8.6078603,0.0000362,-0.0000362,0
6970.01,271749758,KP,11.7144470,0.0055124,-0.0055124,0
6971.01,354031707,PC,4.1866989,0.0002834,-0.0002834,0
6972.01,219824470,PC,5.4809114,0.0000215,-0.0000215,0
6973.01,427765233,PC,31.6527509,0.0001233,-0.0001233,0
6974.01,348684814,PC,7.7517707,0.0000363,-0.0000363,0
6975.01,158381418,APC,2.1449013,0.0000023,-0.0000023,0
6976.01,5972036,PC,1.7346044,0.0000041,-0.0000041,0
6977.01,436575927,KP,5.0957983,0.0000146,-0.0000146,0
6978.01,320847025,PC,9.1258136,0.0000493,-0.0000493,0
6979.01,26078330,KP,8.7547080,0.0000469,-0.0000469,0
698.01,141527579,PC,15.0867738,0.0000193,-0.0000193,0
6980.01,422912527,PC,,,,0
6981.01,443823169,PC,425.4506963,0.0005810,-0.0005810,0
6982.01,113921235,CP,59.8473992,0.0011964,-0.0011964,0
6983.01,368628986,PC,31.1571613,0.0003804,-0.0003804,0
6984.01,83181153,KP,,,,0
6985.01,59490344,PC,748.7146251,0.0021974,-0.0021974,0
6986.01,366302410,PC,1.2117417,0.0000031,-0.0000031,0
6987.01,21035365,PC,4.6017382,0.0000096,-0.0000096,0
6988.01,70897115,PC,13.4140310,0.0003470,-0.0003470,0
6989.01,261141602,FP,1.4956727,0.0000044,-0.0000044,0
699.01,149302744,PC,14.8011934,0.0000637,-0.0000637,0
699.02,149302744,PC,33.6336133,0.0002650,-0.0002650,0
699.03,149302744,PC,672.6366236,0.0106779,-0.0106779,0
6990.01,353302490,PC,1.5829358,0.0000031,-0.0000031,0
6991.01,440562226,APC,0.9902419,0.0000038,-0.0000038,0
6992.01,259330386,PC,15.1389808,0.0000910,-0.0000910,0
6993.01,408656366,APC,0.3695622,0.0000007,-0.0000007,0
6994.01,55390413,FP,1.8819016,0.0000043,-0.0000043,0
6995.01,383829317,PC,9.9444971,0.0000369,-0.0000369,0
6996.01,41875043,FP,0.9602835,0.0000040,-0.0000040,0
6997.01,357858008,PC,16.1793670,0.0000671,-0.0000671,0
6998.01,350733403,PC,27.0358940,0.0001536,-0.0001536,0
6999.01,444977814,PC,11.3689753,0.0000538,-0.0000538,0
700.01,150428135,CP,16.0511060,0.0000090,-0.0000090,0
700.02,150428135,CP,37.4236838,0.0001495,-0.0001495,0
700.03,150428135,CP,9.9772730,0.0000238,-0.0000238,0
700.04,150428135,CP,27.8096898,0.0001541,-0.0001541,0
7000.01,154926644,PC,2.7897577,0.0000051,-0.0000051,0
7001.01,85113291,PC,16.3475547,0.0001103,-0.0001103,0
7002.01,317290270,PC,4.9792822,0.0000542,-0.0000542,0
7003.01,219707850,PC,0.7331156,0.0000005,-0.0000005,0
7004.01,390207998,PC,9.8162989,0.0001293,-0.0001293,0
7005.01,99834321,APC,8.1420107,0.0000276,-0.0000276,0
7006.01,343336312,PC,51.9120896,0.0001369,-0.0001369,0
7007.01,289441015,FP,1.5342604,0.0000115,-0.0000115,0
7008.01,335661164,PC,0.8406912,0.0000010,-0.0000010,0
7009.01,405837291,PC,2.3206673,0.0000047,-0.0000047,0
701.01,219239945,FP,13.6973840,0.0021080,-0.0021080,0
7010.01,233867481,PC,4.1976032,0.0000059,-0.0000059,0
7011.01,167631701,PC,19.3940380,0.0000631,-0.0000631,0
7012.01,322369867,PC,4.0197822,0.0000209,-0.0000209,0
7013.01,67246795,PC,4.2451891,0.0000129,-0.0000129,0
7014.01,158657991,APC,0.7406805,0.0000009,-0.0000009,0
7015.01,11894726,PC,7.0687489,0.0000131,-0.0000131,0
7016.01,16740548,PC,1.5988030,0.0000018,-0.0000018,0
7017.01,1881298619,PC,5.0826878,0.0000239,-0.0000239,0
7018.01,156512187,PC,20.3158735,0.0000125,-0.0000125,0
7019.01,366119858,CP,48.2590904,0.0002071,-0.0002071,0
702.01,237914496,PC,3.5681410,0.0000062,-0.0000062,0
7020.01,233287217,PC,3.1642475,0.0000065,-0.0000065,0
7021.01,233855268,PC,49.5355004,0.0002812,-0.0002812,0
7022.01,125366299,PC,2.8583729,0.0000042,-0.0000042,0
7023.01,230856987,PC,2.3404152,0.0000069,-0.0000069,0
7024.01,354032153,PC,1.9639208,0.0002769,-0.0002769,0
7025.01,219803922,PC,66.9954225,0.0000975,-0.0000975,0
7026.01,219809549,PC,65.5580424,0.0002627,-0.0002627,0
7027.01,164783371,PC,4.2885021,0.0000147,-0.0000147,0
7028.01,416195843,PC,2.4596079,0.0000046,-0.0000046,0
7029.01,446166017,PC,1.9271521,0.0000030,-0.0000030,0
703.01,237928815,PC,8.6729683,0.0000121,-0.0000121,0
703.02,237928815,PC,22.5682711,0.0000645,-0.0000645,0
7030.01,430930679,PC,2.5604496,0.0000094,-0.0000094,0
7031.01,284592989,PC,1.7911016,0.0003034,-0.0003034,0
7032.01,22903436,PC,17.7456043,0.0000620,-0.0000620,0
7033.01,29953537,PC,0.7312783,0.0000021,-0.0000021,0
7034.01,418981325,APC,0.9082202,0.0000026,-0.0000026,0
7035.01,366074071,PC,4.1814200,0.0003800,-0.0003800,0
7036.01,284300833,PC,3.0513298,0.0013678,-0.0013678,0
7037.01,269343479,APC,4.1279985,0.0000155,-0.0000155,0
7038.01,210904767,PC,8.6000492,0.0000416,-0.0000416,0
7039.01,329981856,PC,3.3206355,0.0000388,-0.0000388,0
704.01,260004324,CP,3.8143009,0.0000047,-0.0000047,0
7040.01,277039287,PC,21.0562422,0.0075878,-0.0075878,0
7041.01,201175570,CP,9.6994666,0.0051016,-0.0051016,0
7042.01,345724317,FP,2.8176270,0.0000116,-0.0000116,0
7043.01,57299130,PC,17.3840061,0.0001712,-0.0001712,0
7044.01,263723967,PC,15.9669794,0.0000860,-0.0000860,0
7045.01,21720215,PC,2.2775983,0.0000063,-0.0000063,0
7046.01,201899356,PC,3.1084574,0.0000030,-0.0000030,0
7047.01,31142436,PC,5.2729668,0.0000463,-0.0000463,0
7048.01,235015217,PC,4.0863647,0.0000076,-0.0000076,0
7049.01,337217173,PC,40.3833862,0.0001082,-0.0001082,0
705.01,391904697,PC,47.0196372,0.0001501,-0.0001501,0
7050.01,50592053,PC,1.4182984,0.0000011,-0.0000011,0
7051.01,18574158,FP,4.9131459,0.0007988,-0.0007988,0
7052.01,22038430,PC,2.8862017,0.0000088,-0.0000088,0
7053.01,329821992,PC,2.8637988,0.0016009,-0.0016009,0
7054.01,62676654,PC,14.7595601,0.0020246,-0.0020246,0
7055.01,167227214,KP,3.1290476,0.0001981,-0.0001981,0
7056.01,110178537,KP,2.9932820,0.0004857,-0.0004857,0
7057.01,325670253,KP,3.3777419,0.0003005,-0.0003005,0
7058.01,317520667,KP,2.4651801,0.0000764,-0.0000764,0
7059.01,104866616,KP,4.4626647,0.0003590,-0.0003590,0
706.01,219345200,PC,719.0381327,0.0012108,-0.0012108,0
7060.01,469810663,PC,5.8497196,0.0000453,-0.0000453,0
7060.02,469810663,PC,1064.7003990,0.0004252,-0.0004252,0
7061.01,244089109,KP,2.1376682,0.0000337,-0.0000337,0
7062.01,23961340,PC,10.5137924,0.0012504,-0.0012504,0
7063.01,248769312,PC,3.7570477,0.0000354,-0.0000354,0
7064.01,376867898,PC,61.5555962,0.0007233,-0.0007233,0
7065.01,383723559,FP,2.6667526,0.0000127,-0.0000127,0
7066.01,405010127,KP,13.2341261,0.0051071,-0.0051071,0
7067.01,139158696,KP,15.3573522,0.0089502,-0.0089502,0
7068.01,137685450,KP,,,,0
7069.01,160428500,PC,8.7201675,0.0000510,-0.0000510,0
707.01,167342439,PC,52.7993058,0.0002073,-0.0002073,0
707.02,167342439,PC,17.4757465,0.0001124,-0.0001124,0
7070.01,289218489,PC,4.4563756,0.0000922,-0.0000922,0
7071.01,14203588,PC,5.5334128,0.0000941,-0.0000941,0
7072.01,298658399,PC,0.8118915,0.0000006,-0.0000006,0
7073.01,276922692,PC,13.1689848,0.0000629,-0.0000629,0
7074.01,138609069,PC,4.6504794,0.0000236,-0.0000236,0
7075.01,66266024,PC,2.8120379,0.0000045,-0.0000045,0
7076.01,138225319,PC,3.4747684,0.0000155,-0.0000155,0
7077.01,188814758,PC,6.4030110,0.0000383,-0.0000383,0
7078.01,233266582,PC,6.3962557,0.0000253,-0.0000253,0
7079.01,287191183,APC,12.1252851,0.0000460,-0.0000460,0
708.01,391821647,FP,1.9960710,0.0001060,-0.0001060,0
7080.01,366725641,PC,36.6892187,0.0005536,-0.0005536,0
7081.01,142385671,PC,12.7617794,0.0000151,-0.0000151,0
7082.01,22740615,PC,2.2531740,0.0000010,-0.0000010,0
7083.01,286923515,PC,7.6253466,0.0001786,-0.0001786,0
7084.01,165337974,PC,21.8153374,0.0001191,-0.0001191,0
7085.01,364571121,APC,2.2022580,0.0000054,-0.0000054,0
7086.01,199289712,PC,1.0092447,0.0000056,-0.0000056,0
7087.01,233266797,PC,7.9039906,0.0000552,-0.0000552,0
7088.01,274411493,APC,7.1554749,0.0000352,-0.0000352,0
7089.01,195933415,PC,1.5852089,0.0000051,-0.0000051,0
709.01,396720998,APC,32.3766006,0.0000713,-0.0000713,0
709.02,396720998,PC,777.0516742,0.0090448,-0.0090448,0
7090.01,166178400,PC,60.6825768,0.0001174,-0.0001174,0
7091.01,296327387,PC,4.8510805,0.0000163,-0.0000163,0
7092.01,195483731,PC,1.1022190,0.0000039,-0.0000039,0
7093.01,62867537,APC,2.8371938,0.0000018,-0.0000018,0
7094.01,452864692,PC,2.1125062,0.0000038,-0.0000038,0
7095.01,395214388,PC,4.6745746,0.0000300,-0.0000300,0
7096.01,199488690,PC,3.3505745,0.0000239,-0.0000239,0
7097.01,293949992,PC,4.1560086,0.0000171,-0.0000171,0
7098.01,313922260,PC,1.3821651,0.0000040,-0.0000040,0
7099.01,430415564,PC,4.4264918,0.0000629,-0.0000629,0
710.01,309402106,FP,216.2458400,0.0000425,-0.0000425,0
7100.01,325765282,PC,7.4156006,0.0000172,-0.0000172,0
7101.01,444209952,PC,1.8471592,0.0000039,-0.0000039,0
7102.01,469523613,PC,1.1838059,0.0000027,-0.0000027,0
7103.01,197604890,PC,5.3590843,0.0000108,-0.0000108,0
7104.01,371579161,FP,2.2215349,0.0000076,-0.0000076,0
7105.01,417564823,PC,17.0548288,0.0000970,-0.0000970,0
7106.01,66545173,PC,2.7945508,0.0000106,-0.0000106,0
7107.01,237019002,PC,8.6145655,0.0000161,-0.0000161,0
7108.01,430406538,PC,2.4425105,0.0000084,-0.0000084,0
7109.01,430845815,PC,3.2396607,0.0000120,-0.0000120,0
711.01,38510224,PC,18.3841259,0.0000440,-0.0000440,0
711.02,38510224,PC,35.9432773,0.0001315,-0.0001315,0
7110.01,266488971,PC,8.8182594,0.0000343,-0.0000343,0
7111.01,200465781,PC,7.0634276,0.0000383,-0.0000383,0
7112.01,66286602,PC,3.4249930,0.0000082,-0.0000082,0
7113.01,335624180,PC,4.6351977,0.0000066,-0.0000066,0
7114.01,365712006,FP,3.0436916,0.0000077,-0.0000077,0
7115.01,361944563,APC,0.8738186,0.0000016,-0.0000016,0
7116.01,325908483,PC,18.9438583,0.0000752,-0.0000752,0
7117.01,199676274,APC,8.8691255,0.0000164,-0.0000164,0
7118.01,286382849,PC,37.8016862,0.0002061,-0.0002061,0
7119.01,420383981,PC,2.5933417,0.0000026,-0.0000026,0
712.01,150151262,CP,9.5313660,0.0000121,-0.0000121,0
712.02,150151262,CP,51.6991421,0.0001292,-0.0001292,0
712.03,150151262,FA,53.7464820,0.0058960,-0.0058960,0
712.04,150151262,CP,84.8386900,0.0003679,-0.0003679,0
7120.01,64198376,PC,3.1739167,0.0000104,-0.0000104,0
7121.01,469436001,FP,0.9739887,0.0000018,-0.0000018,0
7123.01,277853911,PC,0.3075961,0.0000011,-0.0000011,0
7124.01,345596003,PC,2.6414334,0.0000025,-0.0000025,0
7125.01,272829240,PC,21.7276636,0.0001597,-0.0001597,0
7126.01,344855300,PC,3.2966077,0.0000097,-0.0000097,0
7127.01,256418577,PC,3.3683989,0.0000108,-0.0000108,0
7128.01,269231011,PC,2.9650741,0.0000111,-0.0000111,0
7129.01,434086605,PC,8.8204144,0.0000998,-0.0000998,0
713.01,167600516,PC,35.9993588,0.0000835,-0.0000835,0
713.02,167600516,PC,1.8715209,0.0000065,-0.0000065,0
7130.01,434270112,PC,1.2433877,0.0000041,-0.0000041,0
7131.01,419524589,PC,5.3295884,0.0000227,-0.0000227,0
7132.01,404898080,PC,1.4716633,0.0000010,-0.0000010,0
7133.01,420018238,PC,3.8282053,0.0000152,-0.0000152,0
7134.01,269102377,PC,3.5899561,0.0000161,-0.0000161,0
7135.01,188539008,PC,10.6185545,0.0000277,-0.0000277,0
7136.01,470749725,PC,5.6897753,0.0000255,-0.0000255,0
7137.01,161687209,FP,1.2529962,0.0000003,-0.0000003,0
7138.01,269514008,PC,5.4149624,0.0000132,-0.0000132,0
7139.01,269330087,PC,3.8850223,0.0000067,-0.0000067,0
714.01,219195044,PC,4.3239329,0.0000065,-0.0000065,0
714.02,219195044,PC,10.1775475,0.0000219,-0.0000219,0
7140.01,371909591,PC,5.1879527,0.0000413,-0.0000413,0
7141.01,235717158,PC,2.4141149,0.0000086,-0.0000086,0
7142.01,263723781,PC,6.5433068,0.0010732,-0.0010732,0
7143.01,408548144,PC,1.1376981,0.0000028,-0.0000028,0
7144.01,400235555,PC,0.5289141,0.0000012,-0.0000012,0
7145.01,8416274,PC,23.2471066,0.0000626,-0.0000626,0
7146.01,402848417,PC,28.4664618,0.0001736,-0.0001736,0
7147.01,405542683,PC,1.3473988,0.0000033,-0.0000033,0
7148.01,351599985,PC,1.3432587,0.0000043,-0.0000043,0
7149.01,459323923,CP,2.6520679,0.0000032,-0.0000032,0
715.01,271971130,CP,19.2879579,0.0000319,-0.0000319,0
7150.01,352284958,PC,0.8818115,0.0000034,-0.0000034,0
7151.01,331619598,PC,7.1467369,0.0000483,-0.0000483,0
7152.01,378860702,PC,3.1875721,0.0000049,-0.0000049,0
7153.01,154869806,PC,27.6174987,0.0001651,-0.0001651,0
7154.01,377622130,PC,8.8600515,0.0000213,-0.0000213,0
7155.01,468350765,PC,3.8949005,0.0000131,-0.0000131,0
7156.01,376354189,PC,1.9299641,0.0000072,-0.0000072,0
7157.01,469523619,PC,1.1838063,0.0000027,-0.0000027,0
7158.01,431033767,PC,3.3385770,0.0000177,-0.0000177,0
7159.01,444159424,PC,8.8922064,0.0000689,-0.0000689,0
716.01,119081096,FP,0.8370700,0.0002900,-0.0002900,0
7160.01,154264903,PC,3.0825102,0.0000092,-0.0000092,0
7161.01,415461195,PC,3.8285502,0.0000113,-0.0000113,0
7162.01,341005781,PC,8.6393678,0.0000566,-0.0000566,0
7163.01,343774169,PC,5.3913891,0.0000139,-0.0000139,0
7164.01,326470400,FP,736.5528811,0.0050184,-0.0050184,0
7165.01,239277658,KP,3.2509657,0.0014426,-0.0014426,0
7166.01,288421619,CP,12.9228111,0.0029544,-0.0029544,0
7167.01,456482025,PC,13.7237530,0.0032525,-0.0032525,0
7168.01,427685831,KP,1.7497746,0.0000203,-0.0000203,0
7169.01,372048733,PC,3.4375711,0.0002944,-0.0002944,0
717.01,275248683,FP,0.5307900,0.0001200,-0.0001200,0
7170.01,63100069,PC,1.9170960,0.0001166,-0.0001166,0
7171.01,420191136,PC,23.5367004,0.0004474,-0.0004474,0
7172.01,302173245,PC,2.7547949,0.0005812,-0.0005812,0
7173.01,268727719,FP,0.6257352,0.0000337,-0.0000337,0
7174.01,25472026,PC,4.2422767,0.0005708,-0.0005708,0
7175.01,26999884,PC,2.9944941,0.0000106,-0.0000106,0
7176.01,44161614,PC,,,,0
7177.01,51768374,PC,6.8434236,0.0000520,-0.0000520,0
7178.01,419877797,PC,5.2169076,0.0000384,-0.0000384,0
7179.01,196201652,PC,2.7384363,0.0000102,-0.0000102,0
718.01,150247134,FA,12.8650769,0.0009118,-0.0009118,0
7180.01,314992600,PC,3.2607791,0.0000314,-0.0000314,0
7181.01,419878733,PC,5.1794403,0.0000520,-0.0000520,0
7182.01,408469564,PC,14.7126653,0.0001729,-0.0001729,0
7183.01,422159302,PC,10.5739387,0.0000664,-0.0000664,0
7184.01,426956677,PC,1.1976555,0.0000078,-0.0000078,0
7185.01,77490011,PC,2.6881318,0.0002150,-0.0002150,0
7186.01,124895104,PC,1.7024504,0.0000069,-0.0000069,0
7187.01,350064389,PC,2.1570981,0.0000099,-0.0000099,0
7188.01,317849098,PC,4.7736640,0.0009367,-0.0009367,0
7189.01,18885659,PC,2.8890956,0.0005007,-0.0005007,0
719.01,184952758,FP,4.1099530,0.0000161,-0.0000161,0
7190.01,277499689,PC,4.1223508,0.0008481,-0.0008481,0
7191.01,364007087,PC,5.6604695,0.0000307,-0.0000307,0
7192.01,123234747,PC,16.3425332,0.0001357,-0.0001357,0
7193.01,325086150,FP,5.4934218,0.0005409,-0.0005409,0
7194.01,24499407,PC,4.1673090,0.0013543,-0.0013543,0
7195.01,62682198,PC,3.8242663,0.0008245,-0.0008245,0
7196.01,39464158,PC,2.7998534,0.0000023,-0.0000023,0
7197.01,415377888,PC,2.5122863,0.0009356,-0.0009356,0
7198.01,317170536,PC,4.2271814,0.0000097,-0.0000097,0
7199.01,310586478,PC,3.1540886,0.0005311,-0.0005311,0
720.01,131419878,FP,3.1604300,0.0007100,-0.0007100,0
7200.01,205044976,PC,5.0660693,0.0000306,-0.0000306,0
7201.01,159893748,PC,7.2229767,0.0000097,-0.0000097,0
7202.01,116262653,PC,7.7600907,0.0000126,-0.0000126,0
7203.01,44388479,PC,5.7351935,0.0008249,-0.0008249,0
7204.01,71083829,PC,3.8080897,0.0000079,-0.0000079,0
7205.01,345009464,PC,3.4844157,0.0000192,-0.0000192,0
7206.01,120313529,PC,3.5689392,0.0000082,-0.0000082,0
7207.01,342276668,PC,12.0080349,0.0001820,-0.0001820,0
7208.01,388371132,PC,3.6366231,0.0000154,-0.0000154,0
7209.01,425706173,PC,2.6343177,0.0000106,-0.0000106,0
721.01,38571020,PC,12.2877358,0.0000501,-0.0000501,0
7210.01,466928064,PC,2.2609143,0.0000116,-0.0000116,0
7211.01,374800835,PC,10.5485040,0.0000592,-0.0000592,0
7212.01,377253700,PC,75.6979471,0.0001920,-0.0001920,0
7213.01,336264393,PC,36.9870862,0.0001471,-0.0001471,0
7214.01,251803342,PC,8.9093753,0.0001061,-0.0001061,0
7215.01,23912656,PC,2.7705702,0.0004762,-0.0004762,0
7216.01,69436501,PC,3.1243759,0.0000230,-0.0000230,0
7217.01,151760597,PC,3.9859545,0.0000227,-0.0000227,0
7218.01,279331929,PC,4.9030173,0.0000134,-0.0000134,0
7219.01,242674266,PC,2.9069573,0.0000050,-0.0000050,0
722.01,38509907,PC,15.3004892,0.0000391,-0.0000391,0
7220.01,344416349,FP,7.8365317,0.0000434,-0.0000434,0
7221.01,110828766,PC,1.6233128,0.0000043,-0.0000043,0
7222.01,466890210,PC,5.1869453,0.0001512,-0.0001512,0
7223.01,157808355,PC,5.3384038,0.0000333,-0.0000333,0
7224.01,466966249,PC,5.5698339,0.0000535,-0.0000535,0
7225.01,209320688,PC,9.7461668,0.0002082,-0.0002082,0
7226.01,350268913,PC,3.5191197,0.0000093,-0.0000093,0
7227.01,287948915,PC,2.3593338,0.0000043,-0.0000043,0
7228.01,397653875,PC,2.9324083,0.0000148,-0.0000148,0
7229.01,363040636,PC,16.7880823,0.0000794,-0.0000794,0
723.01,177077336,PC,1.4178596,0.0000028,-0.0000028,0
7230.01,238239232,PC,4.3041912,0.0000275,-0.0000275,0
7231.01,89362689,PC,11.0658881,0.0000260,-0.0000260,0
7232.01,282113152,PC,3.3221412,0.0000011,-0.0000011,0
7233.01,394924803,PC,3.8413801,0.0000090,-0.0000090,0
7234.01,418629890,PC,3.4202745,0.0000196,-0.0000196,0
7235.01,20607624,PC,3.4940194,0.0000024,-0.0000024,0
7236.01,374521355,PC,4.6263020,0.0000492,-0.0000492,0
7237.01,439598736,PC,5.7694396,0.0000965,-0.0000965,0
7238.01,251743761,PC,3.9304670,0.0000080,-0.0000080,0
7239.01,383364626,PC,14.3938942,0.0000385,-0.0000385,0
724.01,339961200,PC,3.2126400,0.0000051,-0.0000051,0
7240.01,41839508,PC,6.8911882,0.0000423,-0.0000423,0
7241.01,456401439,PC,6.3377947,0.0000090,-0.0000090,0
7242.01,426122272,PC,2.9383886,0.0000019,-0.0000019,0
7243.01,288953761,PC,3.7352012,0.0000076,-0.0000076,0
7244.01,435673126,FP,11.5175506,0.0000748,-0.0000748,0
7245.01,305026599,PC,1.6877647,0.0000047,-0.0000047,0
7246.01,407135911,PC,2.5698331,0.0000049,-0.0000049,0
7247.01,51318828,FP,6.8782937,0.0000119,-0.0000119,0
7248.01,358975793,PC,3.8148598,0.0000068,-0.0000068,0
7249.01,219089784,PC,6.0387706,0.0000167,-0.0000167,0
725.01,410245915,FP,0.9889446,0.0000017,-0.0000017,0
7250.01,459728249,CP,8.9653531,0.0000378,-0.0000378,0
7251.01,298291597,PC,11.5588657,0.0000428,-0.0000428,0
7252.01,289047954,PC,1.4207284,0.0000036,-0.0000036,0
7253.01,383358873,PC,5.4240992,0.0000306,-0.0000306,0
7254.01,260767135,APC,5.0769983,0.0000064,-0.0000064,0
7255.01,166099360,PC,1.6831237,0.0000094,-0.0000094,0
7256.01,334798754,PC,8.5748036,0.0000640,-0.0000640,0
7257.01,274057129,PC,1.0495702,0.0000036,-0.0000036,0
7258.01,298189225,PC,6.2384297,0.0000115,-0.0000115,0
7259.01,160103855,PC,16.4591808,0.0001310,-0.0001310,0
726.01,174143743,FP,0.4613200,0.0000900,-0.0000900,0
7260.01,418866096,FP,6.6308943,0.0000308,-0.0000308,0
7261.01,297413553,PC,2.3273503,0.0000039,-0.0000039,0
7262.01,87932853,PC,6.4093679,0.0000150,-0.0000150,0
7263.01,269130683,PC,49.2145201,0.0003378,-0.0003378,0
7264.01,258279359,PC,10.5637482,0.0000743,-0.0000743,0
7265.01,275717567,PC,4.1723000,0.0000120,-0.0000120,0
7266.01,125695940,PC,3.8789319,0.0000080,-0.0000080,0
7267.01,276385231,PC,10.3486661,0.0000463,-0.0000463,0
7268.01,406548952,PC,13.5647678,0.0000304,-0.0000304,0
7269.01,267817947,PC,11.6562950,0.0000450,-0.0000450,0
727.01,149788158,PC,4.7244442,0.0000431,-0.0000431,0
727.02,149788158,PC,0.7499711,0.0000129,-0.0000129,0
7270.01,184527843,PC,8.9197222,0.0000527,-0.0000527,0
7271.01,63232997,PC,7.1304113,0.0000183,-0.0000183,0
7272.01,398099429,PC,7.5801393,0.0000961,-0.0000961,0
7273.01,63550960,APC,2.2473177,0.0000022,-0.0000022,0
7274.01,83299322,PC,8.9088710,0.0000265,-0.0000265,0
7275.01,172376068,FP,6.1211661,0.0000312,-0.0000312,0
7276.01,267808774,PC,14.2317652,0.0001444,-0.0001444,0
7277.01,396723723,PC,7.9152740,0.0000526,-0.0000526,0
7278.01,170440216,PC,7.6316525,0.0000113,-0.0000113,0
7279.01,41067039,PC,3.1168715,0.0000123,-0.0000123,0
728.01,96097215,FA,1.6024500,0.0002500,-0.0002500,0
7280.01,396731435,APC,0.4246068,0.0000011,-0.0000011,0
7281.01,198358065,PC,4.3095502,0.0000043,-0.0000043,0
7282.01,387346503,PC,5.3346707,0.0000200,-0.0000200,0
7283.01,298189384,PC,9.0612809,0.0000704,-0.0000704,0
7284.01,96885837,APC,0.8760587,0.0000029,-0.0000029,0
7285.01,60446303,PC,2.1384533,0.0000114,-0.0000114,0
7286.01,452741216,PC,10.7994273,0.0000256,-0.0000256,0
7287.01,199417958,PC,3.9258703,0.0000092,-0.0000092,0
7288.01,405689470,PC,7.9871247,0.0000259,-0.0000259,0
7289.01,291976834,PC,2.8559930,0.0000063,-0.0000063,0
729.01,144138509,FA,,,,0
7290.01,62501513,PC,3.7769660,0.0000051,-0.0000051,0
7291.01,233533589,PC,23.9712428,0.0000617,-0.0000617,0
7292.01,160255140,PC,10.6417260,0.0000616,-0.0000616,0
7293.01,417514666,PC,3.3202789,0.0000112,-0.0000112,0
7294.01,42110638,PC,1.6047466,0.0000033,-0.0000033,0
7295.01,99796664,APC,0.7729056,0.0000014,-0.0000014,0
7296.01,233735354,PC,170.3363911,0.0004582,-0.0004582,0
7297.01,418375357,PC,8.1563148,0.0000383,-0.0000383,0
7298.01,276909255,PC,5.2554768,0.0000191,-0.0000191,0
7299.01,85216969,PC,2.7299474,0.0000064,-0.0000064,0
730.01,11561667,CP,3.0876297,0.0000040,-0.0000040,0
7300.01,125744840,PC,0.6439909,0.0000011,-0.0000011,0
7301.01,375192273,PC,21.6836634,0.0000777,-0.0000777,0
7302.01,399613138,FP,8.1958135,0.0000254,-0.0000254,0
7303.01,415739607,PC,2.3368358,0.0001407,-0.0001407,0
7304.01,321785052,PC,3.4977997,0.0000106,-0.0000106,0
7305.01,262148317,PC,13.9753579,0.0001287,-0.0001287,0
7306.01,418543326,PC,6.1418356,0.0000124,-0.0000124,0
7307.01,372077289,PC,23.9556450,0.0001407,-0.0001407,0
7308.01,287768299,PC,3.7002646,0.0000184,-0.0000184,0
7309.01,161687285,PC,7.7561532,0.0000447,-0.0000447,0
731.01,34068865,CP,0.3219233,0.0000004,-0.0000004,0
7310.01,375855364,PC,19.8088367,0.0002341,-0.0002341,0
7311.01,387416841,APC,1.5525382,0.0000040,-0.0000040,0
7312.01,292023054,PC,4.2990991,0.0000148,-0.0000148,0
7313.01,341157650,PC,4.1186706,0.0000296,-0.0000296,0
7314.01,265887000,PC,2.5034150,0.0000138,-0.0000138,0
7315.01,297924888,PC,9.6713674,0.0000342,-0.0000342,0
7316.01,301623068,PC,0.7474746,0.0000011,-0.0000011,0
7317.01,427855645,PC,2.9712014,0.0000032,-0.0000032,0
7318.01,387414814,PC,3.4220041,0.0005775,-0.0005775,0
7319.01,40093986,PC,2.5918359,0.0000085,-0.0000085,0
732.01,36724087,CP,0.7683904,0.0000096,-0.0000096,0
732.02,36724087,CP,12.2534308,0.0015667,-0.0015667,0
7320.01,279528230,PC,6.6802019,0.0000485,-0.0000485,0
7321.01,423903016,PC,3.0039961,0.0000260,-0.0000260,0
7322.01,436222251,PC,5.5316291,0.0000367,-0.0000367,0
7323.01,421330229,PC,4.7766940,0.0000065,-0.0000065,0
7324.01,210337597,FP,0.5257499,0.0000008,-0.0000008,0
7325.01,286857537,PC,2.0394246,0.0000032,-0.0000032,0
7326.01,193081156,PC,5.4584109,0.0000447,-0.0000447,0
7327.01,279472966,PC,5.0789699,0.0000338,-0.0000338,0
7328.01,99025225,PC,12.5069936,0.0000655,-0.0000655,0
7329.01,387377484,PC,4.8622127,0.0000338,-0.0000338,0
733.01,106402532,CP,4.8847937,0.0000143,-0.0000143,0
7330.01,287444302,PC,2.8411706,0.0000025,-0.0000025,0
7331.01,160512852,PC,6.0011971,0.0000064,-0.0000064,0
7332.01,273069412,FP,3.5399394,0.0000101,-0.0000101,0
7333.01,160585062,PC,6.2644714,0.0000240,-0.0000240,0
7334.01,352301423,PC,1.7085226,0.0000035,-0.0000035,0
7335.01,75417968,FP,3.3815776,0.0000043,-0.0000043,0
7336.01,271017537,PC,0.5418555,0.0000011,-0.0000011,0
7337.01,323407659,PC,4.2619292,0.0000107,-0.0000107,0
7338.01,309133240,PC,3.3847215,0.0000138,-0.0000138,0
7339.01,202059363,PC,4.2470926,0.0000123,-0.0000123,0
734.01,146846569,FP,4.7535388,0.0000022,-0.0000022,0
7340.01,238279960,PC,7.4894672,0.0011710,-0.0011710,0
7340.02,238279960,PC,3.4438328,0.0011587,-0.0011587,0
7341.01,445276138,PC,0.4925418,0.0000005,-0.0000005,0
7342.01,90950296,PC,14.1532848,0.0001248,-0.0001248,0
7343.01,44451202,PC,2.1011992,0.0001855,-0.0001855,0
7344.01,17925767,PC,2.4364562,0.0000032,-0.0000032,0
7345.01,243283955,FP,8.4071330,0.0000243,-0.0000243,0
7346.01,113542042,PC,1.7687035,0.0003795,-0.0003795,0
7347.01,233747840,PC,60.8344877,0.0006921,-0.0006921,0
7348.01,289345412,PC,3.3390124,0.0000046,-0.0000046,0
7349.01,129198098,PC,2.9803410,0.0000037,-0.0000037,0
735.01,150271680,FP,2.5936940,0.0005900,-0.0005900,0
7350.01,257052211,FP,2.2175244,0.0000089,-0.0000089,0
7351.01,43921512,PC,3.8405138,0.0004367,-0.0004367,0
7352.01,411347315,FP,4.0662367,0.0000199,-0.0000199,0
7353.01,256778317,PC,6.2157513,0.0000237,-0.0000237,0
7354.01,259415341,PC,3.6487690,0.0000186,-0.0000186,0
7355.01,160652910,PC,3.6814233,0.0000256,-0.0000256,0
7356.01,402992891,PC,17.3986129,0.0001377,-0.0001377,0
7357.01,270494650,PC,60.3541599,0.0003360,-0.0003360,0
7358.01,258634801,PC,7.0548729,0.0000641,-0.0000641,0
7359.01,18023524,PC,4.3656102,0.0000557,-0.0000557,0
736.01,181804752,CP,4.9899176,0.0000056,-0.0000056,0
736.02,181804752,CP,0.9479945,0.0000139,-0.0000139,0
7360.01,258822347,PC,30.7331484,0.0005888,-0.0005888,0
7361.01,120487017,PC,8.2158997,0.0000472,-0.0000472,0
7362.01,430666395,APC,1.1930966,0.0000020,-0.0000020,0
7363.01,306039307,PC,6.9929558,0.0000830,-0.0000830,0
7364.01,236644754,PC,2.9257773,0.0000037,-0.0000037,0
7365.01,120737368,PC,3.1924816,0.0005857,-0.0005857,0
7366.01,21349099,PC,3.7538770,0.0000119,-0.0000119,0
7367.01,240535286,PC,2.9814911,0.0000013,-0.0000013,0
7368.01,256783400,PC,33.5792968,0.0000985,-0.0000985,0
7369.01,139350191,PC,10.2887023,0.0000239,-0.0000239,0
737.01,219189765,CP,1.7318529,0.0000018,-0.0000018,0
7370.01,97248423,PC,13.3079913,0.0001277,-0.0001277,0
7371.01,452727513,PC,18.9104241,0.0001475,-0.0001475,0
7372.01,369581703,FP,8.5084620,0.0000315,-0.0000315,0
7373.01,10552342,FP,7.5414411,0.0000063,-0.0000063,0
7374.01,88641387,PC,17.0303122,0.0002042,-0.0002042,0
7375.01,395790368,PC,27.1970496,0.0001303,-0.0001303,0
7376.01,245349211,PC,7.4861705,0.0000525,-0.0000525,0
7377.01,255998336,PC,6.7735083,0.0000453,-0.0000453,0
7378.01,373196394,PC,7.0814677,0.0000371,-0.0000371,0
7379.01,427715152,PC,10.9911631,0.0000436,-0.0000436,0
738.01,260304800,PC,3.4405946,0.0000012,-0.0000012,0
7380.01,53461742,PC,4.4136877,0.0010188,-0.0010188,0
7381.01,52745699,PC,3.1653382,0.0006267,-0.0006267,0
7382.01,124128680,PC,1.0370296,0.0001279,-0.0001279,0
7383.01,11755687,KP,3.0522686,0.0001879,-0.0001879,0
7384.01,192833836,PC,6.2335155,0.0014056,-0.0014056,0
7385.01,235072851,PC,3.1191196,0.0002595,-0.0002595,0
7386.01,296354161,PC,6.0042191,0.0011717,-0.0011717,0
7387.01,300381700,PC,9.0856617,0.0021508,-0.0021508,0
7388.01,124573902,APC,0.3328569,0.0000029,-0.0000029,0
7389.01,224603921,PC,26.3451090,0.0002485,-0.0002485,0
739.01,279425357,PC,9.0150439,0.0000057,-0.0000057,0
7390.01,160075684,PC,81.3716681,0.0007612,-0.0007612,0
7391.01,258776466,PC,7.4108495,0.0000190,-0.0000190,0
7392.01,198178859,PC,7.3050577,0.0000608,-0.0000608,0
7393.01,165598669,PC,3.3370666,0.0000669,-0.0000669,0
7394.01,161687211,PC,1.2529966,0.0000007,-0.0000007,0
7395.01,273234825,KP,125.8659048,0.0167167,-0.0167167,0
7396.01,273690178,KP,14.8589888,0.0000512,-0.0000512,0
7397.01,259238498,PC,26.6796741,0.0001196,-0.0001196,0
7398.01,122706449,PC,2.6068332,0.0004174,-0.0004174,0
7399.01,233194447,PC,,,,0
740.01,310009611,PC,2.1312250,0.0000064,-0.0000064,0
7400.01,333324340,PC,1.8289577,0.0000067,-0.0000067,0
7401.01,177697418,PC,4.3181867,0.0000160,-0.0000160,0
7402.01,455733237,PC,14.3640841,0.0001490,-0.0001490,0
7403.01,173706852,PC,10.1170644,0.0000126,-0.0000126,0
7404.01,352409708,PC,1.4634420,0.0000027,-0.0000027,0
7405.01,374173310,PC,15.4474502,0.0001064,-0.0001064,0
7406.01,173615288,PC,2.8885639,0.0000022,-0.0000022,0
7407.01,439939258,PC,4.4640046,0.0000171,-0.0000171,0
7408.01,202648961,PC,8.0242387,0.0000302,-0.0000302,0
7409.01,432224130,PC,2.6800806,0.0001923,-0.0001923,0
741.01,359271092,CP,7.5768334,0.0000352,-0.0000352,0
7410.01,352107384,PC,3.5043637,0.0000110,-0.0000110,0
7411.01,440001383,PC,3.1551543,0.0000133,-0.0000133,0
7412.01,177494632,PC,1.7636086,0.0000030,-0.0000030,0
7413.01,154480367,PC,3.8037696,0.0000185,-0.0000185,0
7414.01,127426341,PC,7.8994620,0.0000105,-0.0000105,0
7415.01,374177909,FP,0.1638211,0.0000004,-0.0000004,0
7416.01,191373021,FP,0.3013943,0.0000003,-0.0000003,0
7417.01,25624952,FP,3.1239462,0.0000111,-0.0000111,0
7418.01,291732201,FP,6.7415334,0.0000040,-0.0000040,0
7419.01,199296714,PC,1.3777496,0.0000055,-0.0000055,0
742.01,373424049,FP,0.9619170,0.0000020,-0.0000020,0
7420.01,259188347,PC,25.5249554,0.0000218,-0.0000218,0
7421.01,354478327,PC,0.3489261,0.0000005,-0.0000005,0
7422.01,302477411,PC,3.3593261,0.0000140,-0.0000140,0
7423.01,279871772,PC,2.8899770,0.0000141,-0.0000141,0
7424.01,61520064,PC,3.1271505,0.0000087,-0.0000087,0
7425.01,285592400,PC,1.2815706,0.0000004,-0.0000004,0
7426.01,186530554,PC,0.7665260,0.0000011,-0.0000011,0
7427.01,422707559,PC,3.5254649,0.0000028,-0.0000028,0
7428.01,13036318,PC,3.1467998,0.0000098,-0.0000098,0
7429.01,436875993,PC,4.7117395,0.0000283,-0.0000283,0
743.01,434486077,PC,2.2284671,0.0000074,-0.0000074,0
7430.01,264193444,PC,21.4930896,0.0001175,-0.0001175,0
7431.01,347018922,FP,1.1919382,0.0000037,-0.0000037,0
7432.01,192321638,PC,7.0309061,0.0000360,-0.0000360,0
7433.01,450012972,PC,1.8179336,0.0000041,-0.0000041,0
7434.01,250478345,PC,2.4228387,0.0000116,-0.0000116,0
7435.01,77258176,PC,4.6821297,0.0000261,-0.0000261,0
7436.01,305830609,PC,4.0616142,0.0000164,-0.0000164,0
7437.01,73692250,PC,2.5726086,0.0000008,-0.0000008,0
7438.01,387527174,PC,1.1253333,0.0000005,-0.0000005,0
7439.01,335037151,PC,3.5466109,0.0000091,-0.0000091,0
744.01,437242640,KP,4.3176859,0.0000011,-0.0000011,0
7440.01,252045206,PC,34.0796886,0.0002128,-0.0002128,0
7441.01,467602108,PC,2.2351679,0.0000035,-0.0000035,0
7442.01,196389062,PC,2.6358758,0.0000056,-0.0000056,0
7443.01,22659404,PC,2.7472062,0.0000052,-0.0000052,0
7444.01,470898625,APC,5.8856040,0.0000113,-0.0000113,0
7445.01,245665919,PC,6.2144045,0.0000112,-0.0000112,0
7446.01,374122973,PC,3.5044728,0.0000051,-0.0000051,0
7447.01,400503123,PC,1.5016329,0.0000047,-0.0000047,0
7448.01,104153474,PC,5.0458476,0.0000098,-0.0000098,0
7449.01,418262301,PC,12.9153290,0.0000148,-0.0000148,0
745.01,444842193,APC,1.0790928,0.0000057,-0.0000057,0
7450.01,73729607,PC,0.7938732,0.0000020,-0.0000020,0
7451.01,259381479,PC,3.9461778,0.0000107,-0.0000107,0
7452.01,327249454,PC,3.0493323,0.0000104,-0.0000104,0
7453.01,347944406,PC,8.3873861,0.0000369,-0.0000369,0
7454.01,130087198,PC,3.1733972,0.0000169,-0.0000169,0
7455.01,196351790,PC,13.2026423,0.0000995,-0.0000995,0
7456.01,158933249,KP,,,,0
7457.01,272840455,KP,6.8733768,0.0001155,-0.0001155,0
7458.01,169081296,KP,16.2385246,0.0000523,-0.0000523,0
7459.01,417829948,PC,8.9511797,0.0000511,-0.0000511,0
746.01,167418903,PC,10.9803114,0.0000059,-0.0000059,0
7460.01,159303995,PC,46.1578388,0.0124253,-0.0124253,0
7461.01,271052158,KP,5.9605542,0.0000302,-0.0000302,0
7462.01,298897095,PC,2.6236518,0.0002862,-0.0002862,0
7463.01,274198407,KP,4.6626320,0.0000317,-0.0000317,0
7464.01,251090642,PC,20.0417055,0.0000287,-0.0000287,0
7465.01,167804011,PC,6.2061962,0.0017226,-0.0017226,0
7466.01,229172128,PC,13.6228500,0.0000476,-0.0000476,0
7467.01,319855425,PC,2.8766717,0.0010936,-0.0010936,0
7468.01,2621212,KP,,,,0
7469.01,187309502,KP,3.5868547,0.0008501,-0.0008501,0
747.01,15445551,KP,1.6827917,0.0000011,-0.0000011,0
7470.01,437444661,KP,17.9758603,0.0031655,-0.0031655,0
7471.01,46020827,KP,9.3911326,0.0005306,-0.0005306,0
7472.01,145368316,KP,1.6096874,0.0000360,-0.0000360,0
7473.01,187278212,KP,,,,0
7474.01,50171060,KP,1.2578130,0.0000213,-0.0000213,0
7475.01,376866659,PC,3.2527618,0.0000531,-0.0000531,0
7476.01,442530946,KP,3.7130279,0.0001142,-0.0001142,0
7477.01,126325985,KP,3.3128160,0.0003031,-0.0003031,0
7478.01,11270200,KP,3.1432403,0.0006215,-0.0006215,0
7479.01,77202722,KP,3.3566052,0.0001821,-0.0001821,0
748.01,104024556,KP,2.0219583,0.0000018,-0.0000018,0
7480.01,71841620,KP,5.0843340,0.0002696,-0.0002696,0
7481.01,431016234,PC,12.3832847,0.0077002,-0.0077002,0
7482.01,188500604,PC,5.8767209,0.0017062,-0.0017062,0
7483.01,76835246,PC,0.5127744,0.0000386,-0.0000386,0
7484.01,68952448,KP,4.6144478,0.0002390,-0.0002390,0
7485.01,441122551,PC,3.3870505,0.0004951,-0.0004951,0
7486.01,336732544,KP,3.2771118,0.0003893,-0.0003893,0
7487.01,301258470,KP,12.4563692,0.0019929,-0.0019929,0
7488.01,128168083,PC,3.9072366,0.0012768,-0.0012768,0
7489.01,262016897,PC,15.1458746,0.0038675,-0.0038675,0
749.01,5868998,APC,0.6355400,0.0000120,-0.0000120,0
7490.01,250977648,KP,4.6080854,0.0040888,-0.0040888,0
7491.01,119262291,KP,4.1747143,0.0012136,-0.0012136,0
7492.01,102068384,KP,2.5001361,0.0002082,-0.0002082,0
7493.01,12611594,KP,1.9155258,0.0002249,-0.0002249,0
7494.01,111778581,PC,11.4212059,0.0018647,-0.0018647,0
7495.01,377240984,PC,11.5843559,0.0058658,-0.0058658,0
7496.01,96847781,KP,3.5841000,0.0010877,-0.0010877,0
7497.01,130633912,KP,5.2913602,0.0007303,-0.0007303,0
7498.01,441012828,PC,2.7892780,0.0004379,-0.0004379,0
7499.01,301031110,KP,3.8304162,0.0005335,-0.0005335,0
750.01,14614418,KP,0.8378453,0.0000009,-0.0000009,0
7500.01,154796579,PC,7.4647583,0.0011655,-0.0011655,0
7501.01,271898990,KP,1.7476330,0.0002646,-0.0002646,0
7502.01,169504920,KP,3.1052319,0.0001685,-0.0001685,0
7503.01,11439959,KP,3.6188769,0.0007642,-0.0007642,0
7504.01,110795273,PC,9.4715404,0.0000205,-0.0000205,0
7504.02,110795273,PC,4.4443069,0.0000176,-0.0000176,0
7505.01,55871761,PC,3.8618241,0.0000107,-0.0000107,0
7506.01,270204383,PC,3.3335134,0.0005425,-0.0005425,0
7507.01,397231954,PC,17.2808570,0.0032499,-0.0032499,0
7508.01,327302178,PC,1.0065503,0.0000817,-0.0000817,0
7509.01,355058141,PC,0.7105047,0.0000323,-0.0000323,0
751.01,14661418,KP,4.7228160,0.0000017,-0.0000017,0
7510.01,118798035,CP,11.5317273,0.0001469,-0.0001469,0
7510.02,118798035,CP,22.5709991,0.0022537,-0.0022537,0
7510.03,118798035,CP,48.8621728,0.0004951,-0.0004951,0
7511.01,146364192,KP,2.3691651,0.0000141,-0.0000141,0
7512.01,380255458,KP,6.5692080,0.0006984,-0.0006984,0
7513.01,56815340,KP,9.5802888,0.0000546,-0.0000546,0
7513.02,56815340,KP,1221.2709773,0.0029605,-0.0029605,0
7514.01,187495749,PC,1.8460559,0.0000254,-0.0000254,0
7515.01,317882327,PC,3.5881072,0.0000071,-0.0000071,0
7516.01,431871952,PC,6.2494565,0.0012177,-0.0012177,0
7517.01,461547946,PC,10.3067866,0.0000664,-0.0000664,0
7518.01,368184695,PC,6.4856471,0.0000183,-0.0000183,0
7519.01,156678143,PC,7.2585779,0.0000213,-0.0000213,0
752.01,61538902,KP,5.7481323,0.0000017,-0.0000017,0
7520.01,456130294,PC,10.2461099,0.0000282,-0.0000282,0
7521.01,316138059,PC,0.8618404,0.0000011,-0.0000011,0
7522.01,459021929,PC,21.7262508,0.0002456,-0.0002456,0
7523.01,238959233,PC,4.6612817,0.0000081,-0.0000081,0
7524.01,366564164,PC,7.5243992,0.0000086,-0.0000086,0
7525.01,367710318,PC,1.7184540,0.0000006,-0.0000006,0
7526.01,141524447,PC,33.0179222,0.0002233,-0.0002233,0
7527.01,187495621,PC,3.2662137,0.0000164,-0.0000164,0
7528.01,252851803,PC,4.9826868,0.0000214,-0.0000214,0
7529.01,117174065,PC,16.6036329,0.0001645,-0.0001645,0
753.01,61988212,APC,0.5552550,0.0000490,-0.0000490,0
7530.01,318491006,PC,5.1818499,0.0000221,-0.0000221,0
7531.01,117772549,PC,7.8764851,0.0000288,-0.0000288,0
7532.01,150271800,PC,11.4031046,0.0000294,-0.0000294,0
7533.01,63303430,PC,1.7518061,0.0000072,-0.0000072,0
7534.01,220621072,PC,14.0287826,0.0001611,-0.0001611,0
7535.01,60527976,PC,7.5811936,0.0000146,-0.0000146,0
7536.01,438298111,PC,3.3287841,0.0000188,-0.0000188,0
7537.01,231949697,PC,0.9072056,0.0000014,-0.0000014,0
7538.01,37075377,PC,28.2864647,0.0002481,-0.0002481,0
7539.01,72214252,PC,8.6001093,0.0000170,-0.0000170,0
754.01,72985822,PC,3.8639681,0.0000041,-0.0000041,0
7540.01,89014296,PC,1.4945574,0.0000031,-0.0000031,0
7541.01,59845928,PC,14.6062760,0.0001512,-0.0001512,0
7542.01,206763148,PC,8.9452720,0.0000433,-0.0000433,0
7543.01,235283051,PC,9.3137821,0.0000433,-0.0000433,0
7544.01,237405551,PC,4.8744903,0.0015713,-0.0015713,0
7545.01,283094471,PC,11.9039356,0.0000388,-0.0000388,0
7546.01,410449566,PC,9.6414086,0.0000159,-0.0000159,0
7547.01,358111035,PC,22.0089343,0.0001850,-0.0001850,0
7548.01,234187289,PC,5.1836578,0.0000146,-0.0000146,0
7549.01,72212948,PC,2.1610101,0.0000019,-0.0000019,0
755.01,73228647,CP,2.5404679,0.0000081,-0.0000081,0
755.02,73228647,KP,6.7418796,0.0000192,-0.0000192,0
7550.01,220599411,PC,4.9843963,0.0000196,-0.0000196,0
7551.01,178739678,PC,17.5945149,0.0000478,-0.0000478,0
7552.01,235057120,PC,13.1742812,0.0000448,-0.0000448,0
7553.01,10487354,PC,2.4971198,0.0000059,-0.0000059,0
7554.01,322818151,PC,2.2948595,0.0005276,-0.0005276,0
7555.01,307036187,PC,2.8404588,0.0000062,-0.0000062,0
7556.01,232131043,PC,11.1035428,0.0000457,-0.0000457,0
7557.01,284613259,PC,6.3548995,0.0000096,-0.0000096,0
7558.01,207334420,PC,4.1531567,0.0000067,-0.0000067,0
7559.01,234009062,PC,9.5366313,0.0000240,-0.0000240,0
756.01,73649615,CP,1.2392569,0.0000055,-0.0000055,0
7560.01,60520371,PC,2.1974264,0.0000035,-0.0000035,0
7561.01,317924729,PC,1.9989903,0.0000006,-0.0000006,0
7562.01,404970821,PC,13.2253756,0.0001127,-0.0001127,0
7563.01,71581518,PC,13.7585310,0.0001943,-0.0001943,0
7564.01,318756174,PC,3.3799879,0.0000021,-0.0000021,0
7565.01,52555068,PC,2.6241681,0.0000017,-0.0000017,0
7566.01,251186192,PC,2.9538158,0.0000037,-0.0000037,0
7567.01,5370009,PC,5.8119593,0.0000041,-0.0000041,0
7568.01,234595543,PC,1.4893903,0.0000036,-0.0000036,0
7569.01,95415033,PC,5.6727960,0.0000174,-0.0000174,0
757.01,130924120,CP,17.4682298,0.0000697,-0.0000697,0
7570.01,172463434,PC,11.8106694,0.0000574,-0.0000574,0
7571.01,261944532,PC,5.2456808,0.0000199,-0.0000199,0
7572.01,237664324,PC,11.4961458,0.0000626,-0.0000626,0
7573.01,153696322,PC,0.7014613,0.0000007,-0.0000007,0
7574.01,159084486,PC,4.4802689,0.0002974,-0.0002974,0
7575.01,393412295,PC,13.2442861,0.0000517,-0.0000517,0
7576.01,206947218,PC,3.9531681,0.0000049,-0.0000049,0
7577.01,12090836,PC,3.1969894,0.0000050,-0.0000050,0
7578.01,125260728,PC,5.3603536,0.0000074,-0.0000074,0
7579.01,95512789,PC,2.3277044,0.0000044,-0.0000044,0
758.01,131081852,FP,13.2735914,0.0000046,-0.0000046,0
7580.01,143168991,PC,19.5099226,0.0000486,-0.0000486,0
7580.02,143168991,PC,5.9284809,0.0000258,-0.0000258,0
7580.03,143168991,PC,12.2971298,0.0000750,-0.0000750,0
7581.01,350934357,PC,226.2820777,0.0028474,-0.0028474,0
7582.01,142914189,PC,7.6324317,0.0000532,-0.0000532,0
7583.01,110110529,PC,0.7180306,0.0000012,-0.0000012,0
7584.01,57047535,PC,18.6883288,0.0000251,-0.0000251,0
7585.01,100474173,PC,8.9331070,0.0000576,-0.0000576,0
7586.01,142711195,PC,10.4498110,0.0000420,-0.0000420,0
7587.01,294668702,PC,36.9078303,0.0001666,-0.0001666,0
7588.01,279154795,PC,4.1835297,0.0000020,-0.0000020,0
7589.01,452837676,PC,1.4866436,0.0000003,-0.0000003,0
759.01,152147232,APC,4.2135662,0.0000062,-0.0000062,0
7590.01,148322608,PC,7.3364117,0.0000098,-0.0000098,0
7591.01,55967712,PC,14.2288072,0.0000462,-0.0000462,0
7592.01,267834862,PC,18.0214321,0.0000515,-0.0000515,0
7593.01,238394308,PC,34.3299701,0.0002920,-0.0002920,0
7594.01,308692360,PC,9.9892115,0.0000280,-0.0000280,0
7595.01,54272884,PC,15.4821170,0.0000456,-0.0000456,0
7596.01,47248224,PC,5.5378585,0.0000106,-0.0000106,0
7597.01,167337562,PC,50.6660684,0.0002085,-0.0002085,0
7598.01,185620819,PC,13.3173115,0.0000613,-0.0000613,0
7599.01,142757891,PC,2.3428516,0.0000034,-0.0000034,0
760.01,162362398,APC,12.3396368,0.0000150,-0.0000150,0
7600.01,350230694,PC,8.0105138,0.0000380,-0.0000380,0
7601.01,111741396,PC,6.7230209,0.0000229,-0.0000229,0
7602.01,156716001,PC,10.2977881,0.0000413,-0.0000413,0
7603.01,26046851,PC,6.6802856,0.0000244,-0.0000244,0
7604.01,405255920,PC,9.0409947,0.0000201,-0.0000201,0
7605.01,393626873,PC,2.5139692,0.0000062,-0.0000062,0
7606.01,63735024,PC,4.8870585,0.0000068,-0.0000068,0
7607.01,306772292,PC,13.8672643,0.0000211,-0.0000211,0
7608.01,177033137,PC,26.6631120,0.0000187,-0.0000187,0
7609.01,108748840,PC,3.1952201,0.0000078,-0.0000078,0
761.01,165317334,PC,10.5557332,0.0000207,-0.0000207,0
761.02,165317334,PC,1.8320863,0.0000126,-0.0000126,0
7610.01,121341000,PC,22.1441161,0.0000229,-0.0000229,0
7611.01,231451287,PC,16.8812736,0.0001099,-0.0001099,0
7612.01,289481977,PC,10.8739662,0.0000530,-0.0000530,0
7613.01,409796937,APC,6.3162561,0.0000190,-0.0000190,0
7614.01,132766482,PC,21.7456169,0.0004687,-0.0004687,0
7615.01,348899056,PC,2.1670093,0.0000022,-0.0000022,0
7616.01,285212983,PC,1.9622504,0.0000018,-0.0000018,0
7617.01,385796857,PC,3.9335060,0.0000164,-0.0000164,0
7618.01,54391400,PC,6.7722112,0.0000237,-0.0000237,0
7619.01,412386707,PC,39.2959509,0.0000879,-0.0000879,0
762.01,178709444,CP,3.4716808,0.0000033,-0.0000033,0
7620.01,167165932,PC,145.1966742,0.0011566,-0.0011566,0
7621.01,130958848,PC,14.2391963,0.0000237,-0.0000237,0
7622.01,141279435,PC,40.8216519,0.0001280,-0.0001280,0
763.01,178819686,CP,5.6057748,0.0000114,-0.0000114,0
763.02,178819686,CP,12.2772444,0.0000309,-0.0000309,0
764.01,181159386,APC,5.6316663,0.0000038,-0.0000038,0
765.01,219401954,FA,0.8614840,0.0001470,-0.0001470,0
766.01,219698950,KP,3.4464529,0.0000016,-0.0000016,0
767.01,229047362,KP,3.7648730,0.0000690,-0.0000690,0
768.01,229811538,APC,11.5294381,0.0000144,-0.0000144,0
769.01,248075138,KP,4.9816784,0.0000030,-0.0000030,0
770.01,248111245,KP,4.6370479,0.0000105,-0.0000105,0
771.01,277634430,CP,2.3260077,0.0000049,-0.0000049,0
772.01,286864983,PC,11.0163421,0.0000113,-0.0000113,0
772.02,286864983,PC,744.2007603,0.0028915,-0.0028915,0
772.03,286864983,PC,2.7912365,0.0000121,-0.0000121,0
773.01,286865921,KP,4.9712980,0.0000046,-0.0000046,0
774.01,294301883,KP,4.4656343,0.0000024,-0.0000024,0
775.01,304042899,FP,12.4458741,0.0050027,-0.0050027,0
776.01,306996324,CP,15.6653322,0.0000384,-0.0000384,0
776.02,306996324,CP,8.2466133,0.0000146,-0.0000146,0
777.01,334305570,PC,8.3008562,0.0000057,-0.0000057,0
778.01,335630746,CP,4.6336155,0.0000016,-0.0000016,0
779.01,374095457,PC,0.7839149,0.0000014,-0.0000014,0
780.01,398943781,KP,3.0524018,0.0000008,-0.0000008,0
781.01,413376180,KP,1.3541342,0.0000006,-0.0000006,0
782.01,429358906,CP,8.0239811,0.0000169,-0.0000169,0
783.01,451645081,PC,8.1125147,0.0000308,-0.0000308,0
784.01,460984940,CP,2.7970316,0.0000064,-0.0000064,0
785.01,374829238,PC,18.6286102,0.0005372,-0.0005372,0
786.01,375059587,PC,12.6693786,0.0000493,-0.0000493,0
786.02,375059587,PC,38.5537648,0.0003573,-0.0003573,0
787.01,350584963,PC,2.1263165,0.0000065,-0.0000065,0
788.01,349829627,PC,6.4872362,0.0000201,-0.0000201,0
789.01,300710077,PC,5.4470648,0.0000098,-0.0000098,0
789.02,300710077,PC,12.9707041,0.0000254,-0.0000254,0
789.03,300710077,PC,8.0432343,0.0000192,-0.0000192,0
790.01,308994098,PC,199.5779073,0.0009281,-0.0009281,0
790.02,308994098,PC,41.0175174,0.0002666,-0.0002666,0
790.03,308994098,PC,,,,0
791.01,306472057,PC,139.3048512,0.0002187,-0.0002187,0
791.02,306472057,PC,928.0455814,0.0009379,-0.0009379,0
792.01,294780517,FP,15.6477055,0.0002479,-0.0002479,0
793.01,300013921,FP,54.6616036,0.0001672,-0.0001672,0
794.01,299945285,PC,52.4072665,0.0002740,-0.0002740,0
795.01,278895705,PC,8.7609906,0.0000108,-0.0000108,0
796.01,277099925,FA,0.8086308,0.0000043,-0.0000043,0
797.01,271596225,PC,1.8007935,0.0000043,-0.0000043,0
797.02,271596225,PC,4.1400062,0.0000073,-0.0000073,0
797.03,271596225,PC,2.7309449,0.0000085,-0.0000085,0
798.01,260640693,APC,95.2391755,0.0001200,-0.0001200,0
799.01,255685030,PC,5.5451661,0.0000148,-0.0000148,0
800.01,179308757,APC,0.9657303,0.0000067,-0.0000067,0
801.01,177258735,PC,0.7757012,0.0000070,-0.0000070,0
802.01,167303382,PC,3.6939160,0.0000089,-0.0000089,0
803.01,143526444,FP,15.3050693,0.0001821,-0.0001821,0
804.01,41227743,FP,1.4188153,0.0000084,-0.0000084,0
805.01,38460940,PC,4.1177649,0.0000112,-0.0000112,0
806.01,33831980,PC,21.9166429,0.0000489,-0.0000489,0
807.01,30853470,PC,5.2702557,0.0000120,-0.0000120,0
808.01,30122649,PC,9.7394089,0.0000485,-0.0000485,0
809.01,149301575,APC,183.4589190,0.0118960,-0.0118960,0
810.01,388106759,PC,28.3057042,0.0001180,-0.0001180,0
810.02,388106759,PC,90.8479191,0.0010580,-0.0010580,0
811.01,100757807,PC,25.1760133,0.0000271,-0.0000271,0
812.01,363914762,PC,13.8665912,0.0000140,-0.0000140,0
813.01,55525572,CP,83.8962434,0.0002220,-0.0002220,0
814.01,255760319,FP,7.2104800,0.0004500,-0.0004500,0
815.01,102840239,CP,11.1972769,0.0000256,-0.0000256,0
815.02,102840239,CP,734.4987702,0.0000804,-0.0000804,0
816.01,175180796,FP,1.5574700,0.0002200,-0.0002200,0
817.01,30312676,FP,1.1022300,,,0
818.01,46096489,KP,3.1185360,0.0000840,-0.0000840,0
819.01,73717937,KP,16.2546802,0.0000718,-0.0000718,0
820.01,111991770,KP,3.7520620,0.0001470,-0.0001470,0
821.01,125405602,FA,13.8233030,0.0040730,-0.0040730,0
822.01,127530399,KP,7.1335149,0.0000021,-0.0000021,0
822.02,127530399,CP,1.0115336,0.0000098,-0.0000098,0
823.01,158978373,APC,13.5337579,0.0000144,-0.0000144,0
824.01,193641523,CP,1.3929721,0.0000029,-0.0000029,0
825.01,220029715,KP,3.1853186,0.0000044,-0.0000044,0
826.01,243200602,KP,11.5509742,0.0000078,-0.0000078,0
827.01,270507305,APC,1.2282706,0.0000006,-0.0000006,0
828.01,271168962,KP,5.3220505,0.0001805,-0.0001805,0
829.01,276128561,PC,3.2877916,0.0000077,-0.0000077,0
830.01,281924357,PC,15.0405221,0.0000049,-0.0000049,0
831.01,307610438,APC,1.5617357,0.0000013,-0.0000013,0
832.01,350332997,FP,1.9160221,0.0000014,-0.0000014,0
833.01,362249359,CP,1.0418890,0.0000056,-0.0000056,0
834.01,404340025,KP,2.6755521,0.0000005,-0.0000005,0
835.01,405700729,PC,4.7920153,0.0000096,-0.0000096,0
836.01,440887364,CP,8.5954792,0.0000305,-0.0000305,0
836.02,440887364,CP,3.8167262,0.0000133,-0.0000133,0
837.01,460205581,CP,8.3249172,0.0000064,-0.0000064,0
838.01,461271719,FP,7.6246239,0.0000105,-0.0000105,0
839.01,466840711,KP,2.4855806,0.0000249,-0.0000249,0
840.01,287563610,KP,3.7993182,0.0000160,-0.0000160,0
841.01,238932509,PC,3.4934316,0.0000017,-0.0000017,0
842.01,141768070,PC,2.7863813,0.0000006,-0.0000006,0
843.01,437333618,KP,4.2986466,0.0000024,-0.0000024,0
844.01,380886535,FP,8.9066251,0.0010360,-0.0010360,0
845.01,32283946,FP,7.0618100,0.0010800,-0.0010800,0
846.01,229141709,FP,14.2048900,0.0015100,-0.0015100,0
847.01,231289421,PC,3.2063107,0.0000040,-0.0000040,0
848.01,42015200,FP,9.7774200,0.0025400,-0.0025400,0
849.01,33595516,CP,0.7656600,0.0001500,-0.0001500,0
850.01,423670610,APC,10.3210300,0.0007400,-0.0007400,0
851.01,40083958,APC,0.6296000,,,0
852.01,29918916,PC,4.9433360,0.0000562,-0.0000562,0
853.01,138727432,PC,6.8646554,0.0000478,-0.0000478,0
854.01,160222069,APC,5.8508237,0.0000390,-0.0000390,0
855.01,269558487,PC,1.8301156,0.0000038,-0.0000038,0
856.01,306338882,APC,5.4014000,0.0018700,-0.0018700,0
857.01,404467699,KP,3.9080236,0.0000027,-0.0000027,0
858.01,198008005,CP,3.2797206,0.0000017,-0.0000017,0
859.01,150430484,PC,5.1543265,0.0000052,-0.0000052,0
860.01,321011127,PC,6.4535152,0.0000070,-0.0000070,0
861.01,372913430,FP,6.7391601,0.0000245,-0.0000245,0
862.01,309254930,PC,3.3102159,0.0000007,-0.0000007,0
863.01,238898571,PC,0.5251251,0.0000090,-0.0000090,0
864.01,231728511,PC,0.5206710,0.0000081,-0.0000081,0
865.01,44797824,APC,0.7455787,0.0000097,-0.0000097,0
866.01,381976956,FA,22.3389160,0.0006840,-0.0006840,0
867.01,358460246,PC,15.4043768,0.0000629,-0.0000629,0
868.01,271596418,FP,0.5561090,0.0000170,-0.0000170,0
869.01,200807066,FA,26.2588239,0.0002778,-0.0002778,0
870.01,219229644,PC,22.0379547,0.0000971,-0.0000971,0
871.01,219344917,CP,14.3627380,0.0000684,-0.0000684,0
872.01,220459826,PC,2.2395544,0.0000037,-0.0000037,0
872.02,220459826,PC,4.9727711,0.0000103,-0.0000103,0
873.01,237920046,PC,5.9312003,0.0000126,-0.0000126,0
874.01,232025086,PC,5.9049733,0.0000242,-0.0000242,0
875.01,14165625,PC,11.0201530,0.0023160,-0.0023160,0
876.01,32497972,PC,29.4829022,0.0001521,-0.0001521,0
877.01,255704097,APC,6.0158020,0.0001245,-0.0001245,0
878.01,219380235,FA,3.9773904,0.0000718,-0.0000718,0
879.01,37084932,FP,6.5845400,0.0001200,-0.0001200,0
880.01,34077285,PC,6.3872524,0.0000082,-0.0000082,0
880.02,34077285,CP,2.5735943,0.0005479,-0.0005479,0
880.03,34077285,PC,14.3318853,0.0000831,-0.0000831,0
881.01,237808867,FP,0.5670800,0.0001000,-0.0001000,0
882.01,92013169,FP,2.3552639,0.0000039,-0.0000039,0
883.01,123846039,PC,10.0577297,0.0000167,-0.0000167,0
884.01,167031605,FP,2.7809000,0.0006100,-0.0006100,0
885.01,25334160,APC,2.5687600,0.0021400,-0.0021400,0
886.01,120269103,FP,20.4276727,0.0021033,-0.0021033,0
887.01,437984134,APC,5.7711400,0.0005900,-0.0005900,0
888.01,438295981,FP,3.9664300,0.0016700,-0.0016700,0
889.01,284288080,FP,1.8348500,0.0002200,-0.0002200,0
890.01,333607525,APC,3.2022978,0.0000050,-0.0000050,0
891.01,33690636,FP,4.9991500,0.0024400,-0.0024400,0
892.01,66561343,CP,10.6265837,0.0000166,-0.0000166,0
893.01,123958679,PC,5.6148305,0.0001365,-0.0001365,0
894.01,42755801,FP,4.3433389,0.0000194,-0.0000194,0
895.01,250484865,FP,0.7618900,0.0004300,-0.0004300,0
896.01,102283403,FA,3.5298500,0.0027000,-0.0027000,0
897.01,229384040,FP,1.2980202,0.0000159,-0.0000159,0
898.01,124543547,FP,,,,0
899.01,177162886,PC,12.8461943,0.0000046,-0.0000046,0
900.01,210873792,PC,4.8494108,0.0000562,-0.0000562,0
901.01,214361331,PC,3.2308423,0.0002072,-0.0002072,0
902.01,216935214,APC,18.2592673,0.0000257,-0.0000257,0
903.01,238197638,PC,7.2766004,0.0000251,-0.0000251,0
904.01,261257684,CP,10.8772748,0.0000116,-0.0000116,0
904.02,261257684,CP,83.9993991,0.0002596,-0.0002596,0
905.01,261867566,CP,3.7395716,0.0000007,-0.0000007,0
906.01,298372701,PC,1.6647888,0.0000013,-0.0000013,0
907.01,305424003,CP,4.5849129,0.0000089,-0.0000089,0
908.01,350153977,CP,3.1837789,0.0000057,-0.0000057,0
909.01,364107753,FP,3.9043855,0.0000182,-0.0000182,0
910.01,369327947,CP,2.0291067,0.0000044,-0.0000044,0
911.01,389070884,APC,8.5841822,0.0000016,-0.0000016,0
912.01,406941612,CP,4.6780590,0.0000044,-0.0000044,0
913.01,407126408,CP,11.0993480,0.0000156,-0.0000156,0
913.02,407126408,PC,1469.8512039,0.0110863,-0.0110863,0
914.01,153027658,FP,2.3374921,0.0000103,-0.0000103,0
915.01,259389219,FP,2.3250156,0.0000057,-0.0000057,0
916.01,348844154,FP,29.1736200,0.0023300,-0.0023300,0
917.01,207237016,PC,26.4126517,0.0000610,-0.0000610,0
918.01,294869729,FP,1.1140067,0.0000061,-0.0000061,0
919.01,150167117,APC,20.0272717,0.0000063,-0.0000063,0
920.01,271722899,FP,19.2998000,,,0
921.01,278775625,PC,5.1287265,0.0000105,-0.0000105,0
922.01,278199349,FP,9.4651600,0.0027500,-0.0027500,0
923.01,301051430,FP,3.2744665,0.0002523,-0.0002523,0
924.01,382068562,PC,12.1272702,0.0000027,-0.0000027,0
925.01,300599466,FP,13.1774100,0.0001800,-0.0001800,0
926.01,176796997,PC,1.7957918,0.0000088,-0.0000088,0
927.01,261258875,FP,2.5852000,0.0000200,-0.0000200,0
928.01,300557619,FP,30.5790800,0.0006700,-0.0006700,0
929.01,175532955,PC,5.8301490,0.0000282,-0.0000282,0
930.01,100921768,PC,4.9003800,0.0015700,-0.0015700,0
931.01,206474443,PC,3.2452094,0.0000040,-0.0000040,0
932.01,260417932,PC,19.3106015,0.0000567,-0.0000567,0
932.02,260417932,PC,7.9856481,0.0000318,-0.0000318,0
933.01,260130483,PC,88.9350637,0.0013011,-0.0013011,0
934.01,220475245,PC,3.7817383,0.0000008,-0.0000008,0
935.01,260476837,FP,2.2329400,0.0000100,-0.0000100,0
936.01,278198753,PC,7.9365330,0.0000089,-0.0000089,0
937.01,425163745,FP,0.2766400,0.0000100,-0.0000100,0
938.01,332660150,PC,8.8073507,0.0000447,-0.0000447,0
939.01,67772767,PC,7.6107227,0.0000116,-0.0000116,0
940.01,248434716,APC,0.7386689,0.0000014,-0.0000014,0
941.01,408137826,PC,8.5145626,0.0000267,-0.0000267,0
942.01,146520535,CP,4.3276500,0.0017300,-0.0017300,0
943.01,399871011,PC,12.3561100,0.0008300,-0.0008300,0
944.01,434234955,FP,6.0588453,0.0000338,-0.0000338,0
945.01,167714792,PC,0.9298045,0.0000090,-0.0000090,0
946.01,219205407,FP,6.1253092,0.0000010,-0.0000010,0
947.01,262330063,APC,7.3152300,0.0010800,-0.0010800,0
948.01,146438872,APC,12.7009000,0.0021700,-0.0021700,0
949.01,189013222,FP,1.3228701,0.0000071,-0.0000071,0
950.01,245947683,FA,1.1428800,0.0005900,-0.0005900,0
951.01,449050247,FP,2.9684500,0.0000800,-0.0000800,0
952.01,319312479,PC,1.7901100,0.0000100,-0.0000100,0
953.01,449050248,FP,2.9684400,0.0000800,-0.0000800,0
954.01,44792534,CP,3.6849700,0.0000100,-0.0000100,0
955.01,146467675,FP,1.6375303,0.0000046,-0.0000046,0
956.01,146434840,FP,17.9547300,0.0025000,-0.0025000,0
957.01,249067445,FP,0.8317937,0.0000193,-0.0000193,0
958.01,92880568,APC,0.5875044,0.0000011,-0.0000011,0
959.01,279999655,FP,1.5410400,0.0000400,-0.0000400,0
960.01,5109298,FP,1.6187107,0.0006550,-0.0006550,0
961.01,265077027,FP,4.7958600,0.0006700,-0.0006700,0
962.01,141776043,FP,4.0626900,0.0007100,-0.0007100,0
963.01,25799609,PC,11.1178464,0.0000270,-0.0000270,0
964.01,179155220,FP,0.6027400,0.0000200,-0.0000200,0
965.01,179159972,FP,1.3710100,0.0003500,-0.0003500,0
966.01,178367144,KP,3.4091568,0.0000897,-0.0000897,0
967.01,445586472,FP,1.7393631,0.0006133,-0.0006133,0
968.01,453209605,FP,2.8094400,0.0006000,-0.0006000,0
969.01,280437559,CP,1.8237371,0.0000042,-0.0000042,0
970.01,174599051,PC,4.9857808,0.0000340,-0.0000340,0
971.01,177722855,FP,2.3960724,0.0000279,-0.0000279,0
972.01,125894957,FP,2.6742500,0.0007300,-0.0007300,0
973.01,409459226,FP,1.2799700,0.0004100,-0.0004100,0
974.01,333821572,FP,2.8259491,0.0000049,-0.0000049,0
975.01,133654092,FP,1.9735300,0.0006500,-0.0006500,0
976.01,347098457,FP,3.1510408,0.0007503,-0.0007503,0
977.01,268371979,FP,2.7810200,0.0010300,-0.0010300,0
978.01,73038411,PC,13.1660135,0.0000154,-0.0000154,0
979.01,5772442,FP,1.1057800,0.0002200,-0.0002200,0
980.01,93594834,FP,1.3387555,0.0005486,-0.0005486,0
981.01,127476180,FP,1.6038093,0.0000024,-0.0000024,0
982.01,177126182,FP,6.3037582,0.0000340,-0.0000340,0
983.01,148659924,FP,7.3816254,0.0000373,-0.0000373,0
984.01,33091633,FP,7.5211800,0.0009700,-0.0009700,0
985.01,425220920,FP,8.7690500,0.0010700,-0.0010700,0
986.01,320536216,FP,0.5476699,0.0000001,-0.0000001,0
987.01,52548453,FP,5.2146757,0.0000025,-0.0000025,0
988.01,113553629,FP,4.3043800,0.0024800,-0.0024800,0
989.01,207277638,APC,3.1211810,0.0000108,-0.0000108,0
990.01,88684250,PC,4.5873860,0.0000154,-0.0000154,0
991.01,7561203,PC,2.4843225,0.0000052,-0.0000052,0
992.01,108835813,FP,4.7651600,0.0034800,-0.0034800,0
993.01,259353953,PC,1.4635019,0.0000035,-0.0000035,0
994.01,93963408,FP,2.3967220,0.0006964,-0.0006964,0
995.01,317951248,FP,3.4438000,0.0006600,-0.0006600,0
996.01,142918609,FP,14.5378000,,,0
997.01,341729521,FP,8.4134856,0.0002645,-0.0002645,0
998.01,54390047,FP,0.9414360,0.0001581,-0.0001581,0
999.01,341186896,FP,1.5078959,0.0000015,-0.0000015,0
